task_id,endpoint,preference,candidate_id,source_lineage
c2_test0_plus,R8,A,C00,direct_zero
c2_test0_plus,R8,B,C01,direct_geometry
c2_test0_plus,R12,A,C00,direct_zero
c2_test0_plus,R12,B,C01,direct_geometry
c2_test0_plus,N8,A,C00,direct_zero
c2_test0_plus,N8,B,C02,direct_retrieval
c2_test0_plus,D8,A,C00,direct_zero
c2_test0_plus,D8,B,C07,descendant_diffusion
c2_test0_minus,R8,A,,no_plan
c2_test0_minus,R8,B,,no_plan
c2_test0_minus,R12,A,C11,descendant_zero
c2_test0_minus,R12,B,,no_plan
c2_test0_minus,N8,A,C01,direct_retrieval
c2_test0_minus,N8,B,,no_plan
c2_test0_minus,D8,A,C07,descendant_diffusion
c2_test0_minus,D8,B,,no_plan
c2_test1_plus,R8,A,C00,direct_zero
c2_test1_plus,R8,B,C01,direct_geometry
c2_test1_plus,R12,A,C00,direct_zero
c2_test1_plus,R12,B,C01,direct_geometry
c2_test1_plus,N8,A,C00,direct_zero
c2_test1_plus,N8,B,C01,direct_retrieval
c2_test1_plus,D8,A,C00,direct_zero
c2_test1_plus,D8,B,C05,descendant_diffusion
c2_test1_minus,R8,A,,no_plan
c2_test1_minus,R8,B,,no_plan
c2_test1_minus,R12,A,C11,descendant_zero
c2_test1_minus,R12,B,,no_plan
c2_test1_minus,N8,A,C01,direct_retrieval
c2_test1_minus,N8,B,,no_plan
c2_test1_minus,D8,A,C05,descendant_diffusion
c2_test1_minus,D8,B,,no_plan
