task_id,endpoint,preference,status,full_task,alias_of,I_support,L_full,d_support,base_translation_peak_m,base_rotation_peak_rad
c2_test0_minus,D8,A,TASK_COMPLETED,True,,0.11664801598168131,1.2488091988571868,0.02564326121753107,0.008592497448253189,0.061646675315250456
c2_test0_minus,D8,B,NO_PLAN,False,,,,,,
c2_test0_minus,N8,A,TASK_COMPLETED,True,R12_A,0.11306187690692782,1.2462525136407188,0.02564373938627925,0.008596006908505014,0.06165268962157036
c2_test0_minus,N8,B,NO_PLAN,False,,,,,,
c2_test0_minus,R12,A,TASK_COMPLETED,True,,0.11306187690692782,1.2462525136407188,0.02564373938627925,0.008596006908505014,0.06165268962157036
c2_test0_minus,R12,B,NO_PLAN,False,,,,,,
c2_test0_minus,R8,A,NO_PLAN,False,,,,,,
c2_test0_minus,R8,B,NO_PLAN,False,,,,,,
c2_test0_plus,D8,A,TASK_COMPLETED,True,R8_A,0.09618984175634475,1.1867350554320435,0.029936976772942582,0.008648447536940579,0.06212177875941844
c2_test0_plus,D8,B,TASK_COMPLETED,True,,0.09673629203845724,1.190545547948696,0.03572386784936247,0.008647972729565679,0.06211716252206455
c2_test0_plus,N8,A,TASK_COMPLETED,True,R8_A,0.09618984175634475,1.1867350554320435,0.029936976772942582,0.008648447536940579,0.06212177875941844
c2_test0_plus,N8,B,TASK_COMPLETED,True,,0.09660489078280166,1.1939934473550124,0.04194344821462701,0.008647618422953434,0.06211617369311127
c2_test0_plus,R12,A,TASK_COMPLETED,True,R8_A,0.09618984175634475,1.1867350554320435,0.029936976772942582,0.008648447536940579,0.06212177875941844
c2_test0_plus,R12,B,TASK_COMPLETED,True,R8_B,0.0965141783236339,1.1887246637395454,0.04173419200846227,0.008648009555928432,0.062120007809448465
c2_test0_plus,R8,A,TASK_COMPLETED,True,,0.09618984175634475,1.1867350554320435,0.029936976772942582,0.008648447536940579,0.06212177875941844
c2_test0_plus,R8,B,TASK_COMPLETED,True,,0.0965141783236339,1.1887246637395454,0.04173419200846227,0.008648009555928432,0.062120007809448465
c2_test1_minus,D8,A,TASK_COMPLETED,True,,0.11600734734235797,1.2127680625412216,0.02563441133092232,0.007987434838260393,0.0595706546536646
c2_test1_minus,D8,B,NO_PLAN,False,,,,,,
c2_test1_minus,N8,A,TASK_COMPLETED,True,R12_A,0.1152421269268129,1.2131142864027784,0.025659110944303905,0.007938009940874579,0.059177019431649214
c2_test1_minus,N8,B,NO_PLAN,False,,,,,,
c2_test1_minus,R12,A,TASK_COMPLETED,True,,0.1152421269268129,1.2131142864027784,0.025659110944303905,0.007938009940874579,0.059177019431649214
c2_test1_minus,R12,B,NO_PLAN,False,,,,,,
c2_test1_minus,R8,A,NO_PLAN,False,,,,,,
c2_test1_minus,R8,B,NO_PLAN,False,,,,,,
c2_test1_plus,D8,A,TASK_COMPLETED,True,R8_A,0.10303605121167843,1.1521949823266193,0.029055839657470536,0.008010237129125873,0.05979743246372311
c2_test1_plus,D8,B,TASK_COMPLETED,True,,0.1031574814076167,1.1533718080669735,0.03463460491985918,0.008010480370698816,0.05979538213500751
c2_test1_plus,N8,A,TASK_COMPLETED,True,R8_A,0.10303605121167843,1.1521949823266193,0.029055839657470536,0.008010237129125873,0.05979743246372311
c2_test1_plus,N8,B,TASK_COMPLETED,True,,0.10529048371033793,1.154537074937492,0.040841370562522857,0.008008336125501869,0.059784110276644355
c2_test1_plus,R12,A,TASK_COMPLETED,True,R8_A,0.10303605121167843,1.1521949823266193,0.029055839657470536,0.008010237129125873,0.05979743246372311
c2_test1_plus,R12,B,TASK_COMPLETED,True,R8_B,0.10390200872976114,1.1541870543951425,0.040845756421237646,0.0080103802015619,0.059798086999773764
c2_test1_plus,R8,A,TASK_COMPLETED,True,,0.10303605121167843,1.1521949823266193,0.029055839657470536,0.008010237129125873,0.05979743246372311
c2_test1_plus,R8,B,TASK_COMPLETED,True,,0.10390200872976114,1.1541870543951425,0.040845756421237646,0.0080103802015619,0.059798086999773764
