slot_id,task_id,mode,reference_version,distance_m,side,amplitude_m,source_role,old_source_slot,status,quality_stage_status,full_task_and_original_safety_passed,eligible,actual_source_steps,I_route_rad_s,I_full_rad_s,continuum_path_length_m,continuum_route_window_path_length_m,route_clearance_m,full_clearance_m,route_minimum_time_s,base_translation_peak_m,base_rotation_peak_rad
EA_00,b3_mother_00_c_plus,z0,task_anchored_cartesian_residual_v1,0.043,1,0.0,REUSE_ORIGINAL_EVIDENCE,PILOT_00,TASK_COMPLETED,QUALITY_METRICS_AVAILABLE,True,True,13500,0.10860163231078468,0.09460137190674829,1.1102763433179839,0.1993218454505273,0.025884292882607234,0.025884292882607234,10.078,0.007251148723795467,0.05381732201134849
EA_01,b3_mother_00_c_plus,v1_plus12,task_anchored_cartesian_residual_v1,0.043,1,0.012,REUSE_ORIGINAL_EVIDENCE,PILOT_01,TASK_COMPLETED,QUALITY_METRICS_AVAILABLE,True,True,13500,0.11196314201535783,0.09514228383243532,1.1177147967767762,0.20676041104796483,0.025777815320296507,0.025777815320296507,10.108,0.007251948408404101,0.05382482400973125
EA_02,b3_mother_00_c_plus,v1_minus12,task_anchored_cartesian_residual_v1,0.043,1,-0.012,REUSE_ORIGINAL_EVIDENCE,PILOT_02,TASK_COMPLETED,QUALITY_METRICS_AVAILABLE,True,True,13500,0.1055704751670103,0.09407614046917046,1.105529998169196,0.19457518270398994,0.02586127943175947,0.02586127943175947,10.638,0.007251605456628172,0.05382100915676081
EA_03,b3_mother_00_c_plus,v2_plus12,task_anchored_cartesian_residual_v2,0.043,1,0.012,NEW_FIXED_ACTUAL_SLOT,,TASK_COMPLETED,QUALITY_METRICS_AVAILABLE,True,True,13500,0.11254334323430486,0.09508148157643673,1.1296258903665306,0.21866744237638616,0.025770779449011676,0.025770779449011676,9.972,0.007251540863963595,0.053823597588244745
EA_04,b3_mother_00_c_plus,v2_minus12,task_anchored_cartesian_residual_v2,0.043,1,-0.012,NEW_FIXED_ACTUAL_SLOT,,TASK_COMPLETED,QUALITY_METRICS_AVAILABLE,True,True,13500,0.1057941902867781,0.09404824236534348,1.1091575171919443,0.19819904035490457,0.0258714508261335,0.0258714508261335,10.63,0.007251391062806245,0.05381834619138104
EA_05,b3_mother_00_c_plus,v2_plus20,task_anchored_cartesian_residual_v2,0.043,1,0.02,NEW_FIXED_ACTUAL_SLOT,,TASK_COMPLETED,QUALITY_METRICS_AVAILABLE,True,True,13500,0.12525497873884256,0.09911374150511452,1.1485529396791165,0.23758938159099344,0.025721479148049793,0.025721479148049793,9.974,0.007261929246168463,0.0538672340664675
EA_06,b3_mother_00_c_plus,v2_minus20,task_anchored_cartesian_residual_v2,0.043,1,-0.02,NEW_FIXED_ACTUAL_SLOT,,TASK_COMPLETED,QUALITY_METRICS_AVAILABLE,True,True,13500,0.10656230612260097,0.09400401390511655,1.1162524345421414,0.20528846293364678,0.02591835260187969,0.02591835260187969,10.378,0.007251695196853883,0.053819970322049666
EA_07,b3_mother_00_c_minus,z0,task_anchored_cartesian_residual_v1,0.043,-1,0.0,REUSE_ORIGINAL_EVIDENCE,PILOT_03,TASK_COMPLETED,QUALITY_METRICS_AVAILABLE,True,True,13500,0.11206975487291264,0.09510896574166713,1.1102911148904617,0.19933666190524124,0.025877743096047352,0.025877743096047352,10.048,0.007252060548294853,0.05382790221351785
EA_08,b3_mother_00_c_minus,v1_plus12,task_anchored_cartesian_residual_v1,0.043,-1,0.012,REUSE_ORIGINAL_EVIDENCE,PILOT_04,TASK_COMPLETED,QUALITY_METRICS_AVAILABLE,True,True,13500,0.1077965504580734,0.09441994548253373,1.1055413513407002,0.19458688522112721,0.02590019716891505,0.02590019716891505,10.68,0.007252382928166815,0.05383099521068707
EA_09,b3_mother_00_c_minus,v1_minus12,task_anchored_cartesian_residual_v1,0.043,-1,-0.012,REUSE_ORIGINAL_EVIDENCE,PILOT_05,TASK_COMPLETED,QUALITY_METRICS_AVAILABLE,True,True,13500,0.11433806112317475,0.09541743713007009,1.1177397385971588,0.20678496647690858,0.025766457256907287,0.025766457256907287,10.068,0.007252218294482403,0.05383009764154679
EA_10,b3_mother_00_c_minus,v2_plus12,task_anchored_cartesian_residual_v2,0.043,-1,0.012,NEW_FIXED_ACTUAL_SLOT,,TASK_COMPLETED,QUALITY_METRICS_AVAILABLE,True,True,13500,0.10678320331636298,0.09422710032606399,1.1091579419125506,0.19820022184950947,0.025877693281321917,0.025877693281321917,10.616,0.007252575322915255,0.053834574665212284
EA_11,b3_mother_00_c_minus,v2_minus12,task_anchored_cartesian_residual_v2,0.043,-1,-0.012,NEW_FIXED_ACTUAL_SLOT,,TASK_COMPLETED,QUALITY_METRICS_AVAILABLE,True,True,13500,0.11518553780621123,0.0954828433920942,1.1296579259488964,0.2187002393799621,0.02577351533731914,0.02577351533731914,10.084,0.007251909673267859,0.05382799621588159
EA_12,b3_mother_00_c_minus,v2_plus20,task_anchored_cartesian_residual_v2,0.043,-1,0.02,NEW_FIXED_ACTUAL_SLOT,,TASK_COMPLETED,QUALITY_METRICS_AVAILABLE,True,True,13500,0.10318376993273673,0.09343527555081396,1.116260868859479,0.2052968532759242,0.025926932109328553,0.025926932109328553,10.432,0.007252689414064086,0.05383655779685468
EA_13,b3_mother_00_c_minus,v2_minus20,task_anchored_cartesian_residual_v2,0.043,-1,-0.02,NEW_FIXED_ACTUAL_SLOT,,TASK_COMPLETED,QUALITY_METRICS_AVAILABLE,True,True,13500,0.11982296933760064,0.09692681949319785,1.148590202053366,0.2376269830889933,0.025731547630964656,0.025731547630964656,9.916,0.0072600660665903234,0.053888477713037494
EA_14,b31_mother_00_d055_c_plus,z0,task_anchored_cartesian_residual_v1,0.055,1,0.0,NEW_FIXED_ACTUAL_SLOT,,TASK_COMPLETED,QUALITY_METRICS_AVAILABLE,True,True,13500,0.10528926410279534,0.09410134142233925,1.1018008652093347,0.19084632185079675,0.02587243068011695,0.02587243068011695,10.63,0.007252002133804182,0.053825160630166624
EA_15,b31_mother_00_d055_c_plus,v1_plus12,task_anchored_cartesian_residual_v1,0.055,1,0.012,NEW_FIXED_ACTUAL_SLOT,,TASK_COMPLETED,QUALITY_METRICS_AVAILABLE,True,True,13500,0.10869285276238114,0.09459741438983071,1.1083140915625767,0.1973593928727389,0.02589829629110628,0.02589829629110628,10.76,0.007251585949595704,0.05382238440528735
EA_16,b31_mother_00_d055_c_plus,v1_minus12,task_anchored_cartesian_residual_v1,0.055,1,-0.012,NEW_FIXED_ACTUAL_SLOT,,TASK_COMPLETED,QUALITY_METRICS_AVAILABLE,True,True,13500,0.1053687726948893,0.09408401411289337,1.0999616421159857,0.18900671299404748,0.026319934956796777,0.026319934956796777,10.254,0.007252445795481182,0.0538274453825484
EA_17,b31_mother_00_d055_c_plus,v2_plus12,task_anchored_cartesian_residual_v2,0.055,1,0.012,NEW_FIXED_ACTUAL_SLOT,,TASK_COMPLETED,QUALITY_METRICS_AVAILABLE,True,True,13500,0.10871206100896033,0.09455942786177998,1.1176380769771557,0.20667961134110777,0.02588391805820206,0.02588391805820206,10.078,0.007251534191821633,0.053823216319698206
EA_18,b31_mother_00_d055_c_plus,v2_minus12,task_anchored_cartesian_residual_v2,0.055,1,-0.012,NEW_FIXED_ACTUAL_SLOT,,TASK_COMPLETED,QUALITY_METRICS_AVAILABLE,True,True,13500,0.10569969137673711,0.0940723467935846,1.1053661989530896,0.1944076902491242,0.026347916859589524,0.026347916859589524,10.254,0.007252204178752082,0.05382420047794438
EA_19,b31_mother_00_d055_c_plus,v2_plus20,task_anchored_cartesian_residual_v2,0.055,1,0.02,NEW_FIXED_ACTUAL_SLOT,,TASK_COMPLETED,QUALITY_METRICS_AVAILABLE,True,True,13500,0.11147470345603945,0.09477406899475607,1.135599826150867,0.2246353716938962,0.025803021929468692,0.025803021929468692,10.052,0.007250901081713121,0.053819556088346016
EA_20,b31_mother_00_d055_c_plus,v2_minus20,task_anchored_cartesian_residual_v2,0.055,1,-0.02,NEW_FIXED_ACTUAL_SLOT,,TASK_COMPLETED,QUALITY_METRICS_AVAILABLE,True,True,13500,0.10666873861219696,0.0939907746817366,1.1156690601413133,0.20470510783931478,0.03422703952781038,0.03422703952781038,10.244,0.007251928404181115,0.053821286257685064
EA_21,b31_mother_00_d055_c_minus,z0,task_anchored_cartesian_residual_v1,0.055,-1,0.0,NEW_FIXED_ACTUAL_SLOT,,TASK_COMPLETED,QUALITY_METRICS_AVAILABLE,True,True,13500,0.10726016420032582,0.09439921844931931,1.101797522208133,0.1908430228382415,0.025879438579919145,0.025879438579919145,10.616,0.007252426039562459,0.0538295930241617
EA_22,b31_mother_00_d055_c_minus,v1_plus12,task_anchored_cartesian_residual_v1,0.055,-1,0.012,NEW_FIXED_ACTUAL_SLOT,,TASK_COMPLETED,QUALITY_METRICS_AVAILABLE,True,True,13500,0.10390287236664804,0.09388480130449961,1.0999620973659001,0.1890073853854939,0.026310609436039863,0.026310609436039863,10.242,0.0072525042820292315,0.053830602074715836
EA_23,b31_mother_00_d055_c_minus,v1_minus12,task_anchored_cartesian_residual_v1,0.055,-1,-0.012,NEW_FIXED_ACTUAL_SLOT,,TASK_COMPLETED,QUALITY_METRICS_AVAILABLE,True,True,13500,0.11216707670289759,0.09515328414503366,1.1083146594399864,0.19736001266088649,0.025900854873474814,0.025900854873474814,10.13,0.007251729133814249,0.05382408459200388
EA_24,b31_mother_00_d055_c_minus,v2_plus12,task_anchored_cartesian_residual_v2,0.055,-1,0.012,NEW_FIXED_ACTUAL_SLOT,,TASK_COMPLETED,QUALITY_METRICS_AVAILABLE,True,True,13500,0.10343071332912585,0.09378757755633328,1.1053674229965935,0.19440951068041187,0.026366617126383052,0.026366617126383052,10.248,0.007252713421660274,0.05383446687600341
EA_25,b31_mother_00_d055_c_minus,v2_minus12,task_anchored_cartesian_residual_v2,0.055,-1,-0.012,NEW_FIXED_ACTUAL_SLOT,,TASK_COMPLETED,QUALITY_METRICS_AVAILABLE,True,True,13500,0.11186917233285293,0.09508853595073875,1.1176527799852782,0.20669508200994052,0.02587744949884506,0.02587744949884506,10.048,0.007251513109398794,0.053821370805997804
EA_26,b31_mother_00_d055_c_minus,v2_plus20,task_anchored_cartesian_residual_v2,0.055,-1,0.02,NEW_FIXED_ACTUAL_SLOT,,TASK_COMPLETED,QUALITY_METRICS_AVAILABLE,True,True,13500,0.10333562292873825,0.09349944763113642,1.115674877913786,0.20471061204607177,0.03420318667075664,0.03420318667075664,10.234,0.007252502870449517,0.05383526225358413
EA_27,b31_mother_00_d055_c_minus,v2_minus20,task_anchored_cartesian_residual_v2,0.055,-1,-0.02,NEW_FIXED_ACTUAL_SLOT,,TASK_COMPLETED,QUALITY_METRICS_AVAILABLE,True,True,13500,0.11396996266521878,0.0951463492010674,1.1356659239067253,0.22470248734026654,0.025795366280814407,0.025795366280814407,10.012,0.007251663758333666,0.05382425196624531
