task_id,stage,id,slots,main_physics_steps,private_preview_physics_steps,preview_calls,independent_saved_torque_replay_steps,native_geometry_query_calls,qp_solve_calls,elapsed_wall_s,unique_run,alias_of
c1_mother_00_plus,prediction,C00,1,13500,13500,1350,0,16613557,1350,78.61775760026649,,
c1_mother_00_plus,prediction,C01,1,13500,13500,1350,0,16613326,1350,79.2988753002137,,
c1_mother_00_plus,prediction,C02,1,13500,13500,1350,0,16613232,1350,79.86548179993406,,
c1_mother_00_plus,prediction,C03,1,13500,13500,1350,0,16613236,1350,83.98277259990573,,
c1_mother_00_plus,prediction,C04,1,13500,13500,1350,0,16613315,1350,82.5358246001415,,
c1_mother_00_plus,prediction,C05,1,13500,13500,1350,0,16613383,1350,83.06629579979926,,
c1_mother_00_plus,prediction,C06,1,13500,13500,1350,0,16613346,1350,82.307198099792,,
c1_mother_00_plus,prediction,C07,1,13500,13500,1350,0,16613292,1350,82.24175389995798,,
c1_mother_00_plus,prediction,C08,1,13500,13500,1350,0,16613380,1350,81.2434338000603,,
c1_mother_00_plus,prediction,C09,1,13500,13500,1350,0,16613236,1350,80.94272910011932,,
c1_mother_00_plus,prediction,C10,1,13500,13500,1350,0,16613238,1350,80.38421569997445,,
c1_mother_00_plus,prediction,C11,1,13500,13500,1350,0,16613301,1350,80.70257139997557,,
c1_mother_00_minus,prediction,C00,1,13500,13500,1350,0,16614560,1350,79.69493550015613,,
c1_mother_00_minus,prediction,C01,1,13500,13500,1350,0,16614372,1350,80.68204000033438,,
c1_mother_00_minus,prediction,C02,1,13500,13500,1350,0,16614291,1350,81.26352620031685,,
c1_mother_00_minus,prediction,C03,1,13500,13500,1350,0,16614696,1350,79.96755480021238,,
c1_mother_00_minus,prediction,C04,1,13500,13500,1350,0,16614184,1350,80.83672810019925,,
c1_mother_00_minus,prediction,C05,1,13500,13500,1350,0,16614798,1350,80.55541959963739,,
c1_mother_00_minus,prediction,C06,1,13500,13500,1350,0,16614145,1350,80.5740960999392,,
c1_mother_00_minus,prediction,C07,1,13500,13500,1350,0,16614883,1350,80.417349900119,,
c1_mother_00_minus,prediction,C08,1,13500,13500,1350,0,16614616,1350,79.61728650005534,,
c1_mother_00_minus,prediction,C09,1,13500,13500,1350,0,16614484,1350,79.98385949991643,,
c1_mother_00_minus,prediction,C10,1,13500,13500,1350,0,16614627,1350,80.13307400001213,,
c1_mother_00_minus,prediction,C11,1,13500,13500,1350,0,16614412,1350,80.12332700006664,,
c1_mother_01_plus,prediction,C00,1,13500,13500,1350,0,16609357,1350,82.60850120009854,,
c1_mother_01_plus,prediction,C01,1,13500,13500,1350,0,16609235,1350,82.2785140001215,,
c1_mother_01_plus,prediction,C02,1,13500,13500,1350,0,16609187,1350,82.50193630019203,,
c1_mother_01_plus,prediction,C03,1,13500,13500,1350,0,16609139,1350,82.76836369978264,,
c1_mother_01_plus,prediction,C04,1,13500,13500,1350,0,16609308,1350,81.69420609995723,,
c1_mother_01_plus,prediction,C05,1,13500,13500,1350,0,16609256,1350,81.47770590009168,,
c1_mother_01_plus,prediction,C06,1,13500,13500,1350,0,16609361,1350,80.98305300017819,,
c1_mother_01_plus,prediction,C07,1,13500,13500,1350,0,16609234,1350,80.96007879963145,,
c1_mother_01_plus,prediction,C08,1,13500,13500,1350,0,16609409,1350,81.15091260010377,,
c1_mother_01_plus,prediction,C09,1,13500,13500,1350,0,16609136,1350,81.0396193000488,,
c1_mother_01_plus,prediction,C10,1,13500,13500,1350,0,16609371,1350,81.00106319971383,,
c1_mother_01_plus,prediction,C11,1,13500,13500,1350,0,16609236,1350,80.79202920012176,,
c1_mother_01_minus,prediction,C00,1,5540,5550,555,0,422978,555,30.19447509991005,,
c1_mother_01_minus,prediction,C01,1,5420,5430,543,0,410004,543,27.860011300072074,,
c1_mother_01_minus,prediction,C02,1,5400,5410,541,0,407833,541,28.618778800126165,,
c1_mother_01_minus,prediction,C03,1,5400,5410,541,0,407828,541,28.0736266002059,,
c1_mother_01_minus,prediction,C04,1,5540,5550,555,0,422942,555,28.19998660031706,,
c1_mother_01_minus,prediction,C05,1,5730,5740,574,0,443390,574,29.200214500073344,,
c1_mother_01_minus,prediction,C06,1,5540,5550,555,0,422948,555,28.528685399796814,,
c1_mother_01_minus,prediction,C07,1,5730,5740,574,0,443421,574,28.87751749996096,,
c1_mother_01_minus,prediction,C08,1,5450,5460,546,0,413257,546,28.603582200128585,,
c1_mother_01_minus,prediction,C09,1,5770,5780,578,0,447815,578,29.22934320010245,,
c1_mother_01_minus,prediction,C10,1,5520,5530,553,0,420829,553,28.12262969976291,,
c1_mother_01_minus,prediction,C11,1,13500,13500,1350,0,16614278,1350,83.0356391002424,,
c1_mother_00_plus,actual,Z0,1,13500,13500,1350,13500,33730846,1350,141.089684500359,True,
c1_mother_00_plus,actual,G0,1,13500,13500,1350,13500,33730380,1350,144.62590629979968,True,
c1_mother_00_plus,actual,OI,1,0,0,0,0,0,0,0,False,Z0
c1_mother_00_plus,actual,OC,1,13500,13500,1350,13500,33730486,1350,143.94186459993944,True,
c1_mother_00_minus,actual,Z0,1,13500,13500,1350,13500,33732156,1350,141.30680300015956,True,
c1_mother_00_minus,actual,G0,1,13500,13500,1350,13500,33731772,1350,143.62488579982892,True,
c1_mother_00_minus,actual,OI,1,0,0,0,0,0,0,0,False,G0
c1_mother_00_minus,actual,OC,1,13500,13500,1350,13500,33731933,1350,143.85195379983634,True,
c1_mother_01_plus,actual,Z0,1,13500,13500,1350,13500,33725550,1350,142.2752733998932,True,
c1_mother_01_plus,actual,G0,1,13500,13500,1350,13500,33725296,1350,144.1250348999165,True,
c1_mother_01_plus,actual,OI,1,0,0,0,0,0,0,0,False,Z0
c1_mother_01_plus,actual,OC,1,13500,13500,1350,13500,33725349,1350,143.9800368002616,True,
c1_mother_01_minus,actual,Z0,1,5540,5550,555,5540,7451874,555,58.12807140033692,True,
c1_mother_01_minus,actual,G0,1,5400,5410,541,5400,7259131,541,58.091264199931175,True,
c1_mother_01_minus,actual,OI,1,13500,13500,1350,13500,33733030,1350,144.5034409998916,True,
c1_mother_01_minus,actual,OC,1,0,0,0,0,0,0,0,False,
