endpoint,preference,denominator_tasks,logical_slots_present,missing_slots,full_27s_five_gates,actual_B30,NO_PLAN,raw_rejected_shared_stream,actual_pre_rejected,actual_failed,tool_error,unique_actual_attempts,unique_positive_step_actual,actual_aliases,near_R12_count,R12_qualified_reference_count,near_R12_NA,near_R12_method_quality_NA,direct_learning_seed,learning_seed_descendant,rule_seed_or_descendant
R8,A,4,4,0,4,,0,0,0,0,0,4,4,0,3,4,0,0,0,0,4
R8,B,4,4,0,4,4,0,0,0,0,0,4,4,0,2,4,0,0,0,0,4
R12,A,4,4,0,4,,0,0,0,0,0,3,3,1,4,4,0,0,0,0,4
R12,B,4,4,0,4,4,0,0,0,0,0,4,4,0,4,4,0,0,0,0,4
N8,A,4,4,0,4,,0,0,0,0,0,3,3,1,3,4,0,0,0,2,2
N8,B,4,4,0,3,3,1,0,0,0,0,3,3,0,1,4,0,0,2,0,1
S8,A,4,4,0,4,,0,5,0,0,0,3,3,1,3,4,0,0,1,1,2
S8,B,4,4,0,2,2,2,5,0,0,0,1,1,1,1,4,0,0,1,0,1
D8,A,4,4,0,4,,0,1,0,0,0,2,2,2,2,4,0,0,1,0,3
D8,B,4,4,0,1,1,3,1,0,0,0,1,1,0,1,4,0,0,1,0,0
