index,name,literal,valid_rows,always_missing,constant_normalized,normalized_min,normalized_max,raw_finite,group
0,initial_planner_q.0:rad,False,17,False,True,0.0,0.0,True,initial_planner_q
1,initial_planner_q.1:rad,False,17,False,True,0.0,0.0,True,initial_planner_q
2,initial_planner_q.2:rad,False,17,False,True,0.0,0.0,True,initial_planner_q
3,initial_planner_q.3:rad,False,17,False,True,0.0,0.0,True,initial_planner_q
4,initial_planner_q.4:rad,False,17,False,True,0.0,0.0,True,initial_planner_q
5,initial_planner_q.5:rad,False,17,False,True,0.0,0.0,True,initial_planner_q
6,initial_planner_q.6:rad,False,17,False,True,0.0,0.0,True,initial_planner_q
7,initial_planner_q.7:rad,False,17,False,True,0.0,0.0,True,initial_planner_q
8,initial_planner_q.8:rad,False,17,False,True,0.0,0.0,True,initial_planner_q
9,initial_planner_q.9:rad,False,17,False,True,0.0,0.0,True,initial_planner_q
10,initial_planner_q.10:rad,False,17,False,True,0.0,0.0,True,initial_planner_q
11,initial_planner_q.11:rad,False,17,False,True,-2.220446049250313e-14,-2.220446049250313e-14,True,initial_planner_q
12,initial_planner_q.12:rad,False,17,False,True,0.0,0.0,True,initial_planner_q
13,initial_planner_q.13:rad,False,17,False,True,-4.440892098500626e-14,-4.440892098500626e-14,True,initial_planner_q
14,initial_planner_q.14:rad,False,17,False,True,0.0,0.0,True,initial_planner_q
15,initial_planner_q.15:rad,False,17,False,True,-2.220446049250313e-14,-2.220446049250313e-14,True,initial_planner_q
16,initial_planner_q.16:rad,False,17,False,True,0.0,0.0,True,initial_planner_q
17,initial_planner_dq.0:rad/s,False,17,False,True,0.0,0.0,True,initial_planner_dq
18,initial_planner_dq.1:rad/s,False,17,False,True,0.0,0.0,True,initial_planner_dq
19,initial_planner_dq.2:rad/s,False,17,False,True,0.0,0.0,True,initial_planner_dq
20,initial_planner_dq.3:rad/s,False,17,False,True,0.0,0.0,True,initial_planner_dq
21,initial_planner_dq.4:rad/s,False,17,False,True,0.0,0.0,True,initial_planner_dq
22,initial_planner_dq.5:rad/s,False,17,False,True,0.0,0.0,True,initial_planner_dq
23,initial_planner_dq.6:rad/s,False,17,False,True,0.0,0.0,True,initial_planner_dq
24,initial_planner_dq.7:rad/s,False,17,False,True,0.0,0.0,True,initial_planner_dq
25,initial_planner_dq.8:rad/s,False,17,False,True,0.0,0.0,True,initial_planner_dq
26,initial_planner_dq.9:rad/s,False,17,False,True,0.0,0.0,True,initial_planner_dq
27,initial_planner_dq.10:rad/s,False,17,False,True,0.0,0.0,True,initial_planner_dq
28,initial_planner_dq.11:rad/s,False,17,False,True,0.0,0.0,True,initial_planner_dq
29,initial_planner_dq.12:rad/s,False,17,False,True,0.0,0.0,True,initial_planner_dq
30,initial_planner_dq.13:rad/s,False,17,False,True,0.0,0.0,True,initial_planner_dq
31,initial_planner_dq.14:rad/s,False,17,False,True,0.0,0.0,True,initial_planner_dq
32,initial_planner_dq.15:rad/s,False,17,False,True,0.0,0.0,True,initial_planner_dq
33,initial_planner_dq.16:rad/s,False,17,False,True,0.0,0.0,True,initial_planner_dq
34,base_pose.position.0:m,False,17,False,True,0.0,0.0,True,base_pose
35,base_pose.position.1:m,False,17,False,True,0.0,0.0,True,base_pose
36,base_pose.position.2:m,False,17,False,True,0.0,0.0,True,base_pose
37,base_pose.wxyz.0:dimensionless,False,17,False,True,0.0,0.0,True,base_pose
38,base_pose.wxyz.1:dimensionless,False,17,False,True,0.0,0.0,True,base_pose
39,base_pose.wxyz.2:dimensionless,False,17,False,True,0.0,0.0,True,base_pose
40,base_pose.wxyz.3:dimensionless,False,17,False,True,0.0,0.0,True,base_pose
41,target_pose.position.0:m,False,17,False,False,-0.7802513837814331,0.3746267855167389,True,target_pose
42,target_pose.position.1:m,False,17,False,False,-0.08564913272857666,0.08657819777727127,True,target_pose
43,target_pose.position.2:m,False,17,False,False,-0.7831578850746155,0.7246027588844299,True,target_pose
44,target_pose.wxyz.0:dimensionless,False,17,False,True,0.0,0.0,True,target_pose
45,target_pose.wxyz.1:dimensionless,False,17,False,True,0.0,0.0,True,target_pose
46,target_pose.wxyz.2:dimensionless,False,17,False,True,0.0,0.0,True,target_pose
47,target_pose.wxyz.3:dimensionless,False,17,False,True,0.0,0.0,True,target_pose
48,base_twist.linear.0:m/s,False,17,False,True,0.0,0.0,True,base_twist
49,base_twist.linear.1:m/s,False,17,False,True,0.0,0.0,True,base_twist
50,base_twist.linear.2:m/s,False,17,False,True,0.0,0.0,True,base_twist
51,base_twist.angular.0:rad/s,False,17,False,True,0.0,0.0,True,base_twist
52,base_twist.angular.1:rad/s,False,17,False,True,0.0,0.0,True,base_twist
53,base_twist.angular.2:rad/s,False,17,False,True,0.0,0.0,True,base_twist
54,target_twist.linear.0:m/s,False,17,False,False,-0.039342619478702545,0.08795461803674698,True,target_twist
55,target_twist.linear.1:m/s,False,17,False,False,-0.028841810300946236,0.044273681938648224,True,target_twist
56,target_twist.linear.2:m/s,False,17,False,False,-0.05950530990958214,0.06650858372449875,True,target_twist
57,target_twist.angular.0:rad/s,False,17,False,False,-0.05395302549004555,0.09454023092985153,True,target_twist
58,target_twist.angular.1:rad/s,False,17,False,False,-0.07214898616075516,0.08806460350751877,True,target_twist
59,target_twist.angular.2:rad/s,False,17,False,False,-0.14355896413326263,0.06421783566474915,True,target_twist
60,grasp_point_target_frame.0:m,False,17,False,True,0.0,0.0,True,grasp_point_target_frame
61,grasp_point_target_frame.1:m,False,17,False,True,5.551115123125783e-15,5.551115123125783e-15,True,grasp_point_target_frame
62,grasp_point_target_frame.2:m,False,17,False,True,0.0,0.0,True,grasp_point_target_frame
63,grasp_rotation_target_frame.0:dimensionless,False,17,False,True,0.0,0.0,True,grasp_rotation_target_frame
64,grasp_rotation_target_frame.1:dimensionless,False,17,False,True,1.6940658945086007e-19,1.6940658945086007e-19,True,grasp_rotation_target_frame
65,grasp_rotation_target_frame.2:dimensionless,False,17,False,True,0.0,0.0,True,grasp_rotation_target_frame
66,grasp_rotation_target_frame.3:dimensionless,False,17,False,True,0.0,0.0,True,grasp_rotation_target_frame
67,grasp_rotation_target_frame.4:dimensionless,False,17,False,True,0.0,0.0,True,grasp_rotation_target_frame
68,grasp_rotation_target_frame.5:dimensionless,False,17,False,True,2.220446049250313e-14,2.220446049250313e-14,True,grasp_rotation_target_frame
69,grasp_rotation_target_frame.6:dimensionless,False,17,False,True,0.0,0.0,True,grasp_rotation_target_frame
70,grasp_rotation_target_frame.7:dimensionless,False,17,False,True,-1.1102230246251565e-14,-1.1102230246251565e-14,True,grasp_rotation_target_frame
71,grasp_rotation_target_frame.8:dimensionless,False,17,False,True,0.0,0.0,True,grasp_rotation_target_frame
72,continuum_target_rotation_world.0:dimensionless,False,17,False,True,0.0,0.0,True,continuum_target_rotation_world
73,continuum_target_rotation_world.1:dimensionless,False,17,False,True,-0.0,-0.0,True,continuum_target_rotation_world
74,continuum_target_rotation_world.2:dimensionless,False,17,False,True,0.0,0.0,True,continuum_target_rotation_world
75,continuum_target_rotation_world.3:dimensionless,False,17,False,True,0.0,0.0,True,continuum_target_rotation_world
76,continuum_target_rotation_world.4:dimensionless,False,17,False,True,0.0,0.0,True,continuum_target_rotation_world
77,continuum_target_rotation_world.5:dimensionless,False,17,False,True,-1.1102230246251565e-14,-1.1102230246251565e-14,True,continuum_target_rotation_world
78,continuum_target_rotation_world.6:dimensionless,False,17,False,True,-0.0,-0.0,True,continuum_target_rotation_world
79,continuum_target_rotation_world.7:dimensionless,False,17,False,True,1.1102230246251565e-14,1.1102230246251565e-14,True,continuum_target_rotation_world
80,continuum_target_rotation_world.8:dimensionless,False,17,False,True,0.0,0.0,True,continuum_target_rotation_world
81,base_path.initial_position.0:m,False,17,False,True,6.661338147750939e-14,6.661338147750939e-14,True,base_path
82,base_path.initial_position.1:m,False,17,False,True,2.220446049250313e-14,2.220446049250313e-14,True,base_path
83,base_path.initial_position.2:m,False,17,False,True,8.271806125530277e-23,8.271806125530277e-23,True,base_path
84,base_path.target_rotation_world.0:dimensionless,False,17,False,True,0.0,0.0,True,base_path
85,base_path.target_rotation_world.1:dimensionless,False,17,False,True,-0.0,-0.0,True,base_path
86,base_path.target_rotation_world.2:dimensionless,False,17,False,True,0.0,0.0,True,base_path
87,base_path.target_rotation_world.3:dimensionless,False,17,False,True,0.0,0.0,True,base_path
88,base_path.target_rotation_world.4:dimensionless,False,17,False,True,0.0,0.0,True,base_path
89,base_path.target_rotation_world.5:dimensionless,False,17,False,True,-1.1102230246251565e-14,-1.1102230246251565e-14,True,base_path
90,base_path.target_rotation_world.6:dimensionless,False,17,False,True,-0.0,-0.0,True,base_path
91,base_path.target_rotation_world.7:dimensionless,False,17,False,True,1.1102230246251565e-14,1.1102230246251565e-14,True,base_path
92,base_path.target_rotation_world.8:dimensionless,False,17,False,True,0.0,0.0,True,base_path
93,base_path.transition_and_duration.0:s,False,17,False,True,0.0,0.0,True,base_path
94,base_path.transition_and_duration.1:s,False,17,False,True,0.0,0.0,True,base_path
95,base_path.0.present.0:dimensionless,True,17,False,True,1.0,1.0,True,base_path
96,base_path.0.position.0:m,False,17,False,False,-1.5388827323913574,0.75706547498703,True,base_path
97,base_path.0.position.1:m,False,17,False,False,-1.5481618642807007,0.696449875831604,True,base_path
98,base_path.0.position.2:m,False,17,False,False,-6.533360874527716e-08,3.136901938205483e-08,True,base_path
99,base_path.0.segment_present.0:dimensionless,True,17,False,True,1.0,1.0,True,base_path
100,base_path.0.segment_duration.0:s,False,17,False,False,-0.23707720637321472,0.204149529337883,True,base_path
101,base_path.1.present.0:dimensionless,True,17,False,True,1.0,1.0,True,base_path
102,base_path.1.position.0:m,False,17,False,False,-0.10099432617425919,0.05237872153520584,True,base_path
103,base_path.1.position.1:m,False,17,False,False,-0.1458977609872818,0.11877993494272232,True,base_path
104,base_path.1.position.2:m,False,17,False,False,-0.3254028260707855,0.32893258333206177,True,base_path
105,base_path.1.segment_present.0:dimensionless,True,17,False,True,1.0,1.0,True,base_path
106,base_path.1.segment_duration.0:s,False,17,False,False,-0.17518430948257446,0.16809815168380737,True,base_path
107,base_path.2.present.0:dimensionless,True,17,False,True,1.0,1.0,True,base_path
108,base_path.2.position.0:m,False,17,False,False,-1.0754083395004272,1.1721668243408203,True,base_path
109,base_path.2.position.1:m,False,17,False,False,-1.1214745044708252,1.1249098777770996,True,base_path
110,base_path.2.position.2:m,False,17,False,False,-1.2196367979049683,1.1284470558166504,True,base_path
111,base_path.2.segment_present.0:dimensionless,True,17,False,True,1.0,1.0,True,base_path
112,base_path.2.segment_duration.0:s,False,17,False,False,-0.28618869185447693,0.23895089328289032,True,base_path
113,base_path.3.present.0:dimensionless,True,17,False,True,1.0,1.0,True,base_path
114,base_path.3.position.0:m,False,17,False,False,-1.2000007629394531,1.390692114830017,True,base_path
115,base_path.3.position.1:m,False,17,False,False,-0.9884490966796875,0.49924781918525696,True,base_path
116,base_path.3.position.2:m,False,17,False,False,-0.023987557739019394,0.0107297757640481,True,base_path
117,base_path.3.segment_present.0:dimensionless,True,17,False,True,1.0,1.0,True,base_path
118,base_path.3.segment_duration.0:s,False,17,False,False,-0.10246436297893524,0.21780790388584137,True,base_path
119,base_path.4.present.0:dimensionless,True,17,False,True,1.0,1.0,True,base_path
120,base_path.4.position.0:m,False,17,False,False,-1.0865323543548584,1.3038427829742432,True,base_path
121,base_path.4.position.1:m,False,17,False,False,-0.4588005840778351,0.2412688285112381,True,base_path
122,base_path.4.position.2:m,False,17,False,False,-0.9738261103630066,0.6343928575515747,True,base_path
123,base_path.4.segment_present.0:dimensionless,True,17,False,True,1.0,1.0,True,base_path
124,base_path.4.segment_duration.0:s,False,17,False,False,-0.11677505820989609,0.2025025486946106,True,base_path
125,base_path.5.present.0:dimensionless,True,17,False,True,1.0,1.0,True,base_path
126,base_path.5.position.0:m,False,17,False,False,-0.11529481410980225,0.24102303385734558,True,base_path
127,base_path.5.position.1:m,False,17,False,False,-0.6614158153533936,0.6967372298240662,True,base_path
128,base_path.5.position.2:m,False,17,False,False,-1.3604313135147095,1.217179536819458,True,base_path
129,base_path.5.segment_present.0:dimensionless,True,17,False,True,1.0,1.0,True,base_path
130,base_path.5.segment_duration.0:s,False,17,False,False,-0.2113294005393982,0.2555675506591797,True,base_path
131,base_path.6.present.0:dimensionless,True,17,False,True,1.0,1.0,True,base_path
132,base_path.6.position.0:m,False,17,False,False,-1.1432545185089111,1.006174921989441,True,base_path
133,base_path.6.position.1:m,False,17,False,False,-0.8827646970748901,1.4969487190246582,True,base_path
134,base_path.6.position.2:m,False,17,False,False,-0.1890803873538971,0.10790601372718811,True,base_path
135,base_path.6.segment_present.0:dimensionless,True,17,False,True,0.0,0.0,True,base_path
136,base_path.6.segment_duration.0:s,False,0,True,True,0.0,0.0,True,base_path
137,base_path.7.present.0:dimensionless,True,17,False,True,0.0,0.0,True,base_path
138,base_path.7.position.0:m,False,0,True,True,0.0,0.0,True,base_path
139,base_path.7.position.1:m,False,0,True,True,0.0,0.0,True,base_path
140,base_path.7.position.2:m,False,0,True,True,0.0,0.0,True,base_path
141,base_path.7.segment_present.0:dimensionless,True,17,False,True,0.0,0.0,True,base_path
142,base_path.7.segment_duration.0:s,False,0,True,True,0.0,0.0,True,base_path
143,base_path.8.present.0:dimensionless,True,17,False,True,0.0,0.0,True,base_path
144,base_path.8.position.0:m,False,0,True,True,0.0,0.0,True,base_path
145,base_path.8.position.1:m,False,0,True,True,0.0,0.0,True,base_path
146,base_path.8.position.2:m,False,0,True,True,0.0,0.0,True,base_path
147,base_path.8.segment_present.0:dimensionless,True,17,False,True,0.0,0.0,True,base_path
148,base_path.8.segment_duration.0:s,False,0,True,True,0.0,0.0,True,base_path
149,base_path.9.present.0:dimensionless,True,17,False,True,0.0,0.0,True,base_path
150,base_path.9.position.0:m,False,0,True,True,0.0,0.0,True,base_path
151,base_path.9.position.1:m,False,0,True,True,0.0,0.0,True,base_path
152,base_path.9.position.2:m,False,0,True,True,0.0,0.0,True,base_path
153,base_path.9.segment_present.0:dimensionless,True,17,False,True,0.0,0.0,True,base_path
154,base_path.9.segment_duration.0:s,False,0,True,True,0.0,0.0,True,base_path
155,base_path.10.present.0:dimensionless,True,17,False,True,0.0,0.0,True,base_path
156,base_path.10.position.0:m,False,0,True,True,0.0,0.0,True,base_path
157,base_path.10.position.1:m,False,0,True,True,0.0,0.0,True,base_path
158,base_path.10.position.2:m,False,0,True,True,0.0,0.0,True,base_path
159,base_path.10.segment_present.0:dimensionless,True,17,False,True,0.0,0.0,True,base_path
160,base_path.10.segment_duration.0:s,False,0,True,True,0.0,0.0,True,base_path
161,base_path.11.present.0:dimensionless,True,17,False,True,0.0,0.0,True,base_path
162,base_path.11.position.0:m,False,0,True,True,0.0,0.0,True,base_path
163,base_path.11.position.1:m,False,0,True,True,0.0,0.0,True,base_path
164,base_path.11.position.2:m,False,0,True,True,0.0,0.0,True,base_path
165,base_path.11.segment_present.0:dimensionless,True,17,False,True,0.0,0.0,True,base_path
166,base_path.11.segment_duration.0:s,False,0,True,True,0.0,0.0,True,base_path
167,base_path.12.present.0:dimensionless,True,17,False,True,0.0,0.0,True,base_path
168,base_path.12.position.0:m,False,0,True,True,0.0,0.0,True,base_path
169,base_path.12.position.1:m,False,0,True,True,0.0,0.0,True,base_path
170,base_path.12.position.2:m,False,0,True,True,0.0,0.0,True,base_path
171,base_path.12.segment_present.0:dimensionless,True,17,False,True,0.0,0.0,True,base_path
172,base_path.12.segment_duration.0:s,False,0,True,True,0.0,0.0,True,base_path
173,base_path.13.present.0:dimensionless,True,17,False,True,0.0,0.0,True,base_path
174,base_path.13.position.0:m,False,0,True,True,0.0,0.0,True,base_path
175,base_path.13.position.1:m,False,0,True,True,0.0,0.0,True,base_path
176,base_path.13.position.2:m,False,0,True,True,0.0,0.0,True,base_path
177,base_path.13.segment_present.0:dimensionless,True,17,False,True,0.0,0.0,True,base_path
178,base_path.13.segment_duration.0:s,False,0,True,True,0.0,0.0,True,base_path
179,base_path.14.present.0:dimensionless,True,17,False,True,0.0,0.0,True,base_path
180,base_path.14.position.0:m,False,0,True,True,0.0,0.0,True,base_path
181,base_path.14.position.1:m,False,0,True,True,0.0,0.0,True,base_path
182,base_path.14.position.2:m,False,0,True,True,0.0,0.0,True,base_path
183,base_path.14.segment_present.0:dimensionless,True,17,False,True,0.0,0.0,True,base_path
184,base_path.14.segment_duration.0:s,False,0,True,True,0.0,0.0,True,base_path
185,base_path.15.present.0:dimensionless,True,17,False,True,0.0,0.0,True,base_path
186,base_path.15.position.0:m,False,0,True,True,0.0,0.0,True,base_path
187,base_path.15.position.1:m,False,0,True,True,0.0,0.0,True,base_path
188,base_path.15.position.2:m,False,0,True,True,0.0,0.0,True,base_path
189,base_path.15.segment_present.0:dimensionless,True,17,False,True,0.0,0.0,True,base_path
190,base_path.15.segment_duration.0:s,False,0,True,True,0.0,0.0,True,base_path
191,duration_periods.0:s,False,17,False,True,0.0,0.0,True,duration_periods
192,duration_periods.1:s,False,17,False,True,0.0,0.0,True,duration_periods
193,duration_periods.2:s,False,17,False,True,-8.673617379884035e-19,-8.673617379884035e-19,True,duration_periods
194,family.0:dimensionless,True,17,False,True,1.0,1.0,True,family
195,family.1:dimensionless,True,17,False,True,0.0,0.0,True,family
196,family.2:dimensionless,True,17,False,True,0.0,0.0,True,family
197,free_path.0:dimensionless,True,17,False,True,1.0,1.0,True,free_path
198,requirement.0.present.0:dimensionless,True,17,False,True,1.0,1.0,True,requirement
199,requirement.0.types.0:dimensionless,True,17,False,True,0.0,0.0,True,requirement
200,requirement.0.types.1:dimensionless,True,17,False,True,1.0,1.0,True,requirement
201,requirement.0.types.2:dimensionless,True,17,False,True,1.0,1.0,True,requirement
202,requirement.0.types.3:dimensionless,True,17,False,True,0.0,0.0,True,requirement
203,requirement.0.types.4:dimensionless,True,17,False,True,1.0,1.0,True,requirement
204,requirement.0.types.5:dimensionless,True,17,False,True,0.0,0.0,True,requirement
205,requirement.0.position.0:m,False,17,False,False,-1.5388827323913574,0.75706547498703,True,requirement
206,requirement.0.position.1:m,False,17,False,False,-1.5481618642807007,0.696449875831604,True,requirement
207,requirement.0.position.2:m,False,17,False,False,-6.533360874527716e-08,3.136901938205483e-08,True,requirement
208,requirement.0.rotation.0:dimensionless,False,17,False,True,0.0,0.0,True,requirement
209,requirement.0.rotation.1:dimensionless,False,17,False,True,-0.0,-0.0,True,requirement
210,requirement.0.rotation.2:dimensionless,False,17,False,True,0.0,0.0,True,requirement
211,requirement.0.rotation.3:dimensionless,False,17,False,True,0.0,0.0,True,requirement
212,requirement.0.rotation.4:dimensionless,False,17,False,True,0.0,0.0,True,requirement
213,requirement.0.rotation.5:dimensionless,False,17,False,True,-1.1102230246251565e-14,-1.1102230246251565e-14,True,requirement
214,requirement.0.rotation.6:dimensionless,False,17,False,True,-0.0,-0.0,True,requirement
215,requirement.0.rotation.7:dimensionless,False,17,False,True,1.1102230246251565e-14,1.1102230246251565e-14,True,requirement
216,requirement.0.rotation.8:dimensionless,False,17,False,True,0.0,0.0,True,requirement
217,requirement.0.times.0:s,False,17,False,True,0.0,0.0,True,requirement
218,requirement.0.times.1:s,False,17,False,True,8.881784197001252e-16,8.881784197001252e-16,True,requirement
219,requirement.0.times.2:s,False,17,False,True,0.0,0.0,True,requirement
220,requirement.0.position_tolerance.0:m,False,17,False,True,-8.673617379884035e-17,-8.673617379884035e-17,True,requirement
221,requirement.0.orientation_tolerance.0:rad,False,17,False,True,0.0,0.0,True,requirement
222,requirement.1.present.0:dimensionless,True,17,False,True,1.0,1.0,True,requirement
223,requirement.1.types.0:dimensionless,True,17,False,True,0.0,0.0,True,requirement
224,requirement.1.types.1:dimensionless,True,17,False,True,1.0,1.0,True,requirement
225,requirement.1.types.2:dimensionless,True,17,False,True,1.0,1.0,True,requirement
226,requirement.1.types.3:dimensionless,True,17,False,True,0.0,0.0,True,requirement
227,requirement.1.types.4:dimensionless,True,17,False,True,1.0,1.0,True,requirement
228,requirement.1.types.5:dimensionless,True,17,False,True,0.0,0.0,True,requirement
229,requirement.1.position.0:m,False,17,False,False,-0.10099432617425919,0.05237872153520584,True,requirement
230,requirement.1.position.1:m,False,17,False,False,-0.1458977609872818,0.11877993494272232,True,requirement
231,requirement.1.position.2:m,False,17,False,False,-0.3254028260707855,0.32893258333206177,True,requirement
232,requirement.1.rotation.0:dimensionless,False,17,False,True,0.0,0.0,True,requirement
233,requirement.1.rotation.1:dimensionless,False,17,False,True,-0.0,-0.0,True,requirement
234,requirement.1.rotation.2:dimensionless,False,17,False,True,0.0,0.0,True,requirement
235,requirement.1.rotation.3:dimensionless,False,17,False,True,0.0,0.0,True,requirement
236,requirement.1.rotation.4:dimensionless,False,17,False,True,0.0,0.0,True,requirement
237,requirement.1.rotation.5:dimensionless,False,17,False,True,-1.1102230246251565e-14,-1.1102230246251565e-14,True,requirement
238,requirement.1.rotation.6:dimensionless,False,17,False,True,-0.0,-0.0,True,requirement
239,requirement.1.rotation.7:dimensionless,False,17,False,True,1.1102230246251565e-14,1.1102230246251565e-14,True,requirement
240,requirement.1.rotation.8:dimensionless,False,17,False,True,0.0,0.0,True,requirement
241,requirement.1.times.0:s,False,17,False,False,-0.23707720637321472,0.204149529337883,True,requirement
242,requirement.1.times.1:s,False,17,False,False,-0.23707720637321472,0.204149529337883,True,requirement
243,requirement.1.times.2:s,False,17,False,False,-0.23707720637321472,0.204149529337883,True,requirement
244,requirement.1.position_tolerance.0:m,False,17,False,True,-8.673617379884035e-17,-8.673617379884035e-17,True,requirement
245,requirement.1.orientation_tolerance.0:rad,False,17,False,True,0.0,0.0,True,requirement
246,requirement.2.present.0:dimensionless,True,17,False,True,1.0,1.0,True,requirement
247,requirement.2.types.0:dimensionless,True,17,False,True,0.0,0.0,True,requirement
248,requirement.2.types.1:dimensionless,True,17,False,True,1.0,1.0,True,requirement
249,requirement.2.types.2:dimensionless,True,17,False,True,1.0,1.0,True,requirement
250,requirement.2.types.3:dimensionless,True,17,False,True,0.0,0.0,True,requirement
251,requirement.2.types.4:dimensionless,True,17,False,True,1.0,1.0,True,requirement
252,requirement.2.types.5:dimensionless,True,17,False,True,0.0,0.0,True,requirement
253,requirement.2.position.0:m,False,17,False,False,-1.0754083395004272,1.1721668243408203,True,requirement
254,requirement.2.position.1:m,False,17,False,False,-1.1214745044708252,1.1249098777770996,True,requirement
255,requirement.2.position.2:m,False,17,False,False,-1.2196367979049683,1.1284470558166504,True,requirement
256,requirement.2.rotation.0:dimensionless,False,17,False,True,0.0,0.0,True,requirement
257,requirement.2.rotation.1:dimensionless,False,17,False,True,-0.0,-0.0,True,requirement
258,requirement.2.rotation.2:dimensionless,False,17,False,True,0.0,0.0,True,requirement
259,requirement.2.rotation.3:dimensionless,False,17,False,True,0.0,0.0,True,requirement
260,requirement.2.rotation.4:dimensionless,False,17,False,True,0.0,0.0,True,requirement
261,requirement.2.rotation.5:dimensionless,False,17,False,True,-1.1102230246251565e-14,-1.1102230246251565e-14,True,requirement
262,requirement.2.rotation.6:dimensionless,False,17,False,True,-0.0,-0.0,True,requirement
263,requirement.2.rotation.7:dimensionless,False,17,False,True,1.1102230246251565e-14,1.1102230246251565e-14,True,requirement
264,requirement.2.rotation.8:dimensionless,False,17,False,True,0.0,0.0,True,requirement
265,requirement.2.times.0:s,False,17,False,False,-0.4122615158557892,0.1916179209947586,True,requirement
266,requirement.2.times.1:s,False,17,False,False,-0.4122615158557892,0.1916179209947586,True,requirement
267,requirement.2.times.2:s,False,17,False,False,-0.4122615158557892,0.1916179209947586,True,requirement
268,requirement.2.position_tolerance.0:m,False,17,False,True,-8.673617379884035e-17,-8.673617379884035e-17,True,requirement
269,requirement.2.orientation_tolerance.0:rad,False,17,False,True,0.0,0.0,True,requirement
270,requirement.3.present.0:dimensionless,True,17,False,True,1.0,1.0,True,requirement
271,requirement.3.types.0:dimensionless,True,17,False,True,0.0,0.0,True,requirement
272,requirement.3.types.1:dimensionless,True,17,False,True,1.0,1.0,True,requirement
273,requirement.3.types.2:dimensionless,True,17,False,True,1.0,1.0,True,requirement
274,requirement.3.types.3:dimensionless,True,17,False,True,0.0,0.0,True,requirement
275,requirement.3.types.4:dimensionless,True,17,False,True,1.0,1.0,True,requirement
276,requirement.3.types.5:dimensionless,True,17,False,True,0.0,0.0,True,requirement
277,requirement.3.position.0:m,False,17,False,False,-1.2000007629394531,1.390692114830017,True,requirement
278,requirement.3.position.1:m,False,17,False,False,-0.9884490966796875,0.49924781918525696,True,requirement
279,requirement.3.position.2:m,False,17,False,False,-0.023987557739019394,0.0107297757640481,True,requirement
280,requirement.3.rotation.0:dimensionless,False,17,False,True,0.0,0.0,True,requirement
281,requirement.3.rotation.1:dimensionless,False,17,False,True,-0.0,-0.0,True,requirement
282,requirement.3.rotation.2:dimensionless,False,17,False,True,0.0,0.0,True,requirement
283,requirement.3.rotation.3:dimensionless,False,17,False,True,0.0,0.0,True,requirement
284,requirement.3.rotation.4:dimensionless,False,17,False,True,0.0,0.0,True,requirement
285,requirement.3.rotation.5:dimensionless,False,17,False,True,-1.1102230246251565e-14,-1.1102230246251565e-14,True,requirement
286,requirement.3.rotation.6:dimensionless,False,17,False,True,-0.0,-0.0,True,requirement
287,requirement.3.rotation.7:dimensionless,False,17,False,True,1.1102230246251565e-14,1.1102230246251565e-14,True,requirement
288,requirement.3.rotation.8:dimensionless,False,17,False,True,0.0,0.0,True,requirement
289,requirement.3.times.0:s,False,17,False,False,-0.46060407161712646,0.4305688142776489,True,requirement
290,requirement.3.times.1:s,False,17,False,False,-0.46060407161712646,0.4305688142776489,True,requirement
291,requirement.3.times.2:s,False,17,False,False,-0.46060407161712646,0.4305688142776489,True,requirement
292,requirement.3.position_tolerance.0:m,False,17,False,True,-8.673617379884035e-17,-8.673617379884035e-17,True,requirement
293,requirement.3.orientation_tolerance.0:rad,False,17,False,True,0.0,0.0,True,requirement
294,requirement.4.present.0:dimensionless,True,17,False,True,1.0,1.0,True,requirement
295,requirement.4.types.0:dimensionless,True,17,False,True,0.0,0.0,True,requirement
296,requirement.4.types.1:dimensionless,True,17,False,True,1.0,1.0,True,requirement
297,requirement.4.types.2:dimensionless,True,17,False,True,1.0,1.0,True,requirement
298,requirement.4.types.3:dimensionless,True,17,False,True,0.0,0.0,True,requirement
299,requirement.4.types.4:dimensionless,True,17,False,True,1.0,1.0,True,requirement
300,requirement.4.types.5:dimensionless,True,17,False,True,0.0,0.0,True,requirement
301,requirement.4.position.0:m,False,17,False,False,-1.0865323543548584,1.3038427829742432,True,requirement
302,requirement.4.position.1:m,False,17,False,False,-0.4588005840778351,0.2412688285112381,True,requirement
303,requirement.4.position.2:m,False,17,False,False,-0.9738261103630066,0.6343928575515747,True,requirement
304,requirement.4.rotation.0:dimensionless,False,17,False,True,0.0,0.0,True,requirement
305,requirement.4.rotation.1:dimensionless,False,17,False,True,-0.0,-0.0,True,requirement
306,requirement.4.rotation.2:dimensionless,False,17,False,True,0.0,0.0,True,requirement
307,requirement.4.rotation.3:dimensionless,False,17,False,True,0.0,0.0,True,requirement
308,requirement.4.rotation.4:dimensionless,False,17,False,True,0.0,0.0,True,requirement
309,requirement.4.rotation.5:dimensionless,False,17,False,True,-1.1102230246251565e-14,-1.1102230246251565e-14,True,requirement
310,requirement.4.rotation.6:dimensionless,False,17,False,True,-0.0,-0.0,True,requirement
311,requirement.4.rotation.7:dimensionless,False,17,False,True,1.1102230246251565e-14,1.1102230246251565e-14,True,requirement
312,requirement.4.rotation.8:dimensionless,False,17,False,True,0.0,0.0,True,requirement
313,requirement.4.times.0:s,False,17,False,False,-0.2427961677312851,0.3281044661998749,True,requirement
314,requirement.4.times.1:s,False,17,False,False,-0.2427961677312851,0.3281044661998749,True,requirement
315,requirement.4.times.2:s,False,17,False,False,-0.2427961677312851,0.3281044661998749,True,requirement
316,requirement.4.position_tolerance.0:m,False,17,False,True,-8.673617379884035e-17,-8.673617379884035e-17,True,requirement
317,requirement.4.orientation_tolerance.0:rad,False,17,False,True,0.0,0.0,True,requirement
318,requirement.5.present.0:dimensionless,True,17,False,True,1.0,1.0,True,requirement
319,requirement.5.types.0:dimensionless,True,17,False,True,0.0,0.0,True,requirement
320,requirement.5.types.1:dimensionless,True,17,False,True,1.0,1.0,True,requirement
321,requirement.5.types.2:dimensionless,True,17,False,True,1.0,1.0,True,requirement
322,requirement.5.types.3:dimensionless,True,17,False,True,0.0,0.0,True,requirement
323,requirement.5.types.4:dimensionless,True,17,False,True,1.0,1.0,True,requirement
324,requirement.5.types.5:dimensionless,True,17,False,True,0.0,0.0,True,requirement
325,requirement.5.position.0:m,False,17,False,False,-0.11529481410980225,0.24102303385734558,True,requirement
326,requirement.5.position.1:m,False,17,False,False,-0.6614158153533936,0.6967372298240662,True,requirement
327,requirement.5.position.2:m,False,17,False,False,-1.3604313135147095,1.217179536819458,True,requirement
328,requirement.5.rotation.0:dimensionless,False,17,False,True,0.0,0.0,True,requirement
329,requirement.5.rotation.1:dimensionless,False,17,False,True,-0.0,-0.0,True,requirement
330,requirement.5.rotation.2:dimensionless,False,17,False,True,0.0,0.0,True,requirement
331,requirement.5.rotation.3:dimensionless,False,17,False,True,0.0,0.0,True,requirement
332,requirement.5.rotation.4:dimensionless,False,17,False,True,0.0,0.0,True,requirement
333,requirement.5.rotation.5:dimensionless,False,17,False,True,-1.1102230246251565e-14,-1.1102230246251565e-14,True,requirement
334,requirement.5.rotation.6:dimensionless,False,17,False,True,-0.0,-0.0,True,requirement
335,requirement.5.rotation.7:dimensionless,False,17,False,True,1.1102230246251565e-14,1.1102230246251565e-14,True,requirement
336,requirement.5.rotation.8:dimensionless,False,17,False,True,0.0,0.0,True,requirement
337,requirement.5.times.0:s,False,17,False,False,-0.2555675506591797,0.2113294005393982,True,requirement
338,requirement.5.times.1:s,False,17,False,False,-0.2555675506591797,0.2113294005393982,True,requirement
339,requirement.5.times.2:s,False,17,False,False,-0.2555675506591797,0.2113294005393982,True,requirement
340,requirement.5.position_tolerance.0:m,False,17,False,True,-8.673617379884035e-17,-8.673617379884035e-17,True,requirement
341,requirement.5.orientation_tolerance.0:rad,False,17,False,True,0.0,0.0,True,requirement
342,requirement.6.present.0:dimensionless,True,17,False,True,1.0,1.0,True,requirement
343,requirement.6.types.0:dimensionless,True,17,False,True,0.0,0.0,True,requirement
344,requirement.6.types.1:dimensionless,True,17,False,True,1.0,1.0,True,requirement
345,requirement.6.types.2:dimensionless,True,17,False,True,1.0,1.0,True,requirement
346,requirement.6.types.3:dimensionless,True,17,False,True,0.0,0.0,True,requirement
347,requirement.6.types.4:dimensionless,True,17,False,True,0.0,0.0,True,requirement
348,requirement.6.types.5:dimensionless,True,17,False,True,1.0,1.0,True,requirement
349,requirement.6.position.0:m,False,17,False,False,-1.1432545185089111,1.006174921989441,True,requirement
350,requirement.6.position.1:m,False,17,False,False,-0.8827646970748901,1.4969487190246582,True,requirement
351,requirement.6.position.2:m,False,17,False,False,-0.1890803873538971,0.10790601372718811,True,requirement
352,requirement.6.rotation.0:dimensionless,False,17,False,True,0.0,0.0,True,requirement
353,requirement.6.rotation.1:dimensionless,False,17,False,True,-0.0,-0.0,True,requirement
354,requirement.6.rotation.2:dimensionless,False,17,False,True,0.0,0.0,True,requirement
355,requirement.6.rotation.3:dimensionless,False,17,False,True,0.0,0.0,True,requirement
356,requirement.6.rotation.4:dimensionless,False,17,False,True,0.0,0.0,True,requirement
357,requirement.6.rotation.5:dimensionless,False,17,False,True,-1.1102230246251565e-14,-1.1102230246251565e-14,True,requirement
358,requirement.6.rotation.6:dimensionless,False,17,False,True,-0.0,-0.0,True,requirement
359,requirement.6.rotation.7:dimensionless,False,17,False,True,1.1102230246251565e-14,1.1102230246251565e-14,True,requirement
360,requirement.6.rotation.8:dimensionless,False,17,False,True,0.0,0.0,True,requirement
361,requirement.6.times.0:s,False,17,False,True,0.0,0.0,True,requirement
362,requirement.6.times.1:s,False,17,False,True,0.0,0.0,True,requirement
363,requirement.6.times.2:s,False,17,False,True,0.0,0.0,True,requirement
364,requirement.6.position_tolerance.0:m,False,17,False,True,0.0,0.0,True,requirement
365,requirement.6.orientation_tolerance.0:rad,False,17,False,True,0.0,0.0,True,requirement
366,requirement.7.present.0:dimensionless,True,17,False,True,1.0,1.0,True,requirement
367,requirement.7.types.0:dimensionless,True,17,False,True,1.0,1.0,True,requirement
368,requirement.7.types.1:dimensionless,True,17,False,True,0.0,0.0,True,requirement
369,requirement.7.types.2:dimensionless,True,17,False,True,0.0,0.0,True,requirement
370,requirement.7.types.3:dimensionless,True,17,False,True,1.0,1.0,True,requirement
371,requirement.7.types.4:dimensionless,True,17,False,True,0.0,0.0,True,requirement
372,requirement.7.types.5:dimensionless,True,17,False,True,1.0,1.0,True,requirement
373,requirement.7.position.0:m,False,17,False,True,0.0,0.0,True,requirement
374,requirement.7.position.1:m,False,17,False,True,5.551115123125783e-15,5.551115123125783e-15,True,requirement
375,requirement.7.position.2:m,False,17,False,True,0.0,0.0,True,requirement
376,requirement.7.rotation.0:dimensionless,False,17,False,True,0.0,0.0,True,requirement
377,requirement.7.rotation.1:dimensionless,False,17,False,True,1.6940658945086007e-19,1.6940658945086007e-19,True,requirement
378,requirement.7.rotation.2:dimensionless,False,17,False,True,0.0,0.0,True,requirement
379,requirement.7.rotation.3:dimensionless,False,17,False,True,0.0,0.0,True,requirement
380,requirement.7.rotation.4:dimensionless,False,17,False,True,0.0,0.0,True,requirement
381,requirement.7.rotation.5:dimensionless,False,17,False,True,2.220446049250313e-14,2.220446049250313e-14,True,requirement
382,requirement.7.rotation.6:dimensionless,False,17,False,True,0.0,0.0,True,requirement
383,requirement.7.rotation.7:dimensionless,False,17,False,True,-1.1102230246251565e-14,-1.1102230246251565e-14,True,requirement
384,requirement.7.rotation.8:dimensionless,False,17,False,True,0.0,0.0,True,requirement
385,requirement.7.times.0:s,False,17,False,True,0.0,0.0,True,requirement
386,requirement.7.times.1:s,False,17,False,True,0.0,0.0,True,requirement
387,requirement.7.times.2:s,False,17,False,True,0.0,0.0,True,requirement
388,requirement.7.position_tolerance.0:m,False,17,False,True,-2.710505431213761e-18,-2.710505431213761e-18,True,requirement
389,requirement.7.orientation_tolerance.0:rad,False,17,False,True,0.0,0.0,True,requirement
390,requirement.8.present.0:dimensionless,True,17,False,True,0.0,0.0,True,requirement
391,requirement.8.types.0:dimensionless,True,0,True,True,0.0,0.0,True,requirement
392,requirement.8.types.1:dimensionless,True,0,True,True,0.0,0.0,True,requirement
393,requirement.8.types.2:dimensionless,True,0,True,True,0.0,0.0,True,requirement
394,requirement.8.types.3:dimensionless,True,0,True,True,0.0,0.0,True,requirement
395,requirement.8.types.4:dimensionless,True,0,True,True,0.0,0.0,True,requirement
396,requirement.8.types.5:dimensionless,True,0,True,True,0.0,0.0,True,requirement
397,requirement.8.position.0:m,False,0,True,True,0.0,0.0,True,requirement
398,requirement.8.position.1:m,False,0,True,True,0.0,0.0,True,requirement
399,requirement.8.position.2:m,False,0,True,True,0.0,0.0,True,requirement
400,requirement.8.rotation.0:dimensionless,False,0,True,True,0.0,0.0,True,requirement
401,requirement.8.rotation.1:dimensionless,False,0,True,True,0.0,0.0,True,requirement
402,requirement.8.rotation.2:dimensionless,False,0,True,True,0.0,0.0,True,requirement
403,requirement.8.rotation.3:dimensionless,False,0,True,True,0.0,0.0,True,requirement
404,requirement.8.rotation.4:dimensionless,False,0,True,True,0.0,0.0,True,requirement
405,requirement.8.rotation.5:dimensionless,False,0,True,True,0.0,0.0,True,requirement
406,requirement.8.rotation.6:dimensionless,False,0,True,True,0.0,0.0,True,requirement
407,requirement.8.rotation.7:dimensionless,False,0,True,True,0.0,0.0,True,requirement
408,requirement.8.rotation.8:dimensionless,False,0,True,True,0.0,0.0,True,requirement
409,requirement.8.times.0:s,False,0,True,True,0.0,0.0,True,requirement
410,requirement.8.times.1:s,False,0,True,True,0.0,0.0,True,requirement
411,requirement.8.times.2:s,False,0,True,True,0.0,0.0,True,requirement
412,requirement.8.position_tolerance.0:m,False,0,True,True,0.0,0.0,True,requirement
413,requirement.8.orientation_tolerance.0:rad,False,0,True,True,0.0,0.0,True,requirement
414,requirement.9.present.0:dimensionless,True,17,False,True,0.0,0.0,True,requirement
415,requirement.9.types.0:dimensionless,True,0,True,True,0.0,0.0,True,requirement
416,requirement.9.types.1:dimensionless,True,0,True,True,0.0,0.0,True,requirement
417,requirement.9.types.2:dimensionless,True,0,True,True,0.0,0.0,True,requirement
418,requirement.9.types.3:dimensionless,True,0,True,True,0.0,0.0,True,requirement
419,requirement.9.types.4:dimensionless,True,0,True,True,0.0,0.0,True,requirement
420,requirement.9.types.5:dimensionless,True,0,True,True,0.0,0.0,True,requirement
421,requirement.9.position.0:m,False,0,True,True,0.0,0.0,True,requirement
422,requirement.9.position.1:m,False,0,True,True,0.0,0.0,True,requirement
423,requirement.9.position.2:m,False,0,True,True,0.0,0.0,True,requirement
424,requirement.9.rotation.0:dimensionless,False,0,True,True,0.0,0.0,True,requirement
425,requirement.9.rotation.1:dimensionless,False,0,True,True,0.0,0.0,True,requirement
426,requirement.9.rotation.2:dimensionless,False,0,True,True,0.0,0.0,True,requirement
427,requirement.9.rotation.3:dimensionless,False,0,True,True,0.0,0.0,True,requirement
428,requirement.9.rotation.4:dimensionless,False,0,True,True,0.0,0.0,True,requirement
429,requirement.9.rotation.5:dimensionless,False,0,True,True,0.0,0.0,True,requirement
430,requirement.9.rotation.6:dimensionless,False,0,True,True,0.0,0.0,True,requirement
431,requirement.9.rotation.7:dimensionless,False,0,True,True,0.0,0.0,True,requirement
432,requirement.9.rotation.8:dimensionless,False,0,True,True,0.0,0.0,True,requirement
433,requirement.9.times.0:s,False,0,True,True,0.0,0.0,True,requirement
434,requirement.9.times.1:s,False,0,True,True,0.0,0.0,True,requirement
435,requirement.9.times.2:s,False,0,True,True,0.0,0.0,True,requirement
436,requirement.9.position_tolerance.0:m,False,0,True,True,0.0,0.0,True,requirement
437,requirement.9.orientation_tolerance.0:rad,False,0,True,True,0.0,0.0,True,requirement
438,requirement.10.present.0:dimensionless,True,17,False,True,0.0,0.0,True,requirement
439,requirement.10.types.0:dimensionless,True,0,True,True,0.0,0.0,True,requirement
440,requirement.10.types.1:dimensionless,True,0,True,True,0.0,0.0,True,requirement
441,requirement.10.types.2:dimensionless,True,0,True,True,0.0,0.0,True,requirement
442,requirement.10.types.3:dimensionless,True,0,True,True,0.0,0.0,True,requirement
443,requirement.10.types.4:dimensionless,True,0,True,True,0.0,0.0,True,requirement
444,requirement.10.types.5:dimensionless,True,0,True,True,0.0,0.0,True,requirement
445,requirement.10.position.0:m,False,0,True,True,0.0,0.0,True,requirement
446,requirement.10.position.1:m,False,0,True,True,0.0,0.0,True,requirement
447,requirement.10.position.2:m,False,0,True,True,0.0,0.0,True,requirement
448,requirement.10.rotation.0:dimensionless,False,0,True,True,0.0,0.0,True,requirement
449,requirement.10.rotation.1:dimensionless,False,0,True,True,0.0,0.0,True,requirement
450,requirement.10.rotation.2:dimensionless,False,0,True,True,0.0,0.0,True,requirement
451,requirement.10.rotation.3:dimensionless,False,0,True,True,0.0,0.0,True,requirement
452,requirement.10.rotation.4:dimensionless,False,0,True,True,0.0,0.0,True,requirement
453,requirement.10.rotation.5:dimensionless,False,0,True,True,0.0,0.0,True,requirement
454,requirement.10.rotation.6:dimensionless,False,0,True,True,0.0,0.0,True,requirement
455,requirement.10.rotation.7:dimensionless,False,0,True,True,0.0,0.0,True,requirement
456,requirement.10.rotation.8:dimensionless,False,0,True,True,0.0,0.0,True,requirement
457,requirement.10.times.0:s,False,0,True,True,0.0,0.0,True,requirement
458,requirement.10.times.1:s,False,0,True,True,0.0,0.0,True,requirement
459,requirement.10.times.2:s,False,0,True,True,0.0,0.0,True,requirement
460,requirement.10.position_tolerance.0:m,False,0,True,True,0.0,0.0,True,requirement
461,requirement.10.orientation_tolerance.0:rad,False,0,True,True,0.0,0.0,True,requirement
462,requirement.11.present.0:dimensionless,True,17,False,True,0.0,0.0,True,requirement
463,requirement.11.types.0:dimensionless,True,0,True,True,0.0,0.0,True,requirement
464,requirement.11.types.1:dimensionless,True,0,True,True,0.0,0.0,True,requirement
465,requirement.11.types.2:dimensionless,True,0,True,True,0.0,0.0,True,requirement
466,requirement.11.types.3:dimensionless,True,0,True,True,0.0,0.0,True,requirement
467,requirement.11.types.4:dimensionless,True,0,True,True,0.0,0.0,True,requirement
468,requirement.11.types.5:dimensionless,True,0,True,True,0.0,0.0,True,requirement
469,requirement.11.position.0:m,False,0,True,True,0.0,0.0,True,requirement
470,requirement.11.position.1:m,False,0,True,True,0.0,0.0,True,requirement
471,requirement.11.position.2:m,False,0,True,True,0.0,0.0,True,requirement
472,requirement.11.rotation.0:dimensionless,False,0,True,True,0.0,0.0,True,requirement
473,requirement.11.rotation.1:dimensionless,False,0,True,True,0.0,0.0,True,requirement
474,requirement.11.rotation.2:dimensionless,False,0,True,True,0.0,0.0,True,requirement
475,requirement.11.rotation.3:dimensionless,False,0,True,True,0.0,0.0,True,requirement
476,requirement.11.rotation.4:dimensionless,False,0,True,True,0.0,0.0,True,requirement
477,requirement.11.rotation.5:dimensionless,False,0,True,True,0.0,0.0,True,requirement
478,requirement.11.rotation.6:dimensionless,False,0,True,True,0.0,0.0,True,requirement
479,requirement.11.rotation.7:dimensionless,False,0,True,True,0.0,0.0,True,requirement
480,requirement.11.rotation.8:dimensionless,False,0,True,True,0.0,0.0,True,requirement
481,requirement.11.times.0:s,False,0,True,True,0.0,0.0,True,requirement
482,requirement.11.times.1:s,False,0,True,True,0.0,0.0,True,requirement
483,requirement.11.times.2:s,False,0,True,True,0.0,0.0,True,requirement
484,requirement.11.position_tolerance.0:m,False,0,True,True,0.0,0.0,True,requirement
485,requirement.11.orientation_tolerance.0:rad,False,0,True,True,0.0,0.0,True,requirement
486,requirement.12.present.0:dimensionless,True,17,False,True,0.0,0.0,True,requirement
487,requirement.12.types.0:dimensionless,True,0,True,True,0.0,0.0,True,requirement
488,requirement.12.types.1:dimensionless,True,0,True,True,0.0,0.0,True,requirement
489,requirement.12.types.2:dimensionless,True,0,True,True,0.0,0.0,True,requirement
490,requirement.12.types.3:dimensionless,True,0,True,True,0.0,0.0,True,requirement
491,requirement.12.types.4:dimensionless,True,0,True,True,0.0,0.0,True,requirement
492,requirement.12.types.5:dimensionless,True,0,True,True,0.0,0.0,True,requirement
493,requirement.12.position.0:m,False,0,True,True,0.0,0.0,True,requirement
494,requirement.12.position.1:m,False,0,True,True,0.0,0.0,True,requirement
495,requirement.12.position.2:m,False,0,True,True,0.0,0.0,True,requirement
496,requirement.12.rotation.0:dimensionless,False,0,True,True,0.0,0.0,True,requirement
497,requirement.12.rotation.1:dimensionless,False,0,True,True,0.0,0.0,True,requirement
498,requirement.12.rotation.2:dimensionless,False,0,True,True,0.0,0.0,True,requirement
499,requirement.12.rotation.3:dimensionless,False,0,True,True,0.0,0.0,True,requirement
500,requirement.12.rotation.4:dimensionless,False,0,True,True,0.0,0.0,True,requirement
501,requirement.12.rotation.5:dimensionless,False,0,True,True,0.0,0.0,True,requirement
502,requirement.12.rotation.6:dimensionless,False,0,True,True,0.0,0.0,True,requirement
503,requirement.12.rotation.7:dimensionless,False,0,True,True,0.0,0.0,True,requirement
504,requirement.12.rotation.8:dimensionless,False,0,True,True,0.0,0.0,True,requirement
505,requirement.12.times.0:s,False,0,True,True,0.0,0.0,True,requirement
506,requirement.12.times.1:s,False,0,True,True,0.0,0.0,True,requirement
507,requirement.12.times.2:s,False,0,True,True,0.0,0.0,True,requirement
508,requirement.12.position_tolerance.0:m,False,0,True,True,0.0,0.0,True,requirement
509,requirement.12.orientation_tolerance.0:rad,False,0,True,True,0.0,0.0,True,requirement
510,requirement.13.present.0:dimensionless,True,17,False,True,0.0,0.0,True,requirement
511,requirement.13.types.0:dimensionless,True,0,True,True,0.0,0.0,True,requirement
512,requirement.13.types.1:dimensionless,True,0,True,True,0.0,0.0,True,requirement
513,requirement.13.types.2:dimensionless,True,0,True,True,0.0,0.0,True,requirement
514,requirement.13.types.3:dimensionless,True,0,True,True,0.0,0.0,True,requirement
515,requirement.13.types.4:dimensionless,True,0,True,True,0.0,0.0,True,requirement
516,requirement.13.types.5:dimensionless,True,0,True,True,0.0,0.0,True,requirement
517,requirement.13.position.0:m,False,0,True,True,0.0,0.0,True,requirement
518,requirement.13.position.1:m,False,0,True,True,0.0,0.0,True,requirement
519,requirement.13.position.2:m,False,0,True,True,0.0,0.0,True,requirement
520,requirement.13.rotation.0:dimensionless,False,0,True,True,0.0,0.0,True,requirement
521,requirement.13.rotation.1:dimensionless,False,0,True,True,0.0,0.0,True,requirement
522,requirement.13.rotation.2:dimensionless,False,0,True,True,0.0,0.0,True,requirement
523,requirement.13.rotation.3:dimensionless,False,0,True,True,0.0,0.0,True,requirement
524,requirement.13.rotation.4:dimensionless,False,0,True,True,0.0,0.0,True,requirement
525,requirement.13.rotation.5:dimensionless,False,0,True,True,0.0,0.0,True,requirement
526,requirement.13.rotation.6:dimensionless,False,0,True,True,0.0,0.0,True,requirement
527,requirement.13.rotation.7:dimensionless,False,0,True,True,0.0,0.0,True,requirement
528,requirement.13.rotation.8:dimensionless,False,0,True,True,0.0,0.0,True,requirement
529,requirement.13.times.0:s,False,0,True,True,0.0,0.0,True,requirement
530,requirement.13.times.1:s,False,0,True,True,0.0,0.0,True,requirement
531,requirement.13.times.2:s,False,0,True,True,0.0,0.0,True,requirement
532,requirement.13.position_tolerance.0:m,False,0,True,True,0.0,0.0,True,requirement
533,requirement.13.orientation_tolerance.0:rad,False,0,True,True,0.0,0.0,True,requirement
534,requirement.14.present.0:dimensionless,True,17,False,True,0.0,0.0,True,requirement
535,requirement.14.types.0:dimensionless,True,0,True,True,0.0,0.0,True,requirement
536,requirement.14.types.1:dimensionless,True,0,True,True,0.0,0.0,True,requirement
537,requirement.14.types.2:dimensionless,True,0,True,True,0.0,0.0,True,requirement
538,requirement.14.types.3:dimensionless,True,0,True,True,0.0,0.0,True,requirement
539,requirement.14.types.4:dimensionless,True,0,True,True,0.0,0.0,True,requirement
540,requirement.14.types.5:dimensionless,True,0,True,True,0.0,0.0,True,requirement
541,requirement.14.position.0:m,False,0,True,True,0.0,0.0,True,requirement
542,requirement.14.position.1:m,False,0,True,True,0.0,0.0,True,requirement
543,requirement.14.position.2:m,False,0,True,True,0.0,0.0,True,requirement
544,requirement.14.rotation.0:dimensionless,False,0,True,True,0.0,0.0,True,requirement
545,requirement.14.rotation.1:dimensionless,False,0,True,True,0.0,0.0,True,requirement
546,requirement.14.rotation.2:dimensionless,False,0,True,True,0.0,0.0,True,requirement
547,requirement.14.rotation.3:dimensionless,False,0,True,True,0.0,0.0,True,requirement
548,requirement.14.rotation.4:dimensionless,False,0,True,True,0.0,0.0,True,requirement
549,requirement.14.rotation.5:dimensionless,False,0,True,True,0.0,0.0,True,requirement
550,requirement.14.rotation.6:dimensionless,False,0,True,True,0.0,0.0,True,requirement
551,requirement.14.rotation.7:dimensionless,False,0,True,True,0.0,0.0,True,requirement
552,requirement.14.rotation.8:dimensionless,False,0,True,True,0.0,0.0,True,requirement
553,requirement.14.times.0:s,False,0,True,True,0.0,0.0,True,requirement
554,requirement.14.times.1:s,False,0,True,True,0.0,0.0,True,requirement
555,requirement.14.times.2:s,False,0,True,True,0.0,0.0,True,requirement
556,requirement.14.position_tolerance.0:m,False,0,True,True,0.0,0.0,True,requirement
557,requirement.14.orientation_tolerance.0:rad,False,0,True,True,0.0,0.0,True,requirement
558,requirement.15.present.0:dimensionless,True,17,False,True,0.0,0.0,True,requirement
559,requirement.15.types.0:dimensionless,True,0,True,True,0.0,0.0,True,requirement
560,requirement.15.types.1:dimensionless,True,0,True,True,0.0,0.0,True,requirement
561,requirement.15.types.2:dimensionless,True,0,True,True,0.0,0.0,True,requirement
562,requirement.15.types.3:dimensionless,True,0,True,True,0.0,0.0,True,requirement
563,requirement.15.types.4:dimensionless,True,0,True,True,0.0,0.0,True,requirement
564,requirement.15.types.5:dimensionless,True,0,True,True,0.0,0.0,True,requirement
565,requirement.15.position.0:m,False,0,True,True,0.0,0.0,True,requirement
566,requirement.15.position.1:m,False,0,True,True,0.0,0.0,True,requirement
567,requirement.15.position.2:m,False,0,True,True,0.0,0.0,True,requirement
568,requirement.15.rotation.0:dimensionless,False,0,True,True,0.0,0.0,True,requirement
569,requirement.15.rotation.1:dimensionless,False,0,True,True,0.0,0.0,True,requirement
570,requirement.15.rotation.2:dimensionless,False,0,True,True,0.0,0.0,True,requirement
571,requirement.15.rotation.3:dimensionless,False,0,True,True,0.0,0.0,True,requirement
572,requirement.15.rotation.4:dimensionless,False,0,True,True,0.0,0.0,True,requirement
573,requirement.15.rotation.5:dimensionless,False,0,True,True,0.0,0.0,True,requirement
574,requirement.15.rotation.6:dimensionless,False,0,True,True,0.0,0.0,True,requirement
575,requirement.15.rotation.7:dimensionless,False,0,True,True,0.0,0.0,True,requirement
576,requirement.15.rotation.8:dimensionless,False,0,True,True,0.0,0.0,True,requirement
577,requirement.15.times.0:s,False,0,True,True,0.0,0.0,True,requirement
578,requirement.15.times.1:s,False,0,True,True,0.0,0.0,True,requirement
579,requirement.15.times.2:s,False,0,True,True,0.0,0.0,True,requirement
580,requirement.15.position_tolerance.0:m,False,0,True,True,0.0,0.0,True,requirement
581,requirement.15.orientation_tolerance.0:rad,False,0,True,True,0.0,0.0,True,requirement
582,obstacle.0.present.0:dimensionless,True,17,False,True,1.0,1.0,True,obstacle
583,obstacle.0.types.0:dimensionless,True,17,False,True,1.0,1.0,True,obstacle
584,obstacle.0.types.1:dimensionless,True,17,False,True,0.0,0.0,True,obstacle
585,obstacle.0.center.0:m,False,17,False,False,-0.4045431613922119,0.19413985311985016,True,obstacle
586,obstacle.0.center.1:m,False,17,False,False,-0.03958643972873688,0.06077530235052109,True,obstacle
587,obstacle.0.center.2:m,False,17,False,False,-0.4072421193122864,0.37679344415664673,True,obstacle
588,obstacle.0.rotation.0:dimensionless,False,17,False,True,0.0,0.0,True,obstacle
589,obstacle.0.rotation.1:dimensionless,False,17,False,True,0.0,0.0,True,obstacle
590,obstacle.0.rotation.2:dimensionless,False,17,False,True,0.0,0.0,True,obstacle
591,obstacle.0.rotation.3:dimensionless,False,17,False,True,0.0,0.0,True,obstacle
592,obstacle.0.rotation.4:dimensionless,False,17,False,True,0.0,0.0,True,obstacle
593,obstacle.0.rotation.5:dimensionless,False,17,False,True,0.0,0.0,True,obstacle
594,obstacle.0.rotation.6:dimensionless,False,17,False,True,0.0,0.0,True,obstacle
595,obstacle.0.rotation.7:dimensionless,False,17,False,True,0.0,0.0,True,obstacle
596,obstacle.0.rotation.8:dimensionless,False,17,False,True,0.0,0.0,True,obstacle
597,obstacle.0.size.0:m,False,17,False,True,-1.3877787807814457e-15,-1.3877787807814457e-15,True,obstacle
598,obstacle.0.size.1:m,False,17,False,True,-1.3877787807814457e-15,-1.3877787807814457e-15,True,obstacle
599,obstacle.0.size.2:m,False,17,False,True,-1.3877787807814457e-15,-1.3877787807814457e-15,True,obstacle
600,obstacle.0.linear_velocity.0:m/s,False,17,False,True,0.0,0.0,True,obstacle
601,obstacle.0.linear_velocity.1:m/s,False,17,False,True,0.0,0.0,True,obstacle
602,obstacle.0.linear_velocity.2:m/s,False,17,False,True,0.0,0.0,True,obstacle
603,obstacle.0.angular_velocity.0:rad/s,False,17,False,True,0.0,0.0,True,obstacle
604,obstacle.0.angular_velocity.1:rad/s,False,17,False,True,0.0,0.0,True,obstacle
605,obstacle.0.angular_velocity.2:rad/s,False,17,False,True,0.0,0.0,True,obstacle
606,obstacle.1.present.0:dimensionless,True,17,False,True,1.0,1.0,True,obstacle
607,obstacle.1.types.0:dimensionless,True,17,False,True,1.0,1.0,True,obstacle
608,obstacle.1.types.1:dimensionless,True,17,False,True,0.0,0.0,True,obstacle
609,obstacle.1.center.0:m,False,17,False,False,-2.3815805912017822,0.878599226474762,True,obstacle
610,obstacle.1.center.1:m,False,17,False,False,-0.6830503940582275,0.7829734086990356,True,obstacle
611,obstacle.1.center.2:m,False,17,False,False,-1.17158043384552,1.944225549697876,True,obstacle
612,obstacle.1.rotation.0:dimensionless,False,17,False,True,0.0,0.0,True,obstacle
613,obstacle.1.rotation.1:dimensionless,False,17,False,True,0.0,0.0,True,obstacle
614,obstacle.1.rotation.2:dimensionless,False,17,False,True,0.0,0.0,True,obstacle
615,obstacle.1.rotation.3:dimensionless,False,17,False,True,0.0,0.0,True,obstacle
616,obstacle.1.rotation.4:dimensionless,False,17,False,True,0.0,0.0,True,obstacle
617,obstacle.1.rotation.5:dimensionless,False,17,False,True,0.0,0.0,True,obstacle
618,obstacle.1.rotation.6:dimensionless,False,17,False,True,0.0,0.0,True,obstacle
619,obstacle.1.rotation.7:dimensionless,False,17,False,True,0.0,0.0,True,obstacle
620,obstacle.1.rotation.8:dimensionless,False,17,False,True,0.0,0.0,True,obstacle
621,obstacle.1.size.0:m,False,17,False,True,-3.469446951953614e-16,-3.469446951953614e-16,True,obstacle
622,obstacle.1.size.1:m,False,17,False,True,-3.469446951953614e-16,-3.469446951953614e-16,True,obstacle
623,obstacle.1.size.2:m,False,17,False,True,-3.469446951953614e-16,-3.469446951953614e-16,True,obstacle
624,obstacle.1.linear_velocity.0:m/s,False,17,False,True,0.0,0.0,True,obstacle
625,obstacle.1.linear_velocity.1:m/s,False,17,False,True,0.0,0.0,True,obstacle
626,obstacle.1.linear_velocity.2:m/s,False,17,False,True,0.0,0.0,True,obstacle
627,obstacle.1.angular_velocity.0:rad/s,False,17,False,True,0.0,0.0,True,obstacle
628,obstacle.1.angular_velocity.1:rad/s,False,17,False,True,0.0,0.0,True,obstacle
629,obstacle.1.angular_velocity.2:rad/s,False,17,False,True,0.0,0.0,True,obstacle
630,obstacle.2.present.0:dimensionless,True,17,False,True,0.0,0.0,True,obstacle
631,obstacle.2.types.0:dimensionless,True,0,True,True,0.0,0.0,True,obstacle
632,obstacle.2.types.1:dimensionless,True,0,True,True,0.0,0.0,True,obstacle
633,obstacle.2.center.0:m,False,0,True,True,0.0,0.0,True,obstacle
634,obstacle.2.center.1:m,False,0,True,True,0.0,0.0,True,obstacle
635,obstacle.2.center.2:m,False,0,True,True,0.0,0.0,True,obstacle
636,obstacle.2.rotation.0:dimensionless,False,0,True,True,0.0,0.0,True,obstacle
637,obstacle.2.rotation.1:dimensionless,False,0,True,True,0.0,0.0,True,obstacle
638,obstacle.2.rotation.2:dimensionless,False,0,True,True,0.0,0.0,True,obstacle
639,obstacle.2.rotation.3:dimensionless,False,0,True,True,0.0,0.0,True,obstacle
640,obstacle.2.rotation.4:dimensionless,False,0,True,True,0.0,0.0,True,obstacle
641,obstacle.2.rotation.5:dimensionless,False,0,True,True,0.0,0.0,True,obstacle
642,obstacle.2.rotation.6:dimensionless,False,0,True,True,0.0,0.0,True,obstacle
643,obstacle.2.rotation.7:dimensionless,False,0,True,True,0.0,0.0,True,obstacle
644,obstacle.2.rotation.8:dimensionless,False,0,True,True,0.0,0.0,True,obstacle
645,obstacle.2.size.0:m,False,0,True,True,0.0,0.0,True,obstacle
646,obstacle.2.size.1:m,False,0,True,True,0.0,0.0,True,obstacle
647,obstacle.2.size.2:m,False,0,True,True,0.0,0.0,True,obstacle
648,obstacle.2.linear_velocity.0:m/s,False,0,True,True,0.0,0.0,True,obstacle
649,obstacle.2.linear_velocity.1:m/s,False,0,True,True,0.0,0.0,True,obstacle
650,obstacle.2.linear_velocity.2:m/s,False,0,True,True,0.0,0.0,True,obstacle
651,obstacle.2.angular_velocity.0:rad/s,False,0,True,True,0.0,0.0,True,obstacle
652,obstacle.2.angular_velocity.1:rad/s,False,0,True,True,0.0,0.0,True,obstacle
653,obstacle.2.angular_velocity.2:rad/s,False,0,True,True,0.0,0.0,True,obstacle
654,obstacle.3.present.0:dimensionless,True,17,False,True,0.0,0.0,True,obstacle
655,obstacle.3.types.0:dimensionless,True,0,True,True,0.0,0.0,True,obstacle
656,obstacle.3.types.1:dimensionless,True,0,True,True,0.0,0.0,True,obstacle
657,obstacle.3.center.0:m,False,0,True,True,0.0,0.0,True,obstacle
658,obstacle.3.center.1:m,False,0,True,True,0.0,0.0,True,obstacle
659,obstacle.3.center.2:m,False,0,True,True,0.0,0.0,True,obstacle
660,obstacle.3.rotation.0:dimensionless,False,0,True,True,0.0,0.0,True,obstacle
661,obstacle.3.rotation.1:dimensionless,False,0,True,True,0.0,0.0,True,obstacle
662,obstacle.3.rotation.2:dimensionless,False,0,True,True,0.0,0.0,True,obstacle
663,obstacle.3.rotation.3:dimensionless,False,0,True,True,0.0,0.0,True,obstacle
664,obstacle.3.rotation.4:dimensionless,False,0,True,True,0.0,0.0,True,obstacle
665,obstacle.3.rotation.5:dimensionless,False,0,True,True,0.0,0.0,True,obstacle
666,obstacle.3.rotation.6:dimensionless,False,0,True,True,0.0,0.0,True,obstacle
667,obstacle.3.rotation.7:dimensionless,False,0,True,True,0.0,0.0,True,obstacle
668,obstacle.3.rotation.8:dimensionless,False,0,True,True,0.0,0.0,True,obstacle
669,obstacle.3.size.0:m,False,0,True,True,0.0,0.0,True,obstacle
670,obstacle.3.size.1:m,False,0,True,True,0.0,0.0,True,obstacle
671,obstacle.3.size.2:m,False,0,True,True,0.0,0.0,True,obstacle
672,obstacle.3.linear_velocity.0:m/s,False,0,True,True,0.0,0.0,True,obstacle
673,obstacle.3.linear_velocity.1:m/s,False,0,True,True,0.0,0.0,True,obstacle
674,obstacle.3.linear_velocity.2:m/s,False,0,True,True,0.0,0.0,True,obstacle
675,obstacle.3.angular_velocity.0:rad/s,False,0,True,True,0.0,0.0,True,obstacle
676,obstacle.3.angular_velocity.1:rad/s,False,0,True,True,0.0,0.0,True,obstacle
677,obstacle.3.angular_velocity.2:rad/s,False,0,True,True,0.0,0.0,True,obstacle
678,obstacle.4.present.0:dimensionless,True,17,False,True,0.0,0.0,True,obstacle
679,obstacle.4.types.0:dimensionless,True,0,True,True,0.0,0.0,True,obstacle
680,obstacle.4.types.1:dimensionless,True,0,True,True,0.0,0.0,True,obstacle
681,obstacle.4.center.0:m,False,0,True,True,0.0,0.0,True,obstacle
682,obstacle.4.center.1:m,False,0,True,True,0.0,0.0,True,obstacle
683,obstacle.4.center.2:m,False,0,True,True,0.0,0.0,True,obstacle
684,obstacle.4.rotation.0:dimensionless,False,0,True,True,0.0,0.0,True,obstacle
685,obstacle.4.rotation.1:dimensionless,False,0,True,True,0.0,0.0,True,obstacle
686,obstacle.4.rotation.2:dimensionless,False,0,True,True,0.0,0.0,True,obstacle
687,obstacle.4.rotation.3:dimensionless,False,0,True,True,0.0,0.0,True,obstacle
688,obstacle.4.rotation.4:dimensionless,False,0,True,True,0.0,0.0,True,obstacle
689,obstacle.4.rotation.5:dimensionless,False,0,True,True,0.0,0.0,True,obstacle
690,obstacle.4.rotation.6:dimensionless,False,0,True,True,0.0,0.0,True,obstacle
691,obstacle.4.rotation.7:dimensionless,False,0,True,True,0.0,0.0,True,obstacle
692,obstacle.4.rotation.8:dimensionless,False,0,True,True,0.0,0.0,True,obstacle
693,obstacle.4.size.0:m,False,0,True,True,0.0,0.0,True,obstacle
694,obstacle.4.size.1:m,False,0,True,True,0.0,0.0,True,obstacle
695,obstacle.4.size.2:m,False,0,True,True,0.0,0.0,True,obstacle
696,obstacle.4.linear_velocity.0:m/s,False,0,True,True,0.0,0.0,True,obstacle
697,obstacle.4.linear_velocity.1:m/s,False,0,True,True,0.0,0.0,True,obstacle
698,obstacle.4.linear_velocity.2:m/s,False,0,True,True,0.0,0.0,True,obstacle
699,obstacle.4.angular_velocity.0:rad/s,False,0,True,True,0.0,0.0,True,obstacle
700,obstacle.4.angular_velocity.1:rad/s,False,0,True,True,0.0,0.0,True,obstacle
701,obstacle.4.angular_velocity.2:rad/s,False,0,True,True,0.0,0.0,True,obstacle
702,obstacle.5.present.0:dimensionless,True,17,False,True,0.0,0.0,True,obstacle
703,obstacle.5.types.0:dimensionless,True,0,True,True,0.0,0.0,True,obstacle
704,obstacle.5.types.1:dimensionless,True,0,True,True,0.0,0.0,True,obstacle
705,obstacle.5.center.0:m,False,0,True,True,0.0,0.0,True,obstacle
706,obstacle.5.center.1:m,False,0,True,True,0.0,0.0,True,obstacle
707,obstacle.5.center.2:m,False,0,True,True,0.0,0.0,True,obstacle
708,obstacle.5.rotation.0:dimensionless,False,0,True,True,0.0,0.0,True,obstacle
709,obstacle.5.rotation.1:dimensionless,False,0,True,True,0.0,0.0,True,obstacle
710,obstacle.5.rotation.2:dimensionless,False,0,True,True,0.0,0.0,True,obstacle
711,obstacle.5.rotation.3:dimensionless,False,0,True,True,0.0,0.0,True,obstacle
712,obstacle.5.rotation.4:dimensionless,False,0,True,True,0.0,0.0,True,obstacle
713,obstacle.5.rotation.5:dimensionless,False,0,True,True,0.0,0.0,True,obstacle
714,obstacle.5.rotation.6:dimensionless,False,0,True,True,0.0,0.0,True,obstacle
715,obstacle.5.rotation.7:dimensionless,False,0,True,True,0.0,0.0,True,obstacle
716,obstacle.5.rotation.8:dimensionless,False,0,True,True,0.0,0.0,True,obstacle
717,obstacle.5.size.0:m,False,0,True,True,0.0,0.0,True,obstacle
718,obstacle.5.size.1:m,False,0,True,True,0.0,0.0,True,obstacle
719,obstacle.5.size.2:m,False,0,True,True,0.0,0.0,True,obstacle
720,obstacle.5.linear_velocity.0:m/s,False,0,True,True,0.0,0.0,True,obstacle
721,obstacle.5.linear_velocity.1:m/s,False,0,True,True,0.0,0.0,True,obstacle
722,obstacle.5.linear_velocity.2:m/s,False,0,True,True,0.0,0.0,True,obstacle
723,obstacle.5.angular_velocity.0:rad/s,False,0,True,True,0.0,0.0,True,obstacle
724,obstacle.5.angular_velocity.1:rad/s,False,0,True,True,0.0,0.0,True,obstacle
725,obstacle.5.angular_velocity.2:rad/s,False,0,True,True,0.0,0.0,True,obstacle
726,obstacle.6.present.0:dimensionless,True,17,False,True,0.0,0.0,True,obstacle
727,obstacle.6.types.0:dimensionless,True,0,True,True,0.0,0.0,True,obstacle
728,obstacle.6.types.1:dimensionless,True,0,True,True,0.0,0.0,True,obstacle
729,obstacle.6.center.0:m,False,0,True,True,0.0,0.0,True,obstacle
730,obstacle.6.center.1:m,False,0,True,True,0.0,0.0,True,obstacle
731,obstacle.6.center.2:m,False,0,True,True,0.0,0.0,True,obstacle
732,obstacle.6.rotation.0:dimensionless,False,0,True,True,0.0,0.0,True,obstacle
733,obstacle.6.rotation.1:dimensionless,False,0,True,True,0.0,0.0,True,obstacle
734,obstacle.6.rotation.2:dimensionless,False,0,True,True,0.0,0.0,True,obstacle
735,obstacle.6.rotation.3:dimensionless,False,0,True,True,0.0,0.0,True,obstacle
736,obstacle.6.rotation.4:dimensionless,False,0,True,True,0.0,0.0,True,obstacle
737,obstacle.6.rotation.5:dimensionless,False,0,True,True,0.0,0.0,True,obstacle
738,obstacle.6.rotation.6:dimensionless,False,0,True,True,0.0,0.0,True,obstacle
739,obstacle.6.rotation.7:dimensionless,False,0,True,True,0.0,0.0,True,obstacle
740,obstacle.6.rotation.8:dimensionless,False,0,True,True,0.0,0.0,True,obstacle
741,obstacle.6.size.0:m,False,0,True,True,0.0,0.0,True,obstacle
742,obstacle.6.size.1:m,False,0,True,True,0.0,0.0,True,obstacle
743,obstacle.6.size.2:m,False,0,True,True,0.0,0.0,True,obstacle
744,obstacle.6.linear_velocity.0:m/s,False,0,True,True,0.0,0.0,True,obstacle
745,obstacle.6.linear_velocity.1:m/s,False,0,True,True,0.0,0.0,True,obstacle
746,obstacle.6.linear_velocity.2:m/s,False,0,True,True,0.0,0.0,True,obstacle
747,obstacle.6.angular_velocity.0:rad/s,False,0,True,True,0.0,0.0,True,obstacle
748,obstacle.6.angular_velocity.1:rad/s,False,0,True,True,0.0,0.0,True,obstacle
749,obstacle.6.angular_velocity.2:rad/s,False,0,True,True,0.0,0.0,True,obstacle
750,obstacle.7.present.0:dimensionless,True,17,False,True,0.0,0.0,True,obstacle
751,obstacle.7.types.0:dimensionless,True,0,True,True,0.0,0.0,True,obstacle
752,obstacle.7.types.1:dimensionless,True,0,True,True,0.0,0.0,True,obstacle
753,obstacle.7.center.0:m,False,0,True,True,0.0,0.0,True,obstacle
754,obstacle.7.center.1:m,False,0,True,True,0.0,0.0,True,obstacle
755,obstacle.7.center.2:m,False,0,True,True,0.0,0.0,True,obstacle
756,obstacle.7.rotation.0:dimensionless,False,0,True,True,0.0,0.0,True,obstacle
757,obstacle.7.rotation.1:dimensionless,False,0,True,True,0.0,0.0,True,obstacle
758,obstacle.7.rotation.2:dimensionless,False,0,True,True,0.0,0.0,True,obstacle
759,obstacle.7.rotation.3:dimensionless,False,0,True,True,0.0,0.0,True,obstacle
760,obstacle.7.rotation.4:dimensionless,False,0,True,True,0.0,0.0,True,obstacle
761,obstacle.7.rotation.5:dimensionless,False,0,True,True,0.0,0.0,True,obstacle
762,obstacle.7.rotation.6:dimensionless,False,0,True,True,0.0,0.0,True,obstacle
763,obstacle.7.rotation.7:dimensionless,False,0,True,True,0.0,0.0,True,obstacle
764,obstacle.7.rotation.8:dimensionless,False,0,True,True,0.0,0.0,True,obstacle
765,obstacle.7.size.0:m,False,0,True,True,0.0,0.0,True,obstacle
766,obstacle.7.size.1:m,False,0,True,True,0.0,0.0,True,obstacle
767,obstacle.7.size.2:m,False,0,True,True,0.0,0.0,True,obstacle
768,obstacle.7.linear_velocity.0:m/s,False,0,True,True,0.0,0.0,True,obstacle
769,obstacle.7.linear_velocity.1:m/s,False,0,True,True,0.0,0.0,True,obstacle
770,obstacle.7.linear_velocity.2:m/s,False,0,True,True,0.0,0.0,True,obstacle
771,obstacle.7.angular_velocity.0:rad/s,False,0,True,True,0.0,0.0,True,obstacle
772,obstacle.7.angular_velocity.1:rad/s,False,0,True,True,0.0,0.0,True,obstacle
773,obstacle.7.angular_velocity.2:rad/s,False,0,True,True,0.0,0.0,True,obstacle
774,interval.0.mask.0:dimensionless,True,17,False,True,1.0,1.0,True,interval
775,interval.0.times.0:s,False,17,False,True,0.0,0.0,True,interval
776,interval.0.times.1:s,False,17,False,True,8.881784197001252e-16,8.881784197001252e-16,True,interval
777,interval.0.world_basis.0:dimensionless,False,17,False,False,-3.844622540327691e-07,1.8529330247929465e-07,True,interval
778,interval.0.world_basis.1:dimensionless,False,17,False,False,-1.5487804412841797,0.6685476303100586,True,interval
779,interval.0.world_basis.2:dimensionless,False,17,False,False,-5.021373539193519e-08,7.53251256924159e-08,True,interval
780,interval.0.world_basis.3:dimensionless,False,17,False,False,-0.6770307421684265,1.548416256904602,True,interval
781,interval.0.world_basis.4:dimensionless,False,17,False,True,0.0,0.0,True,interval
782,interval.0.world_basis.5:dimensionless,False,17,False,True,0.0,0.0,True,interval
783,interval.1.mask.0:dimensionless,True,17,False,True,1.0,1.0,True,interval
784,interval.1.times.0:s,False,17,False,True,0.0,0.0,True,interval
785,interval.1.times.1:s,False,17,False,False,-0.23707720637321472,0.204149529337883,True,interval
786,interval.1.world_basis.0:dimensionless,False,17,False,False,-0.217851921916008,0.3355596661567688,True,interval
787,interval.1.world_basis.1:dimensionless,False,17,False,True,-3.571489540504932e-16,3.3674043634022966e-16,True,interval
788,interval.1.world_basis.2:dimensionless,False,17,False,False,-0.7457858324050903,1.5409348011016846,True,interval
789,interval.1.world_basis.3:dimensionless,False,17,False,False,-0.681450366973877,1.548180103302002,True,interval
790,interval.1.world_basis.4:dimensionless,False,17,False,False,-1.5444130897521973,0.7224680185317993,True,interval
791,interval.1.world_basis.5:dimensionless,False,17,False,False,-1.5485823154449463,0.6734938025474548,True,interval
792,interval.2.mask.0:dimensionless,True,17,False,True,1.0,1.0,True,interval
793,interval.2.times.0:s,False,17,False,False,-0.23707720637321472,0.204149529337883,True,interval
794,interval.2.times.1:s,False,17,False,False,-0.4122615158557892,0.1916179209947586,True,interval
795,interval.2.world_basis.0:dimensionless,False,17,False,False,-1.1952285766601562,0.8371357321739197,True,interval
796,interval.2.world_basis.1:dimensionless,False,17,False,False,-1.1952285766601562,0.8366600275039673,True,interval
797,interval.2.world_basis.2:dimensionless,False,17,False,False,-0.704399049282074,1.546430230140686,True,interval
798,interval.2.world_basis.3:dimensionless,False,17,False,False,-1.5452040433883667,0.7448365092277527,True,interval
799,interval.2.world_basis.4:dimensionless,False,17,False,False,-0.848753035068512,1.1951768398284912,True,interval
800,interval.2.world_basis.5:dimensionless,False,17,False,False,-1.1949797868728638,0.8630921840667725,True,interval
801,interval.3.mask.0:dimensionless,True,17,False,True,1.0,1.0,True,interval
802,interval.3.times.0:s,False,17,False,False,-0.4122615158557892,0.1916179209947586,True,interval
803,interval.3.times.1:s,False,17,False,False,-0.46060407161712646,0.4305688142776489,True,interval
804,interval.3.world_basis.0:dimensionless,False,17,False,False,-0.6556392908096313,0.8023307919502258,True,interval
805,interval.3.world_basis.1:dimensionless,False,17,False,True,-2.8571916853435046e-16,4.0817022185637237e-16,True,interval
806,interval.3.world_basis.2:dimensionless,False,17,False,False,-0.8933678269386292,1.4915293455123901,True,interval
807,interval.3.world_basis.3:dimensionless,False,17,False,False,-1.1911953687667847,0.9408585429191589,True,interval
808,interval.3.world_basis.4:dimensionless,False,17,False,False,-1.0274544954299927,1.385372281074524,True,interval
809,interval.3.world_basis.5:dimensionless,False,17,False,False,-1.193039894104004,0.9139969348907471,True,interval
810,interval.4.mask.0:dimensionless,True,17,False,True,1.0,1.0,True,interval
811,interval.4.times.0:s,False,17,False,False,-0.46060407161712646,0.4305688142776489,True,interval
812,interval.4.times.1:s,False,17,False,False,-0.2427961677312851,0.3281044661998749,True,interval
813,interval.4.world_basis.0:dimensionless,False,17,False,False,-0.18833012878894806,0.41484975814819336,True,interval
814,interval.4.world_basis.1:dimensionless,False,17,False,True,-2.5510638866023273e-17,6.122553327845586e-17,True,interval
815,interval.4.world_basis.2:dimensionless,False,17,False,False,-1.2706867456436157,1.104889154434204,True,interval
816,interval.4.world_basis.3:dimensionless,False,17,False,False,-0.5625801682472229,0.4895642399787903,True,interval
817,interval.4.world_basis.4:dimensionless,False,17,False,False,-1.1105916500091553,1.2593244314193726,True,interval
818,interval.4.world_basis.5:dimensionless,False,17,False,False,-1.0214605331420898,1.1819067001342773,True,interval
819,interval.5.mask.0:dimensionless,True,17,False,True,1.0,1.0,True,interval
820,interval.5.times.0:s,False,17,False,False,-0.2427961677312851,0.3281044661998749,True,interval
821,interval.5.times.1:s,False,17,False,False,-0.2555675506591797,0.2113294005393982,True,interval
822,interval.5.world_basis.0:dimensionless,False,17,False,False,-0.8636267781257629,1.1949695348739624,True,interval
823,interval.5.world_basis.1:dimensionless,False,17,False,False,-1.1947821378707886,0.8719828724861145,True,interval
824,interval.5.world_basis.2:dimensionless,False,17,False,False,-1.438025951385498,0.9733626246452332,True,interval
825,interval.5.world_basis.3:dimensionless,False,17,False,False,-0.9017679691314697,1.4869883060455322,True,interval
826,interval.5.world_basis.4:dimensionless,False,17,False,False,-1.1952190399169922,0.8418678641319275,True,interval
827,interval.5.world_basis.5:dimensionless,False,17,False,False,-1.1952285766601562,0.8366600275039673,True,interval
828,protected.0.present.0:dimensionless,True,17,False,True,1.0,1.0,True,protected
829,protected.0.times.0:s,False,17,False,True,0.0,0.0,True,protected
830,protected.0.times.1:s,False,17,False,True,0.0,0.0,True,protected
831,protected.1.present.0:dimensionless,True,17,False,True,1.0,1.0,True,protected
832,protected.1.times.0:s,False,17,False,True,8.881784197001252e-16,8.881784197001252e-16,True,protected
833,protected.1.times.1:s,False,17,False,True,0.0,0.0,True,protected
834,protected.2.present.0:dimensionless,True,17,False,True,1.0,1.0,True,protected
835,protected.2.times.0:s,False,17,False,False,-0.23707720637321472,0.204149529337883,True,protected
836,protected.2.times.1:s,False,17,False,False,-0.23707720637321472,0.204149529337883,True,protected
837,protected.3.present.0:dimensionless,True,17,False,True,1.0,1.0,True,protected
838,protected.3.times.0:s,False,17,False,False,-0.4122615158557892,0.1916179209947586,True,protected
839,protected.3.times.1:s,False,17,False,False,-0.4122615158557892,0.1916179209947586,True,protected
840,protected.4.present.0:dimensionless,True,17,False,True,1.0,1.0,True,protected
841,protected.4.times.0:s,False,17,False,False,-0.46060407161712646,0.4305688142776489,True,protected
842,protected.4.times.1:s,False,17,False,False,-0.46060407161712646,0.4305688142776489,True,protected
843,protected.5.present.0:dimensionless,True,17,False,True,1.0,1.0,True,protected
844,protected.5.times.0:s,False,17,False,False,-0.2427961677312851,0.3281044661998749,True,protected
845,protected.5.times.1:s,False,17,False,False,-0.2427961677312851,0.3281044661998749,True,protected
846,protected.6.present.0:dimensionless,True,17,False,True,1.0,1.0,True,protected
847,protected.6.times.0:s,False,17,False,False,-0.2555675506591797,0.2113294005393982,True,protected
848,protected.6.times.1:s,False,17,False,False,-0.2555675506591797,0.2113294005393982,True,protected
849,protected.7.present.0:dimensionless,True,17,False,True,1.0,1.0,True,protected
850,protected.7.times.0:s,False,17,False,True,-3.552713678800501e-15,-3.552713678800501e-15,True,protected
851,protected.7.times.1:s,False,17,False,True,0.0,0.0,True,protected
852,protected.8.present.0:dimensionless,True,17,False,True,0.0,0.0,True,protected
853,protected.8.times.0:s,False,0,True,True,0.0,0.0,True,protected
854,protected.8.times.1:s,False,0,True,True,0.0,0.0,True,protected
855,protected.9.present.0:dimensionless,True,17,False,True,0.0,0.0,True,protected
856,protected.9.times.0:s,False,0,True,True,0.0,0.0,True,protected
857,protected.9.times.1:s,False,0,True,True,0.0,0.0,True,protected
858,protected.10.present.0:dimensionless,True,17,False,True,0.0,0.0,True,protected
859,protected.10.times.0:s,False,0,True,True,0.0,0.0,True,protected
860,protected.10.times.1:s,False,0,True,True,0.0,0.0,True,protected
861,protected.11.present.0:dimensionless,True,17,False,True,0.0,0.0,True,protected
862,protected.11.times.0:s,False,0,True,True,0.0,0.0,True,protected
863,protected.11.times.1:s,False,0,True,True,0.0,0.0,True,protected
864,protected.12.present.0:dimensionless,True,17,False,True,0.0,0.0,True,protected
865,protected.12.times.0:s,False,0,True,True,0.0,0.0,True,protected
866,protected.12.times.1:s,False,0,True,True,0.0,0.0,True,protected
867,protected.13.present.0:dimensionless,True,17,False,True,0.0,0.0,True,protected
868,protected.13.times.0:s,False,0,True,True,0.0,0.0,True,protected
869,protected.13.times.1:s,False,0,True,True,0.0,0.0,True,protected
870,protected.14.present.0:dimensionless,True,17,False,True,0.0,0.0,True,protected
871,protected.14.times.0:s,False,0,True,True,0.0,0.0,True,protected
872,protected.14.times.1:s,False,0,True,True,0.0,0.0,True,protected
873,protected.15.present.0:dimensionless,True,17,False,True,0.0,0.0,True,protected
874,protected.15.times.0:s,False,0,True,True,0.0,0.0,True,protected
875,protected.15.times.1:s,False,0,True,True,0.0,0.0,True,protected
876,support_cutoff.0:s,False,17,False,True,-3.552713678800501e-15,-3.552713678800501e-15,True,support_cutoff
877,coefficient_bound.0:m,False,17,False,True,0.0,0.0,True,coefficient_bound
878,preference.A,True,17,False,False,0.0,1.0,True,preference
879,preference.B,True,17,False,False,0.0,1.0,True,preference
880,reference_family.v1,True,17,False,False,0.0,1.0,True,reference_family
881,reference_family.v2,True,17,False,False,0.0,1.0,True,reference_family
882,preferred_clearance_m,False,7,False,True,0.0,0.0,True,preferred_clearance_m
883,preferred_clearance.present,True,17,False,False,0.0,1.0,True,preferred_clearance
884,search_interval.0.mask,True,17,False,True,0.0,0.0,True,search_interval
885,search_interval.1.mask,True,17,False,True,1.0,1.0,True,search_interval
886,search_interval.2.mask,True,17,False,True,1.0,1.0,True,search_interval
887,search_interval.3.mask,True,17,False,True,0.0,0.0,True,search_interval
888,search_interval.4.mask,True,17,False,True,0.0,0.0,True,search_interval
889,search_interval.5.mask,True,17,False,True,0.0,0.0,True,search_interval
890,open_slot.0,True,17,False,True,0.0,0.0,True,open_slot
891,open_slot.1,True,17,False,True,1.0,1.0,True,open_slot
892,open_slot.2,True,17,False,True,1.0,1.0,True,open_slot
893,open_slot.3,True,17,False,True,0.0,0.0,True,open_slot
894,open_slot.4,True,17,False,True,0.0,0.0,True,open_slot
895,open_slot.5,True,17,False,True,0.0,0.0,True,open_slot
