task_a,task_b,preference,family,same_noise_mean_l2_m
c1_mother_00_minus,c1_mother_00_plus,A,v1,0.02654788753211073
c1_mother_00_minus,c1_mother_01_minus,A,v1,0.01977570265506086
c1_mother_00_minus,c1_mother_01_plus,A,v1,0.02394539344362493
c1_mother_00_minus,c2_new_train_minus,A,v1,0.02163400213679217
c1_mother_00_minus,c2_new_train_plus,A,v1,0.026763243712267237
c1_mother_00_minus,c3_val_minus,A,v1,0.015709469774022294
c1_mother_00_minus,c3_val_plus,A,v1,0.0188155346091093
c1_mother_00_plus,c1_mother_01_minus,A,v1,0.008410074410560279
c1_mother_00_plus,c1_mother_01_plus,A,v1,0.003146107568436158
c1_mother_00_plus,c2_new_train_minus,A,v1,0.006821611568766351
c1_mother_00_plus,c2_new_train_plus,A,v1,0.001912992176374115
c1_mother_00_plus,c3_val_minus,A,v1,0.0155044467781764
c1_mother_00_plus,c3_val_plus,A,v1,0.012055324813346948
c1_mother_01_minus,c1_mother_01_plus,A,v1,0.007383688039198326
c1_mother_01_minus,c2_new_train_minus,A,v1,0.001956381447341566
c1_mother_01_minus,c2_new_train_plus,A,v1,0.00943596456468293
c1_mother_01_minus,c3_val_minus,A,v1,0.009810198135858834
c1_mother_01_minus,c3_val_plus,A,v1,0.010137738982984684
c1_mother_01_plus,c2_new_train_minus,A,v1,0.00633487990138867
c1_mother_01_plus,c2_new_train_plus,A,v1,0.002840338742862518
c1_mother_01_plus,c3_val_minus,A,v1,0.013690737281675476
c1_mother_01_plus,c3_val_plus,A,v1,0.009770822531833496
c2_new_train_minus,c2_new_train_plus,A,v1,0.007975638729403784
c2_new_train_minus,c3_val_minus,A,v1,0.010759057505953058
c2_new_train_minus,c3_val_plus,A,v1,0.01037082864996939
c2_new_train_plus,c3_val_minus,A,v1,0.0158179797030294
c2_new_train_plus,c3_val_plus,A,v1,0.01168448593390928
c3_val_minus,c3_val_plus,A,v1,0.006709767644951418
c1_mother_00_minus,c1_mother_00_plus,B,v2,0.027916658284007658
c1_mother_00_minus,c1_mother_01_minus,B,v2,0.020622014871758666
c1_mother_00_minus,c1_mother_01_plus,B,v2,0.024467255299567815
c1_mother_00_minus,c2_new_train_minus,B,v2,0.022151421801655368
c1_mother_00_minus,c2_new_train_plus,B,v2,0.02697906721337475
c1_mother_00_minus,c3_val_minus,B,v2,0.015859280331338974
c1_mother_00_minus,c3_val_plus,B,v2,0.0185433209961806
c1_mother_00_plus,c1_mother_01_minus,B,v2,0.008774766312983323
c1_mother_00_plus,c1_mother_01_plus,B,v2,0.0039651857173238015
c1_mother_00_plus,c2_new_train_minus,B,v2,0.007405795829975139
c1_mother_00_plus,c2_new_train_plus,B,v2,0.002310479310532382
c1_mother_00_plus,c3_val_minus,B,v2,0.01678733245310965
c1_mother_00_plus,c3_val_plus,B,v2,0.013931586059748858
c1_mother_01_minus,c1_mother_01_plus,B,v2,0.007213291084088985
c1_mother_01_minus,c2_new_train_minus,B,v2,0.001639597042692337
c1_mother_01_minus,c2_new_train_plus,B,v2,0.008989436465158861
c1_mother_01_minus,c3_val_minus,B,v2,0.010479350795127735
c1_mother_01_minus,c3_val_plus,B,v2,0.01087425577288278
c1_mother_01_plus,c2_new_train_minus,B,v2,0.006337426509788057
c1_mother_01_plus,c2_new_train_plus,B,v2,0.0025337389192706112
c1_mother_01_plus,c3_val_minus,B,v2,0.01405656472050933
c1_mother_01_plus,c3_val_plus,B,v2,0.010655484982819707
c2_new_train_minus,c2_new_train_plus,B,v2,0.007793295466904209
c2_new_train_minus,c3_val_minus,B,v2,0.011232456221316873
c2_new_train_minus,c3_val_plus,B,v2,0.0111231966983407
c2_new_train_plus,c3_val_minus,B,v2,0.015953959936240523
c2_new_train_plus,c3_val_plus,B,v2,0.012389230031489824
c3_val_minus,c3_val_plus,B,v2,0.006468036639583225
