feature_a,feature_b,correlation
target_pose.position.0:m,target_twist.linear.0:m/s,-0.9931800282122141
target_pose.position.0:m,target_twist.angular.2:rad/s,0.9931762049135182
target_pose.position.0:m,base_path.0.position.1:m,0.9994485229744234
target_pose.position.0:m,base_path.0.position.2:m,0.9999999999999997
target_pose.position.0:m,base_path.3.position.2:m,0.9931800274167127
target_pose.position.0:m,base_path.4.position.1:m,0.9987578517135813
target_pose.position.0:m,requirement.0.position.1:m,0.9994485229744234
target_pose.position.0:m,requirement.0.position.2:m,0.9999999999999997
target_pose.position.0:m,requirement.3.position.2:m,0.9931800274167127
target_pose.position.0:m,requirement.4.position.1:m,0.9987578517135813
target_pose.position.0:m,obstacle.0.center.0:m,0.9999999663385082
target_pose.position.0:m,interval.0.world_basis.0:dimensionless,0.999998019136137
target_pose.position.0:m,interval.0.world_basis.1:dimensionless,0.995697814028185
target_pose.position.0:m,interval.0.world_basis.3:dimensionless,-0.9948654256489343
target_pose.position.0:m,interval.1.world_basis.3:dimensionless,-0.9944005645198434
target_pose.position.0:m,interval.1.world_basis.5:dimensionless,0.9952219951963082
target_pose.position.1:m,target_twist.linear.2:m/s,-0.9955099542335283
target_pose.position.1:m,base_path.0.segment_duration.0:s,0.9922989564735014
target_pose.position.1:m,base_path.1.position.2:m,1.0
target_pose.position.1:m,base_path.3.position.0:m,0.9944082318373265
target_pose.position.1:m,base_path.5.position.1:m,-0.998803993042671
target_pose.position.1:m,base_path.5.position.2:m,0.9955099547147949
target_pose.position.1:m,requirement.1.position.2:m,1.0
target_pose.position.1:m,requirement.1.times.0:s,0.9922989564735014
target_pose.position.1:m,requirement.1.times.1:s,0.9922989564735014
target_pose.position.1:m,requirement.1.times.2:s,0.9922989564735014
target_pose.position.1:m,requirement.3.position.0:m,0.9944082318373265
target_pose.position.1:m,requirement.5.position.1:m,-0.998803993042671
target_pose.position.1:m,requirement.5.position.2:m,0.9955099547147949
target_pose.position.1:m,interval.1.times.1:s,0.9922989564735014
target_pose.position.1:m,interval.2.times.0:s,0.9922989564735014
target_pose.position.1:m,protected.2.times.0:s,0.9922989564735014
target_pose.position.1:m,protected.2.times.1:s,0.9922989564735014
target_pose.position.2:m,base_path.2.position.1:m,-0.9978961488049
target_pose.position.2:m,base_path.2.position.2:m,1.0
target_pose.position.2:m,base_path.2.segment_duration.0:s,0.9957562006383678
target_pose.position.2:m,base_path.4.position.0:m,-0.9955931239534814
target_pose.position.2:m,base_path.5.segment_duration.0:s,-0.9949078273625627
target_pose.position.2:m,base_path.6.position.0:m,0.9990074893417048
target_pose.position.2:m,requirement.2.position.1:m,-0.9978961488049
target_pose.position.2:m,requirement.2.position.2:m,1.0
target_pose.position.2:m,requirement.4.position.0:m,-0.9955931239534814
target_pose.position.2:m,requirement.5.times.0:s,0.9949078273625627
target_pose.position.2:m,requirement.5.times.1:s,0.9949078273625627
target_pose.position.2:m,requirement.5.times.2:s,0.9949078273625627
target_pose.position.2:m,requirement.6.position.0:m,0.9990074893417048
target_pose.position.2:m,obstacle.0.center.2:m,1.0
target_pose.position.2:m,interval.5.times.1:s,0.9949078273625627
target_pose.position.2:m,protected.6.times.0:s,0.9949078273625627
target_pose.position.2:m,protected.6.times.1:s,0.9949078273625627
target_twist.linear.0:m/s,target_twist.angular.2:rad/s,-0.9999999994624784
target_twist.linear.0:m/s,base_path.0.position.0:m,-0.9976694228971669
target_twist.linear.0:m/s,base_path.0.position.1:m,-0.9965038489264193
target_twist.linear.0:m/s,base_path.0.position.2:m,-0.9931800257106885
target_twist.linear.0:m/s,base_path.3.position.1:m,-0.9961145788773952
target_twist.linear.0:m/s,base_path.3.position.2:m,-1.0
target_twist.linear.0:m/s,base_path.3.segment_duration.0:s,0.9993711526324665
target_twist.linear.0:m/s,base_path.5.position.0:m,0.9988687845333721
target_twist.linear.0:m/s,requirement.0.position.0:m,-0.9976694228971669
target_twist.linear.0:m/s,requirement.0.position.1:m,-0.9965038489264193
target_twist.linear.0:m/s,requirement.0.position.2:m,-0.9931800257106885
target_twist.linear.0:m/s,requirement.2.times.0:s,-0.9996399106746299
target_twist.linear.0:m/s,requirement.2.times.1:s,-0.9996399106746299
target_twist.linear.0:m/s,requirement.2.times.2:s,-0.9996399106746299
target_twist.linear.0:m/s,requirement.3.position.1:m,-0.9961145788773952
target_twist.linear.0:m/s,requirement.3.position.2:m,-1.0
target_twist.linear.0:m/s,requirement.5.position.0:m,0.9988687845333721
target_twist.linear.0:m/s,obstacle.0.center.0:m,-0.993210246232362
target_twist.linear.0:m/s,interval.0.world_basis.0:dimensionless,-0.9929459974583208
target_twist.linear.0:m/s,interval.0.world_basis.1:dimensionless,-0.999710485437891
target_twist.linear.0:m/s,interval.0.world_basis.3:dimensionless,0.9998802424782609
target_twist.linear.0:m/s,interval.1.world_basis.2:dimensionless,0.9984239903823559
target_twist.linear.0:m/s,interval.1.world_basis.3:dimensionless,0.999939693104264
target_twist.linear.0:m/s,interval.1.world_basis.4:dimensionless,-0.999506229566843
target_twist.linear.0:m/s,interval.1.world_basis.5:dimensionless,-0.9998183096163161
target_twist.linear.0:m/s,interval.2.times.1:s,-0.9996399106746299
target_twist.linear.0:m/s,interval.3.times.0:s,-0.9996399106746299
target_twist.linear.0:m/s,protected.3.times.0:s,-0.9996399106746299
target_twist.linear.0:m/s,protected.3.times.1:s,-0.9996399106746299
target_twist.linear.1:m/s,base_path.4.position.1:m,-0.9911436408644765
target_twist.linear.1:m/s,base_path.4.position.2:m,-0.9999999999999999
target_twist.linear.1:m/s,requirement.4.position.1:m,-0.9911436408644765
target_twist.linear.1:m/s,requirement.4.position.2:m,-0.9999999999999999
target_twist.linear.1:m/s,interval.0.world_basis.2:dimensionless,0.9998784298869134
target_twist.linear.2:m/s,base_path.0.segment_duration.0:s,-0.9995682599273354
target_twist.linear.2:m/s,base_path.1.position.1:m,-0.9974136252811198
target_twist.linear.2:m/s,base_path.1.position.2:m,-0.9955099539284961
target_twist.linear.2:m/s,base_path.5.position.1:m,0.9989474339846625
target_twist.linear.2:m/s,base_path.5.position.2:m,-1.0
target_twist.linear.2:m/s,requirement.1.position.1:m,-0.9974136252811198
target_twist.linear.2:m/s,requirement.1.position.2:m,-0.9955099539284961
target_twist.linear.2:m/s,requirement.1.times.0:s,-0.9995682599273354
target_twist.linear.2:m/s,requirement.1.times.1:s,-0.9995682599273354
target_twist.linear.2:m/s,requirement.1.times.2:s,-0.9995682599273354
target_twist.linear.2:m/s,requirement.5.position.1:m,0.9989474339846625
target_twist.linear.2:m/s,requirement.5.position.2:m,-1.0
target_twist.linear.2:m/s,interval.1.times.1:s,-0.9995682599273354
target_twist.linear.2:m/s,interval.2.times.0:s,-0.9995682599273354
target_twist.linear.2:m/s,interval.3.world_basis.0:dimensionless,0.9976110514436725
target_twist.linear.2:m/s,protected.2.times.0:s,-0.9995682599273354
target_twist.linear.2:m/s,protected.2.times.1:s,-0.9995682599273354
target_twist.angular.0:rad/s,base_path.6.position.1:m,0.9996206722206799
target_twist.angular.0:rad/s,base_path.6.position.2:m,-0.9999999999999996
target_twist.angular.0:rad/s,requirement.6.position.1:m,0.9996206722206799
target_twist.angular.0:rad/s,requirement.6.position.2:m,-0.9999999999999996
target_twist.angular.0:rad/s,interval.3.world_basis.2:dimensionless,0.9991678004663994
target_twist.angular.0:rad/s,interval.5.world_basis.3:dimensionless,0.9986770964502723
target_twist.angular.1:rad/s,base_path.1.segment_duration.0:s,-0.9900296020252737
target_twist.angular.1:rad/s,requirement.3.times.0:s,-0.9929915731528234
target_twist.angular.1:rad/s,requirement.3.times.1:s,-0.9929915731528234
target_twist.angular.1:rad/s,requirement.3.times.2:s,-0.9929915731528234
target_twist.angular.1:rad/s,interval.3.times.1:s,-0.9929915731528234
target_twist.angular.1:rad/s,interval.4.times.0:s,-0.9929915731528234
target_twist.angular.1:rad/s,interval.4.world_basis.2:dimensionless,-0.9985439229790907
target_twist.angular.1:rad/s,interval.4.world_basis.4:dimensionless,0.9977779215795899
target_twist.angular.1:rad/s,protected.4.times.0:s,-0.9929915731528234
target_twist.angular.1:rad/s,protected.4.times.1:s,-0.9929915731528234
target_twist.angular.2:rad/s,base_path.0.position.0:m,0.9976716595700085
target_twist.angular.2:rad/s,base_path.0.position.1:m,0.9965011090680427
target_twist.angular.2:rad/s,base_path.0.position.2:m,0.9931762024112936
target_twist.angular.2:rad/s,base_path.3.position.1:m,0.9961174658607064
target_twist.angular.2:rad/s,base_path.3.position.2:m,0.9999999994627019
target_twist.angular.2:rad/s,base_path.3.segment_duration.0:s,-0.9993723147007605
target_twist.angular.2:rad/s,base_path.5.position.0:m,-0.9988703431103481
target_twist.angular.2:rad/s,requirement.0.position.0:m,0.9976716595700085
target_twist.angular.2:rad/s,requirement.0.position.1:m,0.9965011090680427
target_twist.angular.2:rad/s,requirement.0.position.2:m,0.9931762024112936
target_twist.angular.2:rad/s,requirement.2.times.0:s,0.9996407899577517
target_twist.angular.2:rad/s,requirement.2.times.1:s,0.9996407899577517
target_twist.angular.2:rad/s,requirement.2.times.2:s,0.9996407899577517
target_twist.angular.2:rad/s,requirement.3.position.1:m,0.9961174658607064
target_twist.angular.2:rad/s,requirement.3.position.2:m,0.9999999994627019
target_twist.angular.2:rad/s,requirement.5.position.0:m,-0.9988703431103481
target_twist.angular.2:rad/s,obstacle.0.center.0:m,0.9932064313831168
target_twist.angular.2:rad/s,interval.0.world_basis.0:dimensionless,0.9929421093511918
target_twist.angular.2:rad/s,interval.0.world_basis.1:dimensionless,0.9997096959826453
target_twist.angular.2:rad/s,interval.0.world_basis.3:dimensionless,-0.9998797345221536
target_twist.angular.2:rad/s,interval.1.world_basis.2:dimensionless,-0.9984258299238782
target_twist.angular.2:rad/s,interval.1.world_basis.3:dimensionless,-0.999939332481827
target_twist.angular.2:rad/s,interval.1.world_basis.4:dimensionless,0.9995072592661326
target_twist.angular.2:rad/s,interval.1.world_basis.5:dimensionless,0.9998176840871611
target_twist.angular.2:rad/s,interval.2.times.1:s,0.9996407899577517
target_twist.angular.2:rad/s,interval.3.times.0:s,0.9996407899577517
target_twist.angular.2:rad/s,protected.3.times.0:s,0.9996407899577517
target_twist.angular.2:rad/s,protected.3.times.1:s,0.9996407899577517
base_path.0.position.0:m,base_path.3.position.1:m,0.9998021003065842
base_path.0.position.0:m,base_path.3.position.2:m,0.9976694233627207
base_path.0.position.0:m,base_path.3.segment_duration.0:s,-0.9994614701141779
base_path.0.position.0:m,base_path.4.segment_duration.0:s,-0.9920538231866999
base_path.0.position.0:m,base_path.5.position.0:m,-0.9997854228597525
base_path.0.position.0:m,requirement.0.position.0:m,1.0
base_path.0.position.0:m,requirement.2.times.0:s,0.9991411147176478
base_path.0.position.0:m,requirement.2.times.1:s,0.9991411147176478
base_path.0.position.0:m,requirement.2.times.2:s,0.9991411147176478
base_path.0.position.0:m,requirement.3.position.1:m,0.9998021003065842
base_path.0.position.0:m,requirement.3.position.2:m,0.9976694233627207
base_path.0.position.0:m,requirement.5.position.0:m,-0.9997854228597525
base_path.0.position.0:m,interval.0.world_basis.1:dimensionless,0.9957388130651198
base_path.0.position.0:m,interval.0.world_basis.3:dimensionless,-0.9964939857525974
base_path.0.position.0:m,interval.1.world_basis.2:dimensionless,-0.9999263634199276
base_path.0.position.0:m,interval.1.world_basis.3:dimensionless,-0.9968599052156368
base_path.0.position.0:m,interval.1.world_basis.4:dimensionless,0.9993207671417379
base_path.0.position.0:m,interval.1.world_basis.5:dimensionless,0.9961875228937789
base_path.0.position.0:m,interval.2.times.1:s,0.9991411147176478
base_path.0.position.0:m,interval.3.times.0:s,0.9991411147176478
base_path.0.position.0:m,protected.3.times.0:s,0.9991411147176478
base_path.0.position.0:m,protected.3.times.1:s,0.9991411147176478
base_path.0.position.1:m,base_path.0.position.2:m,0.9994485222619648
base_path.0.position.1:m,base_path.3.position.2:m,0.9965038483563778
base_path.0.position.1:m,base_path.3.segment_duration.0:s,-0.9929147604952131
base_path.0.position.1:m,base_path.4.position.1:m,0.996552487821982
base_path.0.position.1:m,base_path.5.position.0:m,-0.9914038041010015
base_path.0.position.1:m,requirement.0.position.1:m,0.9999999999999998
base_path.0.position.1:m,requirement.0.position.2:m,0.9994485222619648
base_path.0.position.1:m,requirement.2.times.0:s,0.9939031445654062
base_path.0.position.1:m,requirement.2.times.1:s,0.9939031445654062
base_path.0.position.1:m,requirement.2.times.2:s,0.9939031445654062
base_path.0.position.1:m,requirement.3.position.2:m,0.9965038483563778
base_path.0.position.1:m,requirement.4.position.1:m,0.996552487821982
base_path.0.position.1:m,requirement.5.position.0:m,-0.9914038041010015
base_path.0.position.1:m,obstacle.0.center.0:m,0.9994571052285073
base_path.0.position.1:m,interval.0.world_basis.0:dimensionless,0.9993804493723045
base_path.0.position.1:m,interval.0.world_basis.1:dimensionless,0.9982255913153192
base_path.0.position.1:m,interval.0.world_basis.3:dimensionless,-0.9976774655605597
base_path.0.position.1:m,interval.1.world_basis.2:dimensionless,-0.9902446387561866
base_path.0.position.1:m,interval.1.world_basis.3:dimensionless,-0.9973612867499985
base_path.0.position.1:m,interval.1.world_basis.4:dimensionless,0.9933866549785727
base_path.0.position.1:m,interval.1.world_basis.5:dimensionless,0.9979153376581712
base_path.0.position.1:m,interval.2.times.1:s,0.9939031445654062
base_path.0.position.1:m,interval.3.times.0:s,0.9939031445654062
base_path.0.position.1:m,protected.3.times.0:s,0.9939031445654062
base_path.0.position.1:m,protected.3.times.1:s,0.9939031445654062
base_path.0.position.2:m,base_path.3.position.2:m,0.9931800249151866
base_path.0.position.2:m,base_path.4.position.1:m,0.9987578527826542
base_path.0.position.2:m,requirement.0.position.1:m,0.9994485222619647
base_path.0.position.2:m,requirement.0.position.2:m,0.9999999999999999
base_path.0.position.2:m,requirement.3.position.2:m,0.9931800249151866
base_path.0.position.2:m,requirement.4.position.1:m,0.9987578527826542
base_path.0.position.2:m,obstacle.0.center.0:m,0.9999999663329407
base_path.0.position.2:m,interval.0.world_basis.0:dimensionless,0.9999980191788421
base_path.0.position.2:m,interval.0.world_basis.1:dimensionless,0.9956978120401115
base_path.0.position.2:m,interval.0.world_basis.3:dimensionless,-0.9948654234774857
base_path.0.position.2:m,interval.1.world_basis.3:dimensionless,-0.9944005622524918
base_path.0.position.2:m,interval.1.world_basis.5:dimensionless,0.9952219931014273
base_path.0.segment_duration.0:s,base_path.1.position.1:m,0.9990948321884301
base_path.0.segment_duration.0:s,base_path.1.position.2:m,0.9922989560743424
base_path.0.segment_duration.0:s,base_path.5.position.1:m,-0.9971684128842934
base_path.0.segment_duration.0:s,base_path.5.position.2:m,0.9995682597779483
base_path.0.segment_duration.0:s,requirement.1.position.1:m,0.9990948321884301
base_path.0.segment_duration.0:s,requirement.1.position.2:m,0.9922989560743424
base_path.0.segment_duration.0:s,requirement.1.times.0:s,0.9999999999999999
base_path.0.segment_duration.0:s,requirement.1.times.1:s,0.9999999999999999
base_path.0.segment_duration.0:s,requirement.1.times.2:s,0.9999999999999999
base_path.0.segment_duration.0:s,requirement.5.position.1:m,-0.9971684128842934
base_path.0.segment_duration.0:s,requirement.5.position.2:m,0.9995682597779483
base_path.0.segment_duration.0:s,interval.1.times.1:s,0.9999999999999999
base_path.0.segment_duration.0:s,interval.2.times.0:s,0.9999999999999999
base_path.0.segment_duration.0:s,interval.3.world_basis.0:dimensionless,-0.9992100722684695
base_path.0.segment_duration.0:s,protected.2.times.0:s,0.9999999999999999
base_path.0.segment_duration.0:s,protected.2.times.1:s,0.9999999999999999
base_path.1.position.0:m,requirement.1.position.0:m,1.0
base_path.1.position.0:m,interval.2.world_basis.3:dimensionless,0.9992034154488644
base_path.1.position.0:m,interval.4.world_basis.0:dimensionless,-0.9975030006507245
base_path.1.position.1:m,base_path.5.position.1:m,-0.9930668868230781
base_path.1.position.1:m,base_path.5.position.2:m,0.9974136249156818
base_path.1.position.1:m,requirement.1.position.1:m,1.0
base_path.1.position.1:m,requirement.1.times.0:s,0.9990948321884301
base_path.1.position.1:m,requirement.1.times.1:s,0.9990948321884301
base_path.1.position.1:m,requirement.1.times.2:s,0.9990948321884301
base_path.1.position.1:m,requirement.5.position.1:m,-0.9930668868230781
base_path.1.position.1:m,requirement.5.position.2:m,0.9974136249156818
base_path.1.position.1:m,interval.1.times.1:s,0.9990948321884301
base_path.1.position.1:m,interval.2.times.0:s,0.9990948321884301
base_path.1.position.1:m,interval.3.world_basis.0:dimensionless,-0.9999960765396605
base_path.1.position.1:m,protected.2.times.0:s,0.9990948321884301
base_path.1.position.1:m,protected.2.times.1:s,0.9990948321884301
base_path.1.position.2:m,base_path.3.position.0:m,0.994408232177637
base_path.1.position.2:m,base_path.5.position.1:m,-0.9988039928851113
base_path.1.position.2:m,base_path.5.position.2:m,0.9955099544097624
base_path.1.position.2:m,requirement.1.position.2:m,0.9999999999999998
base_path.1.position.2:m,requirement.1.times.0:s,0.9922989560743423
base_path.1.position.2:m,requirement.1.times.1:s,0.9922989560743423
base_path.1.position.2:m,requirement.1.times.2:s,0.9922989560743423
base_path.1.position.2:m,requirement.3.position.0:m,0.994408232177637
base_path.1.position.2:m,requirement.5.position.1:m,-0.9988039928851113
base_path.1.position.2:m,requirement.5.position.2:m,0.9955099544097624
base_path.1.position.2:m,interval.1.times.1:s,0.9922989560743423
base_path.1.position.2:m,interval.2.times.0:s,0.9922989560743423
base_path.1.position.2:m,protected.2.times.0:s,0.9922989560743423
base_path.1.position.2:m,protected.2.times.1:s,0.9922989560743423
base_path.1.segment_duration.0:s,base_path.2.position.0:m,0.9942622768525934
base_path.1.segment_duration.0:s,requirement.2.position.0:m,0.9942622768525934
base_path.1.segment_duration.0:s,requirement.3.times.0:s,0.9997385517977229
base_path.1.segment_duration.0:s,requirement.3.times.1:s,0.9997385517977229
base_path.1.segment_duration.0:s,requirement.3.times.2:s,0.9997385517977229
base_path.1.segment_duration.0:s,interval.3.times.1:s,0.9997385517977229
base_path.1.segment_duration.0:s,interval.4.times.0:s,0.9997385517977229
base_path.1.segment_duration.0:s,interval.4.world_basis.2:dimensionless,0.9961866681235816
base_path.1.segment_duration.0:s,interval.4.world_basis.4:dimensionless,-0.9972147873900983
base_path.1.segment_duration.0:s,protected.4.times.0:s,0.9997385517977229
base_path.1.segment_duration.0:s,protected.4.times.1:s,0.9997385517977229
base_path.2.position.0:m,requirement.2.position.0:m,0.9999999999999998
base_path.2.position.0:m,requirement.3.times.0:s,0.9915564193385109
base_path.2.position.0:m,requirement.3.times.1:s,0.9915564193385109
base_path.2.position.0:m,requirement.3.times.2:s,0.9915564193385109
base_path.2.position.0:m,interval.3.times.1:s,0.9915564193385109
base_path.2.position.0:m,interval.4.times.0:s,0.9915564193385109
base_path.2.position.0:m,protected.4.times.0:s,0.9915564193385109
base_path.2.position.0:m,protected.4.times.1:s,0.9915564193385109
base_path.2.position.1:m,base_path.2.position.2:m,-0.9978961494459984
base_path.2.position.1:m,base_path.6.position.0:m,-0.994017915252927
base_path.2.position.1:m,requirement.2.position.1:m,1.0
base_path.2.position.1:m,requirement.2.position.2:m,-0.9978961494459984
base_path.2.position.1:m,requirement.6.position.0:m,-0.994017915252927
base_path.2.position.1:m,obstacle.0.center.2:m,-0.9978961483468515
base_path.2.position.1:m,interval.4.world_basis.3:dimensionless,0.993256545288291
base_path.2.position.1:m,interval.4.world_basis.5:dimensionless,-0.9926230398267148
base_path.2.position.2:m,base_path.2.segment_duration.0:s,0.9957561997283252
base_path.2.position.2:m,base_path.4.position.0:m,-0.995593123026156
base_path.2.position.2:m,base_path.5.segment_duration.0:s,-0.9949078263659104
base_path.2.position.2:m,base_path.6.position.0:m,0.9990074889012456
base_path.2.position.2:m,requirement.2.position.1:m,-0.9978961494459985
base_path.2.position.2:m,requirement.2.position.2:m,0.9999999999999998
base_path.2.position.2:m,requirement.4.position.0:m,-0.995593123026156
base_path.2.position.2:m,requirement.5.times.0:s,0.9949078263659104
base_path.2.position.2:m,requirement.5.times.1:s,0.9949078263659104
base_path.2.position.2:m,requirement.5.times.2:s,0.9949078263659104
base_path.2.position.2:m,requirement.6.position.0:m,0.9990074889012456
base_path.2.position.2:m,obstacle.0.center.2:m,1.0
base_path.2.position.2:m,interval.5.times.1:s,0.9949078263659104
base_path.2.position.2:m,protected.6.times.0:s,0.9949078263659104
base_path.2.position.2:m,protected.6.times.1:s,0.9949078263659104
base_path.2.segment_duration.0:s,base_path.4.position.0:m,-0.9999984594265445
base_path.2.segment_duration.0:s,base_path.5.segment_duration.0:s,-0.9999612836508189
base_path.2.segment_duration.0:s,base_path.6.position.0:m,0.9988671667216098
base_path.2.segment_duration.0:s,requirement.2.position.2:m,0.9957561997283252
base_path.2.segment_duration.0:s,requirement.4.position.0:m,-0.9999984594265445
base_path.2.segment_duration.0:s,requirement.5.times.0:s,0.9999612836508189
base_path.2.segment_duration.0:s,requirement.5.times.1:s,0.9999612836508189
base_path.2.segment_duration.0:s,requirement.5.times.2:s,0.9999612836508189
base_path.2.segment_duration.0:s,requirement.6.position.0:m,0.9988671667216098
base_path.2.segment_duration.0:s,obstacle.0.center.2:m,0.99575620128857
base_path.2.segment_duration.0:s,interval.3.world_basis.4:dimensionless,-0.9941490439014167
base_path.2.segment_duration.0:s,interval.5.times.1:s,0.9999612836508189
base_path.2.segment_duration.0:s,protected.6.times.0:s,0.9999612836508189
base_path.2.segment_duration.0:s,protected.6.times.1:s,0.9999612836508189
base_path.3.position.0:m,requirement.1.position.2:m,0.9944082321776369
base_path.3.position.0:m,requirement.3.position.0:m,0.9999999999999998
base_path.3.position.1:m,base_path.3.position.2:m,0.9961145794782759
base_path.3.position.1:m,base_path.3.segment_duration.0:s,-0.9986108809794821
base_path.3.position.1:m,base_path.4.segment_duration.0:s,-0.9943604088272691
base_path.3.position.1:m,base_path.5.position.0:m,-0.9991754685898123
base_path.3.position.1:m,requirement.0.position.0:m,0.9998021003065841
base_path.3.position.1:m,requirement.2.times.0:s,0.9981190468901494
base_path.3.position.1:m,requirement.2.times.1:s,0.9981190468901494
base_path.3.position.1:m,requirement.2.times.2:s,0.9981190468901494
base_path.3.position.1:m,requirement.3.position.1:m,1.0
base_path.3.position.1:m,requirement.3.position.2:m,0.9961145794782759
base_path.3.position.1:m,requirement.5.position.0:m,-0.9991754685898123
base_path.3.position.1:m,interval.0.world_basis.1:dimensionless,0.9937071911853117
base_path.3.position.1:m,interval.0.world_basis.3:dimensionless,-0.9946323829447302
base_path.3.position.1:m,interval.1.world_basis.2:dimensionless,-0.9994870601708424
base_path.3.position.1:m,interval.1.world_basis.3:dimensionless,-0.995087334291218
base_path.3.position.1:m,interval.1.world_basis.4:dimensionless,0.9983898960727735
base_path.3.position.1:m,interval.1.world_basis.5:dimensionless,0.9942548946984624
base_path.3.position.1:m,interval.2.times.1:s,0.9981190468901494
base_path.3.position.1:m,interval.3.times.0:s,0.9981190468901494
base_path.3.position.1:m,protected.3.times.0:s,0.9981190468901494
base_path.3.position.1:m,protected.3.times.1:s,0.9981190468901494
base_path.3.position.2:m,base_path.3.segment_duration.0:s,-0.9993711528743999
base_path.3.position.2:m,base_path.5.position.0:m,-0.9988687848578174
base_path.3.position.2:m,requirement.0.position.0:m,0.9976694233627208
base_path.3.position.2:m,requirement.0.position.1:m,0.9965038483563777
base_path.3.position.2:m,requirement.0.position.2:m,0.9931800249151869
base_path.3.position.2:m,requirement.2.times.0:s,0.9996399108577171
base_path.3.position.2:m,requirement.2.times.1:s,0.9996399108577171
base_path.3.position.2:m,requirement.2.times.2:s,0.9996399108577171
base_path.3.position.2:m,requirement.3.position.1:m,0.9961145794782759
base_path.3.position.2:m,requirement.3.position.2:m,0.9999999999999998
base_path.3.position.2:m,requirement.5.position.0:m,-0.9988687848578174
base_path.3.position.2:m,obstacle.0.center.0:m,0.993210245438619
base_path.3.position.2:m,interval.0.world_basis.0:dimensionless,0.992945996649333
base_path.3.position.2:m,interval.0.world_basis.1:dimensionless,0.9997104852737205
base_path.3.position.2:m,interval.0.world_basis.3:dimensionless,-0.999880242372669
base_path.3.position.2:m,interval.1.world_basis.2:dimensionless,-0.9984239907652683
base_path.3.position.2:m,interval.1.world_basis.3:dimensionless,-0.9999396930293319
base_path.3.position.2:m,interval.1.world_basis.4:dimensionless,0.9995062297812309
base_path.3.position.2:m,interval.1.world_basis.5:dimensionless,0.9998183094862579
base_path.3.position.2:m,interval.2.times.1:s,0.9996399108577171
base_path.3.position.2:m,interval.3.times.0:s,0.9996399108577171
base_path.3.position.2:m,protected.3.times.0:s,0.9996399108577171
base_path.3.position.2:m,protected.3.times.1:s,0.9996399108577171
base_path.3.segment_duration.0:s,base_path.5.position.0:m,0.9999267516965764
base_path.3.segment_duration.0:s,requirement.0.position.0:m,-0.9994614701141777
base_path.3.segment_duration.0:s,requirement.0.position.1:m,-0.992914760495213
base_path.3.segment_duration.0:s,requirement.2.times.0:s,-0.9999627712649821
base_path.3.segment_duration.0:s,requirement.2.times.1:s,-0.9999627712649821
base_path.3.segment_duration.0:s,requirement.2.times.2:s,-0.9999627712649821
base_path.3.segment_duration.0:s,requirement.3.position.1:m,-0.9986108809794821
base_path.3.segment_duration.0:s,requirement.3.position.2:m,-0.9993711528743998
base_path.3.segment_duration.0:s,requirement.5.position.0:m,0.9999267516965764
base_path.3.segment_duration.0:s,interval.0.world_basis.1:dimensionless,-0.9982286451667584
base_path.3.segment_duration.0:s,interval.0.world_basis.3:dimensionless,0.9987027226990697
base_path.3.segment_duration.0:s,interval.1.world_basis.2:dimensionless,0.9997860860049104
base_path.3.segment_duration.0:s,interval.1.world_basis.3:dimensionless,0.9989214699201707
base_path.3.segment_duration.0:s,interval.1.world_basis.4:dimensionless,-0.9999918416565327
base_path.3.segment_duration.0:s,interval.1.world_basis.5:dimensionless,-0.9985136794158533
base_path.3.segment_duration.0:s,interval.2.times.1:s,-0.9999627712649821
base_path.3.segment_duration.0:s,interval.3.times.0:s,-0.9999627712649821
base_path.3.segment_duration.0:s,protected.3.times.0:s,-0.9999627712649821
base_path.3.segment_duration.0:s,protected.3.times.1:s,-0.9999627712649821
base_path.4.position.0:m,base_path.5.segment_duration.0:s,0.9999751890658294
base_path.4.position.0:m,base_path.6.position.0:m,-0.9987821001011727
base_path.4.position.0:m,requirement.2.position.2:m,-0.9955931230261562
base_path.4.position.0:m,requirement.4.position.0:m,0.9999999999999998
base_path.4.position.0:m,requirement.5.times.0:s,-0.9999751890658294
base_path.4.position.0:m,requirement.5.times.1:s,-0.9999751890658294
base_path.4.position.0:m,requirement.5.times.2:s,-0.9999751890658294
base_path.4.position.0:m,requirement.6.position.0:m,-0.9987821001011727
base_path.4.position.0:m,obstacle.0.center.2:m,-0.9955931246160323
base_path.4.position.0:m,interval.3.world_basis.4:dimensionless,0.9943371166769488
base_path.4.position.0:m,interval.5.times.1:s,-0.9999751890658294
base_path.4.position.0:m,protected.6.times.0:s,-0.9999751890658294
base_path.4.position.0:m,protected.6.times.1:s,-0.9999751890658294
base_path.4.position.1:m,base_path.4.position.2:m,0.9911436430438002
base_path.4.position.1:m,requirement.0.position.1:m,0.9965524878219821
base_path.4.position.1:m,requirement.0.position.2:m,0.9987578527826539
base_path.4.position.1:m,requirement.4.position.1:m,0.9999999999999998
base_path.4.position.1:m,requirement.4.position.2:m,0.9911436430438002
base_path.4.position.1:m,obstacle.0.center.0:m,0.9987448895835713
base_path.4.position.1:m,interval.0.world_basis.0:dimensionless,0.9988550498407017
base_path.4.position.2:m,requirement.4.position.1:m,0.9911436430438003
base_path.4.position.2:m,requirement.4.position.2:m,1.0
base_path.4.position.2:m,interval.0.world_basis.2:dimensionless,-0.9998784296310207
base_path.4.segment_duration.0:s,requirement.0.position.0:m,-0.9920538231867
base_path.4.segment_duration.0:s,requirement.3.position.1:m,-0.9943604088272691
base_path.4.segment_duration.0:s,obstacle.0.center.1:m,0.9944672809006098
base_path.4.segment_duration.0:s,interval.1.world_basis.0:dimensionless,0.9947692529780326
base_path.4.segment_duration.0:s,interval.1.world_basis.2:dimensionless,0.9904539671551822
base_path.5.position.0:m,requirement.0.position.0:m,-0.9997854228597525
base_path.5.position.0:m,requirement.0.position.1:m,-0.9914038041010015
base_path.5.position.0:m,requirement.2.times.0:s,-0.9997850883187844
base_path.5.position.0:m,requirement.2.times.1:s,-0.9997850883187844
base_path.5.position.0:m,requirement.2.times.2:s,-0.9997850883187844
base_path.5.position.0:m,requirement.3.position.1:m,-0.9991754685898124
base_path.5.position.0:m,requirement.3.position.2:m,-0.9988687848578175
base_path.5.position.0:m,requirement.5.position.0:m,1.0
base_path.5.position.0:m,interval.0.world_basis.1:dimensionless,-0.9974354458581508
base_path.5.position.0:m,interval.0.world_basis.3:dimensionless,0.9980132634961237
base_path.5.position.0:m,interval.1.world_basis.2:dimensionless,0.9999631858494838
base_path.5.position.0:m,interval.1.world_basis.3:dimensionless,0.9982863219537156
base_path.5.position.0:m,interval.1.world_basis.4:dimensionless,-0.9998697038496858
base_path.5.position.0:m,interval.1.world_basis.5:dimensionless,-0.9977808868358407
base_path.5.position.0:m,interval.2.times.1:s,-0.9997850883187844
base_path.5.position.0:m,interval.3.times.0:s,-0.9997850883187844
base_path.5.position.0:m,protected.3.times.0:s,-0.9997850883187844
base_path.5.position.0:m,protected.3.times.1:s,-0.9997850883187844
base_path.5.position.1:m,base_path.5.position.2:m,-0.9989474342178786
base_path.5.position.1:m,requirement.1.position.1:m,-0.993066886823078
base_path.5.position.1:m,requirement.1.position.2:m,-0.9988039928851112
base_path.5.position.1:m,requirement.1.times.0:s,-0.9971684128842934
base_path.5.position.1:m,requirement.1.times.1:s,-0.9971684128842934
base_path.5.position.1:m,requirement.1.times.2:s,-0.9971684128842934
base_path.5.position.1:m,requirement.5.position.1:m,1.0
base_path.5.position.1:m,requirement.5.position.2:m,-0.9989474342178786
base_path.5.position.1:m,interval.1.times.1:s,-0.9971684128842934
base_path.5.position.1:m,interval.2.times.0:s,-0.9971684128842934
base_path.5.position.1:m,interval.3.world_basis.0:dimensionless,0.9933922773382962
base_path.5.position.1:m,protected.2.times.0:s,-0.9971684128842934
base_path.5.position.1:m,protected.2.times.1:s,-0.9971684128842934
base_path.5.position.2:m,requirement.1.position.1:m,0.9974136249156818
base_path.5.position.2:m,requirement.1.position.2:m,0.9955099544097622
base_path.5.position.2:m,requirement.1.times.0:s,0.9995682597779482
base_path.5.position.2:m,requirement.1.times.1:s,0.9995682597779482
base_path.5.position.2:m,requirement.1.times.2:s,0.9995682597779482
base_path.5.position.2:m,requirement.5.position.1:m,-0.9989474342178787
base_path.5.position.2:m,requirement.5.position.2:m,0.9999999999999998
base_path.5.position.2:m,interval.1.times.1:s,0.9995682597779482
base_path.5.position.2:m,interval.2.times.0:s,0.9995682597779482
base_path.5.position.2:m,interval.3.world_basis.0:dimensionless,-0.9976110510924419
base_path.5.position.2:m,protected.2.times.0:s,0.9995682597779482
base_path.5.position.2:m,protected.2.times.1:s,0.9995682597779482
base_path.5.segment_duration.0:s,base_path.6.position.0:m,-0.9984097653090027
base_path.5.segment_duration.0:s,requirement.2.position.2:m,-0.9949078263659104
base_path.5.segment_duration.0:s,requirement.4.position.0:m,0.9999751890658294
base_path.5.segment_duration.0:s,requirement.5.times.0:s,-1.0
base_path.5.segment_duration.0:s,requirement.5.times.1:s,-1.0
base_path.5.segment_duration.0:s,requirement.5.times.2:s,-1.0
base_path.5.segment_duration.0:s,requirement.6.position.0:m,-0.9984097653090027
base_path.5.segment_duration.0:s,obstacle.0.center.2:m,-0.9949078280746444
base_path.5.segment_duration.0:s,interval.3.world_basis.4:dimensionless,0.9950610499196046
base_path.5.segment_duration.0:s,interval.5.times.1:s,-1.0
base_path.5.segment_duration.0:s,protected.6.times.0:s,-1.0
base_path.5.segment_duration.0:s,protected.6.times.1:s,-1.0
base_path.6.position.0:m,requirement.2.position.1:m,-0.994017915252927
base_path.6.position.0:m,requirement.2.position.2:m,0.9990074889012456
base_path.6.position.0:m,requirement.4.position.0:m,-0.9987821001011727
base_path.6.position.0:m,requirement.5.times.0:s,0.9984097653090027
base_path.6.position.0:m,requirement.5.times.1:s,0.9984097653090027
base_path.6.position.0:m,requirement.5.times.2:s,0.9984097653090027
base_path.6.position.0:m,requirement.6.position.0:m,0.9999999999999999
base_path.6.position.0:m,obstacle.0.center.2:m,0.9990074896564016
base_path.6.position.0:m,interval.5.times.1:s,0.9984097653090027
base_path.6.position.0:m,protected.6.times.0:s,0.9984097653090027
base_path.6.position.0:m,protected.6.times.1:s,0.9984097653090027
base_path.6.position.1:m,base_path.6.position.2:m,-0.9996206726082125
base_path.6.position.1:m,requirement.6.position.1:m,1.0
base_path.6.position.1:m,requirement.6.position.2:m,-0.9996206726082125
base_path.6.position.1:m,interval.3.world_basis.2:dimensionless,0.9999121497490627
base_path.6.position.1:m,interval.5.world_basis.2:dimensionless,-0.9927250336990212
base_path.6.position.1:m,interval.5.world_basis.3:dimensionless,0.9997144442411869
base_path.6.position.2:m,requirement.6.position.1:m,-0.9996206726082126
base_path.6.position.2:m,requirement.6.position.2:m,1.0
base_path.6.position.2:m,interval.3.world_basis.2:dimensionless,-0.999167801040338
base_path.6.position.2:m,interval.5.world_basis.3:dimensionless,-0.9986770971738126
requirement.0.position.0:m,requirement.2.times.0:s,0.9991411147176478
requirement.0.position.0:m,requirement.2.times.1:s,0.9991411147176478
requirement.0.position.0:m,requirement.2.times.2:s,0.9991411147176478
requirement.0.position.0:m,requirement.3.position.1:m,0.9998021003065842
requirement.0.position.0:m,requirement.3.position.2:m,0.9976694233627207
requirement.0.position.0:m,requirement.5.position.0:m,-0.9997854228597525
requirement.0.position.0:m,interval.0.world_basis.1:dimensionless,0.9957388130651198
requirement.0.position.0:m,interval.0.world_basis.3:dimensionless,-0.9964939857525974
requirement.0.position.0:m,interval.1.world_basis.2:dimensionless,-0.9999263634199276
requirement.0.position.0:m,interval.1.world_basis.3:dimensionless,-0.9968599052156368
requirement.0.position.0:m,interval.1.world_basis.4:dimensionless,0.9993207671417379
requirement.0.position.0:m,interval.1.world_basis.5:dimensionless,0.9961875228937789
requirement.0.position.0:m,interval.2.times.1:s,0.9991411147176478
requirement.0.position.0:m,interval.3.times.0:s,0.9991411147176478
requirement.0.position.0:m,protected.3.times.0:s,0.9991411147176478
requirement.0.position.0:m,protected.3.times.1:s,0.9991411147176478
requirement.0.position.1:m,requirement.0.position.2:m,0.9994485222619648
requirement.0.position.1:m,requirement.2.times.0:s,0.9939031445654062
requirement.0.position.1:m,requirement.2.times.1:s,0.9939031445654062
requirement.0.position.1:m,requirement.2.times.2:s,0.9939031445654062
requirement.0.position.1:m,requirement.3.position.2:m,0.9965038483563778
requirement.0.position.1:m,requirement.4.position.1:m,0.996552487821982
requirement.0.position.1:m,requirement.5.position.0:m,-0.9914038041010015
requirement.0.position.1:m,obstacle.0.center.0:m,0.9994571052285073
requirement.0.position.1:m,interval.0.world_basis.0:dimensionless,0.9993804493723045
requirement.0.position.1:m,interval.0.world_basis.1:dimensionless,0.9982255913153192
requirement.0.position.1:m,interval.0.world_basis.3:dimensionless,-0.9976774655605597
requirement.0.position.1:m,interval.1.world_basis.2:dimensionless,-0.9902446387561866
requirement.0.position.1:m,interval.1.world_basis.3:dimensionless,-0.9973612867499985
requirement.0.position.1:m,interval.1.world_basis.4:dimensionless,0.9933866549785727
requirement.0.position.1:m,interval.1.world_basis.5:dimensionless,0.9979153376581712
requirement.0.position.1:m,interval.2.times.1:s,0.9939031445654062
requirement.0.position.1:m,interval.3.times.0:s,0.9939031445654062
requirement.0.position.1:m,protected.3.times.0:s,0.9939031445654062
requirement.0.position.1:m,protected.3.times.1:s,0.9939031445654062
requirement.0.position.2:m,requirement.3.position.2:m,0.9931800249151866
requirement.0.position.2:m,requirement.4.position.1:m,0.9987578527826542
requirement.0.position.2:m,obstacle.0.center.0:m,0.9999999663329407
requirement.0.position.2:m,interval.0.world_basis.0:dimensionless,0.9999980191788421
requirement.0.position.2:m,interval.0.world_basis.1:dimensionless,0.9956978120401115
requirement.0.position.2:m,interval.0.world_basis.3:dimensionless,-0.9948654234774857
requirement.0.position.2:m,interval.1.world_basis.3:dimensionless,-0.9944005622524918
requirement.0.position.2:m,interval.1.world_basis.5:dimensionless,0.9952219931014273
requirement.1.position.0:m,interval.2.world_basis.3:dimensionless,0.9992034154488644
requirement.1.position.0:m,interval.4.world_basis.0:dimensionless,-0.9975030006507245
requirement.1.position.1:m,requirement.1.times.0:s,0.9990948321884301
requirement.1.position.1:m,requirement.1.times.1:s,0.9990948321884301
requirement.1.position.1:m,requirement.1.times.2:s,0.9990948321884301
requirement.1.position.1:m,requirement.5.position.1:m,-0.9930668868230781
requirement.1.position.1:m,requirement.5.position.2:m,0.9974136249156818
requirement.1.position.1:m,interval.1.times.1:s,0.9990948321884301
requirement.1.position.1:m,interval.2.times.0:s,0.9990948321884301
requirement.1.position.1:m,interval.3.world_basis.0:dimensionless,-0.9999960765396605
requirement.1.position.1:m,protected.2.times.0:s,0.9990948321884301
requirement.1.position.1:m,protected.2.times.1:s,0.9990948321884301
requirement.1.position.2:m,requirement.1.times.0:s,0.9922989560743423
requirement.1.position.2:m,requirement.1.times.1:s,0.9922989560743423
requirement.1.position.2:m,requirement.1.times.2:s,0.9922989560743423
requirement.1.position.2:m,requirement.3.position.0:m,0.994408232177637
requirement.1.position.2:m,requirement.5.position.1:m,-0.9988039928851113
requirement.1.position.2:m,requirement.5.position.2:m,0.9955099544097624
requirement.1.position.2:m,interval.1.times.1:s,0.9922989560743423
requirement.1.position.2:m,interval.2.times.0:s,0.9922989560743423
requirement.1.position.2:m,protected.2.times.0:s,0.9922989560743423
requirement.1.position.2:m,protected.2.times.1:s,0.9922989560743423
requirement.1.times.0:s,requirement.1.times.1:s,0.9999999999999999
requirement.1.times.0:s,requirement.1.times.2:s,0.9999999999999999
requirement.1.times.0:s,requirement.5.position.1:m,-0.9971684128842934
requirement.1.times.0:s,requirement.5.position.2:m,0.9995682597779483
requirement.1.times.0:s,interval.1.times.1:s,0.9999999999999999
requirement.1.times.0:s,interval.2.times.0:s,0.9999999999999999
requirement.1.times.0:s,interval.3.world_basis.0:dimensionless,-0.9992100722684695
requirement.1.times.0:s,protected.2.times.0:s,0.9999999999999999
requirement.1.times.0:s,protected.2.times.1:s,0.9999999999999999
requirement.1.times.1:s,requirement.1.times.2:s,0.9999999999999999
requirement.1.times.1:s,requirement.5.position.1:m,-0.9971684128842934
requirement.1.times.1:s,requirement.5.position.2:m,0.9995682597779483
requirement.1.times.1:s,interval.1.times.1:s,0.9999999999999999
requirement.1.times.1:s,interval.2.times.0:s,0.9999999999999999
requirement.1.times.1:s,interval.3.world_basis.0:dimensionless,-0.9992100722684695
requirement.1.times.1:s,protected.2.times.0:s,0.9999999999999999
requirement.1.times.1:s,protected.2.times.1:s,0.9999999999999999
requirement.1.times.2:s,requirement.5.position.1:m,-0.9971684128842934
requirement.1.times.2:s,requirement.5.position.2:m,0.9995682597779483
requirement.1.times.2:s,interval.1.times.1:s,0.9999999999999999
requirement.1.times.2:s,interval.2.times.0:s,0.9999999999999999
requirement.1.times.2:s,interval.3.world_basis.0:dimensionless,-0.9992100722684695
requirement.1.times.2:s,protected.2.times.0:s,0.9999999999999999
requirement.1.times.2:s,protected.2.times.1:s,0.9999999999999999
requirement.2.position.0:m,requirement.3.times.0:s,0.9915564193385109
requirement.2.position.0:m,requirement.3.times.1:s,0.9915564193385109
requirement.2.position.0:m,requirement.3.times.2:s,0.9915564193385109
requirement.2.position.0:m,interval.3.times.1:s,0.9915564193385109
requirement.2.position.0:m,interval.4.times.0:s,0.9915564193385109
requirement.2.position.0:m,protected.4.times.0:s,0.9915564193385109
requirement.2.position.0:m,protected.4.times.1:s,0.9915564193385109
requirement.2.position.1:m,requirement.2.position.2:m,-0.9978961494459984
requirement.2.position.1:m,requirement.6.position.0:m,-0.994017915252927
requirement.2.position.1:m,obstacle.0.center.2:m,-0.9978961483468515
requirement.2.position.1:m,interval.4.world_basis.3:dimensionless,0.993256545288291
requirement.2.position.1:m,interval.4.world_basis.5:dimensionless,-0.9926230398267148
requirement.2.position.2:m,requirement.4.position.0:m,-0.995593123026156
requirement.2.position.2:m,requirement.5.times.0:s,0.9949078263659104
requirement.2.position.2:m,requirement.5.times.1:s,0.9949078263659104
requirement.2.position.2:m,requirement.5.times.2:s,0.9949078263659104
requirement.2.position.2:m,requirement.6.position.0:m,0.9990074889012456
requirement.2.position.2:m,obstacle.0.center.2:m,1.0
requirement.2.position.2:m,interval.5.times.1:s,0.9949078263659104
requirement.2.position.2:m,protected.6.times.0:s,0.9949078263659104
requirement.2.position.2:m,protected.6.times.1:s,0.9949078263659104
requirement.2.times.0:s,requirement.2.times.1:s,1.0
requirement.2.times.0:s,requirement.2.times.2:s,1.0
requirement.2.times.0:s,requirement.3.position.1:m,0.9981190468901494
requirement.2.times.0:s,requirement.3.position.2:m,0.999639910857717
requirement.2.times.0:s,requirement.5.position.0:m,-0.9997850883187845
requirement.2.times.0:s,interval.0.world_basis.1:dimensionless,0.998704846446698
requirement.2.times.0:s,interval.0.world_basis.3:dimensionless,-0.999104922586492
requirement.2.times.0:s,interval.1.world_basis.2:dimensionless,-0.9995703967777487
requirement.2.times.0:s,interval.1.world_basis.3:dimensionless,-0.9992849303649506
requirement.2.times.0:s,interval.1.world_basis.4:dimensionless,0.9999894682343242
requirement.2.times.0:s,interval.1.world_basis.5:dimensionless,0.9989467896908956
requirement.2.times.0:s,interval.2.times.1:s,1.0
requirement.2.times.0:s,interval.3.times.0:s,1.0
requirement.2.times.0:s,protected.3.times.0:s,1.0
requirement.2.times.0:s,protected.3.times.1:s,1.0
requirement.2.times.1:s,requirement.2.times.2:s,1.0
requirement.2.times.1:s,requirement.3.position.1:m,0.9981190468901494
requirement.2.times.1:s,requirement.3.position.2:m,0.999639910857717
requirement.2.times.1:s,requirement.5.position.0:m,-0.9997850883187845
requirement.2.times.1:s,interval.0.world_basis.1:dimensionless,0.998704846446698
requirement.2.times.1:s,interval.0.world_basis.3:dimensionless,-0.999104922586492
requirement.2.times.1:s,interval.1.world_basis.2:dimensionless,-0.9995703967777487
requirement.2.times.1:s,interval.1.world_basis.3:dimensionless,-0.9992849303649506
requirement.2.times.1:s,interval.1.world_basis.4:dimensionless,0.9999894682343242
requirement.2.times.1:s,interval.1.world_basis.5:dimensionless,0.9989467896908956
requirement.2.times.1:s,interval.2.times.1:s,1.0
requirement.2.times.1:s,interval.3.times.0:s,1.0
requirement.2.times.1:s,protected.3.times.0:s,1.0
requirement.2.times.1:s,protected.3.times.1:s,1.0
requirement.2.times.2:s,requirement.3.position.1:m,0.9981190468901494
requirement.2.times.2:s,requirement.3.position.2:m,0.999639910857717
requirement.2.times.2:s,requirement.5.position.0:m,-0.9997850883187845
requirement.2.times.2:s,interval.0.world_basis.1:dimensionless,0.998704846446698
requirement.2.times.2:s,interval.0.world_basis.3:dimensionless,-0.999104922586492
requirement.2.times.2:s,interval.1.world_basis.2:dimensionless,-0.9995703967777487
requirement.2.times.2:s,interval.1.world_basis.3:dimensionless,-0.9992849303649506
requirement.2.times.2:s,interval.1.world_basis.4:dimensionless,0.9999894682343242
requirement.2.times.2:s,interval.1.world_basis.5:dimensionless,0.9989467896908956
requirement.2.times.2:s,interval.2.times.1:s,1.0
requirement.2.times.2:s,interval.3.times.0:s,1.0
requirement.2.times.2:s,protected.3.times.0:s,1.0
requirement.2.times.2:s,protected.3.times.1:s,1.0
requirement.3.position.1:m,requirement.3.position.2:m,0.9961145794782759
requirement.3.position.1:m,requirement.5.position.0:m,-0.9991754685898123
requirement.3.position.1:m,interval.0.world_basis.1:dimensionless,0.9937071911853117
requirement.3.position.1:m,interval.0.world_basis.3:dimensionless,-0.9946323829447302
requirement.3.position.1:m,interval.1.world_basis.2:dimensionless,-0.9994870601708424
requirement.3.position.1:m,interval.1.world_basis.3:dimensionless,-0.995087334291218
requirement.3.position.1:m,interval.1.world_basis.4:dimensionless,0.9983898960727735
requirement.3.position.1:m,interval.1.world_basis.5:dimensionless,0.9942548946984624
requirement.3.position.1:m,interval.2.times.1:s,0.9981190468901494
requirement.3.position.1:m,interval.3.times.0:s,0.9981190468901494
requirement.3.position.1:m,protected.3.times.0:s,0.9981190468901494
requirement.3.position.1:m,protected.3.times.1:s,0.9981190468901494
requirement.3.position.2:m,requirement.5.position.0:m,-0.9988687848578174
requirement.3.position.2:m,obstacle.0.center.0:m,0.993210245438619
requirement.3.position.2:m,interval.0.world_basis.0:dimensionless,0.992945996649333
requirement.3.position.2:m,interval.0.world_basis.1:dimensionless,0.9997104852737205
requirement.3.position.2:m,interval.0.world_basis.3:dimensionless,-0.999880242372669
requirement.3.position.2:m,interval.1.world_basis.2:dimensionless,-0.9984239907652683
requirement.3.position.2:m,interval.1.world_basis.3:dimensionless,-0.9999396930293319
requirement.3.position.2:m,interval.1.world_basis.4:dimensionless,0.9995062297812309
requirement.3.position.2:m,interval.1.world_basis.5:dimensionless,0.9998183094862579
requirement.3.position.2:m,interval.2.times.1:s,0.9996399108577171
requirement.3.position.2:m,interval.3.times.0:s,0.9996399108577171
requirement.3.position.2:m,protected.3.times.0:s,0.9996399108577171
requirement.3.position.2:m,protected.3.times.1:s,0.9996399108577171
requirement.3.times.0:s,requirement.3.times.1:s,0.9999999999999999
requirement.3.times.0:s,requirement.3.times.2:s,0.9999999999999999
requirement.3.times.0:s,interval.3.times.1:s,0.9999999999999999
requirement.3.times.0:s,interval.4.times.0:s,0.9999999999999999
requirement.3.times.0:s,interval.4.world_basis.2:dimensionless,0.9979211682952359
requirement.3.times.0:s,interval.4.world_basis.4:dimensionless,-0.998659446736438
requirement.3.times.0:s,protected.4.times.0:s,0.9999999999999999
requirement.3.times.0:s,protected.4.times.1:s,0.9999999999999999
requirement.3.times.1:s,requirement.3.times.2:s,0.9999999999999999
requirement.3.times.1:s,interval.3.times.1:s,0.9999999999999999
requirement.3.times.1:s,interval.4.times.0:s,0.9999999999999999
requirement.3.times.1:s,interval.4.world_basis.2:dimensionless,0.9979211682952359
requirement.3.times.1:s,interval.4.world_basis.4:dimensionless,-0.998659446736438
requirement.3.times.1:s,protected.4.times.0:s,0.9999999999999999
requirement.3.times.1:s,protected.4.times.1:s,0.9999999999999999
requirement.3.times.2:s,interval.3.times.1:s,0.9999999999999999
requirement.3.times.2:s,interval.4.times.0:s,0.9999999999999999
requirement.3.times.2:s,interval.4.world_basis.2:dimensionless,0.9979211682952359
requirement.3.times.2:s,interval.4.world_basis.4:dimensionless,-0.998659446736438
requirement.3.times.2:s,protected.4.times.0:s,0.9999999999999999
requirement.3.times.2:s,protected.4.times.1:s,0.9999999999999999
requirement.4.position.0:m,requirement.5.times.0:s,-0.9999751890658294
requirement.4.position.0:m,requirement.5.times.1:s,-0.9999751890658294
requirement.4.position.0:m,requirement.5.times.2:s,-0.9999751890658294
requirement.4.position.0:m,requirement.6.position.0:m,-0.9987821001011727
requirement.4.position.0:m,obstacle.0.center.2:m,-0.9955931246160323
requirement.4.position.0:m,interval.3.world_basis.4:dimensionless,0.9943371166769488
requirement.4.position.0:m,interval.5.times.1:s,-0.9999751890658294
requirement.4.position.0:m,protected.6.times.0:s,-0.9999751890658294
requirement.4.position.0:m,protected.6.times.1:s,-0.9999751890658294
requirement.4.position.1:m,requirement.4.position.2:m,0.9911436430438002
requirement.4.position.1:m,obstacle.0.center.0:m,0.9987448895835713
requirement.4.position.1:m,interval.0.world_basis.0:dimensionless,0.9988550498407017
requirement.4.position.2:m,interval.0.world_basis.2:dimensionless,-0.9998784296310207
requirement.4.times.0:s,requirement.4.times.1:s,1.0
requirement.4.times.0:s,requirement.4.times.2:s,1.0
requirement.4.times.0:s,interval.2.world_basis.0:dimensionless,-0.9993418268537096
requirement.4.times.0:s,interval.2.world_basis.1:dimensionless,-0.9993285235858205
requirement.4.times.0:s,interval.2.world_basis.4:dimensionless,0.9996261336860494
requirement.4.times.0:s,interval.2.world_basis.5:dimensionless,-0.9998681212193679
requirement.4.times.0:s,interval.3.world_basis.3:dimensionless,-0.9929488780075917
requirement.4.times.0:s,interval.3.world_basis.5:dimensionless,-0.9952822168741186
requirement.4.times.0:s,interval.4.times.1:s,1.0
requirement.4.times.0:s,interval.5.times.0:s,1.0
requirement.4.times.0:s,interval.5.world_basis.0:dimensionless,0.9998747840711117
requirement.4.times.0:s,interval.5.world_basis.1:dimensionless,-0.9999566263681213
requirement.4.times.0:s,interval.5.world_basis.4:dimensionless,-0.9994670690772233
requirement.4.times.0:s,interval.5.world_basis.5:dimensionless,-0.9993285235858205
requirement.4.times.0:s,protected.5.times.0:s,1.0
requirement.4.times.0:s,protected.5.times.1:s,1.0
requirement.4.times.1:s,requirement.4.times.2:s,1.0
requirement.4.times.1:s,interval.2.world_basis.0:dimensionless,-0.9993418268537096
requirement.4.times.1:s,interval.2.world_basis.1:dimensionless,-0.9993285235858205
requirement.4.times.1:s,interval.2.world_basis.4:dimensionless,0.9996261336860494
requirement.4.times.1:s,interval.2.world_basis.5:dimensionless,-0.9998681212193679
requirement.4.times.1:s,interval.3.world_basis.3:dimensionless,-0.9929488780075917
requirement.4.times.1:s,interval.3.world_basis.5:dimensionless,-0.9952822168741186
requirement.4.times.1:s,interval.4.times.1:s,1.0
requirement.4.times.1:s,interval.5.times.0:s,1.0
requirement.4.times.1:s,interval.5.world_basis.0:dimensionless,0.9998747840711117
requirement.4.times.1:s,interval.5.world_basis.1:dimensionless,-0.9999566263681213
requirement.4.times.1:s,interval.5.world_basis.4:dimensionless,-0.9994670690772233
requirement.4.times.1:s,interval.5.world_basis.5:dimensionless,-0.9993285235858205
requirement.4.times.1:s,protected.5.times.0:s,1.0
requirement.4.times.1:s,protected.5.times.1:s,1.0
requirement.4.times.2:s,interval.2.world_basis.0:dimensionless,-0.9993418268537096
requirement.4.times.2:s,interval.2.world_basis.1:dimensionless,-0.9993285235858205
requirement.4.times.2:s,interval.2.world_basis.4:dimensionless,0.9996261336860494
requirement.4.times.2:s,interval.2.world_basis.5:dimensionless,-0.9998681212193679
requirement.4.times.2:s,interval.3.world_basis.3:dimensionless,-0.9929488780075917
requirement.4.times.2:s,interval.3.world_basis.5:dimensionless,-0.9952822168741186
requirement.4.times.2:s,interval.4.times.1:s,1.0
requirement.4.times.2:s,interval.5.times.0:s,1.0
requirement.4.times.2:s,interval.5.world_basis.0:dimensionless,0.9998747840711117
requirement.4.times.2:s,interval.5.world_basis.1:dimensionless,-0.9999566263681213
requirement.4.times.2:s,interval.5.world_basis.4:dimensionless,-0.9994670690772233
requirement.4.times.2:s,interval.5.world_basis.5:dimensionless,-0.9993285235858205
requirement.4.times.2:s,protected.5.times.0:s,1.0
requirement.4.times.2:s,protected.5.times.1:s,1.0
requirement.5.position.0:m,interval.0.world_basis.1:dimensionless,-0.9974354458581508
requirement.5.position.0:m,interval.0.world_basis.3:dimensionless,0.9980132634961237
requirement.5.position.0:m,interval.1.world_basis.2:dimensionless,0.9999631858494838
requirement.5.position.0:m,interval.1.world_basis.3:dimensionless,0.9982863219537156
requirement.5.position.0:m,interval.1.world_basis.4:dimensionless,-0.9998697038496858
requirement.5.position.0:m,interval.1.world_basis.5:dimensionless,-0.9977808868358407
requirement.5.position.0:m,interval.2.times.1:s,-0.9997850883187844
requirement.5.position.0:m,interval.3.times.0:s,-0.9997850883187844
requirement.5.position.0:m,protected.3.times.0:s,-0.9997850883187844
requirement.5.position.0:m,protected.3.times.1:s,-0.9997850883187844
requirement.5.position.1:m,requirement.5.position.2:m,-0.9989474342178786
requirement.5.position.1:m,interval.1.times.1:s,-0.9971684128842934
requirement.5.position.1:m,interval.2.times.0:s,-0.9971684128842934
requirement.5.position.1:m,interval.3.world_basis.0:dimensionless,0.9933922773382962
requirement.5.position.1:m,protected.2.times.0:s,-0.9971684128842934
requirement.5.position.1:m,protected.2.times.1:s,-0.9971684128842934
requirement.5.position.2:m,interval.1.times.1:s,0.9995682597779482
requirement.5.position.2:m,interval.2.times.0:s,0.9995682597779482
requirement.5.position.2:m,interval.3.world_basis.0:dimensionless,-0.9976110510924419
requirement.5.position.2:m,protected.2.times.0:s,0.9995682597779482
requirement.5.position.2:m,protected.2.times.1:s,0.9995682597779482
requirement.5.times.0:s,requirement.5.times.1:s,1.0
requirement.5.times.0:s,requirement.5.times.2:s,1.0
requirement.5.times.0:s,requirement.6.position.0:m,0.9984097653090027
requirement.5.times.0:s,obstacle.0.center.2:m,0.9949078280746444
requirement.5.times.0:s,interval.3.world_basis.4:dimensionless,-0.9950610499196046
requirement.5.times.0:s,interval.5.times.1:s,1.0
requirement.5.times.0:s,protected.6.times.0:s,1.0
requirement.5.times.0:s,protected.6.times.1:s,1.0
requirement.5.times.1:s,requirement.5.times.2:s,1.0
requirement.5.times.1:s,requirement.6.position.0:m,0.9984097653090027
requirement.5.times.1:s,obstacle.0.center.2:m,0.9949078280746444
requirement.5.times.1:s,interval.3.world_basis.4:dimensionless,-0.9950610499196046
requirement.5.times.1:s,interval.5.times.1:s,1.0
requirement.5.times.1:s,protected.6.times.0:s,1.0
requirement.5.times.1:s,protected.6.times.1:s,1.0
requirement.5.times.2:s,requirement.6.position.0:m,0.9984097653090027
requirement.5.times.2:s,obstacle.0.center.2:m,0.9949078280746444
requirement.5.times.2:s,interval.3.world_basis.4:dimensionless,-0.9950610499196046
requirement.5.times.2:s,interval.5.times.1:s,1.0
requirement.5.times.2:s,protected.6.times.0:s,1.0
requirement.5.times.2:s,protected.6.times.1:s,1.0
requirement.6.position.0:m,obstacle.0.center.2:m,0.9990074896564016
requirement.6.position.0:m,interval.5.times.1:s,0.9984097653090027
requirement.6.position.0:m,protected.6.times.0:s,0.9984097653090027
requirement.6.position.0:m,protected.6.times.1:s,0.9984097653090027
requirement.6.position.1:m,requirement.6.position.2:m,-0.9996206726082125
requirement.6.position.1:m,interval.3.world_basis.2:dimensionless,0.9999121497490627
requirement.6.position.1:m,interval.5.world_basis.2:dimensionless,-0.9927250336990212
requirement.6.position.1:m,interval.5.world_basis.3:dimensionless,0.9997144442411869
requirement.6.position.2:m,interval.3.world_basis.2:dimensionless,-0.999167801040338
requirement.6.position.2:m,interval.5.world_basis.3:dimensionless,-0.9986770971738126
obstacle.0.center.0:m,interval.0.world_basis.0:dimensionless,0.9999974690300764
obstacle.0.center.0:m,interval.0.world_basis.1:dimensionless,0.9957218226809673
obstacle.0.center.0:m,interval.0.world_basis.3:dimensionless,-0.9948916519170005
obstacle.0.center.0:m,interval.1.world_basis.3:dimensionless,-0.9944279505757955
obstacle.0.center.0:m,interval.1.world_basis.5:dimensionless,0.9952472955095577
obstacle.0.center.1:m,interval.1.world_basis.0:dimensionless,0.9999957517833571
obstacle.0.center.2:m,interval.5.times.1:s,0.9949078280746445
obstacle.0.center.2:m,protected.6.times.0:s,0.9949078280746445
obstacle.0.center.2:m,protected.6.times.1:s,0.9949078280746445
interval.0.world_basis.0:dimensionless,interval.0.world_basis.1:dimensionless,0.9955114106196631
interval.0.world_basis.0:dimensionless,interval.0.world_basis.3:dimensionless,-0.9946620124466997
interval.0.world_basis.0:dimensionless,interval.1.world_basis.3:dimensionless,-0.9941882554526678
interval.0.world_basis.0:dimensionless,interval.1.world_basis.5:dimensionless,0.9950256843331459
interval.0.world_basis.1:dimensionless,interval.0.world_basis.3:dimensionless,-0.9999631304258263
interval.0.world_basis.1:dimensionless,interval.1.world_basis.2:dimensionless,-0.9967845955654002
interval.0.world_basis.1:dimensionless,interval.1.world_basis.3:dimensionless,-0.9999144433912268
interval.0.world_basis.1:dimensionless,interval.1.world_basis.4:dimensionless,0.9984608215860845
interval.0.world_basis.1:dimensionless,interval.1.world_basis.5:dimensionless,0.9999874961900629
interval.0.world_basis.1:dimensionless,interval.2.times.1:s,0.998704846446698
interval.0.world_basis.1:dimensionless,interval.3.times.0:s,0.998704846446698
interval.0.world_basis.1:dimensionless,protected.3.times.0:s,0.998704846446698
interval.0.world_basis.1:dimensionless,protected.3.times.1:s,0.998704846446698
interval.0.world_basis.3:dimensionless,interval.1.world_basis.2:dimensionless,0.9974359079583955
interval.0.world_basis.3:dimensionless,interval.1.world_basis.3:dimensionless,0.9999899022605899
interval.0.world_basis.3:dimensionless,interval.1.world_basis.4:dimensionless,-0.9989002613577987
interval.0.world_basis.3:dimensionless,interval.1.world_basis.5:dimensionless,-0.9999935688405873
interval.0.world_basis.3:dimensionless,interval.2.times.1:s,-0.999104922586492
interval.0.world_basis.3:dimensionless,interval.3.times.0:s,-0.999104922586492
interval.0.world_basis.3:dimensionless,protected.3.times.0:s,-0.999104922586492
interval.0.world_basis.3:dimensionless,protected.3.times.1:s,-0.999104922586492
interval.1.times.1:s,interval.2.times.0:s,0.9999999999999999
interval.1.times.1:s,interval.3.world_basis.0:dimensionless,-0.9992100722684695
interval.1.times.1:s,protected.2.times.0:s,0.9999999999999999
interval.1.times.1:s,protected.2.times.1:s,0.9999999999999999
interval.1.world_basis.2:dimensionless,interval.1.world_basis.3:dimensionless,0.9977474458651348
interval.1.world_basis.2:dimensionless,interval.1.world_basis.4:dimensionless,-0.999694383250121
interval.1.world_basis.2:dimensionless,interval.1.world_basis.5:dimensionless,-0.9971728309376199
interval.1.world_basis.2:dimensionless,interval.2.times.1:s,-0.9995703967777487
interval.1.world_basis.2:dimensionless,interval.3.times.0:s,-0.9995703967777487
interval.1.world_basis.2:dimensionless,protected.3.times.0:s,-0.9995703967777487
interval.1.world_basis.2:dimensionless,protected.3.times.1:s,-0.9995703967777487
interval.1.world_basis.3:dimensionless,interval.1.world_basis.4:dimensionless,-0.9991008755724483
interval.1.world_basis.3:dimensionless,interval.1.world_basis.5:dimensionless,-0.9999673541396984
interval.1.world_basis.3:dimensionless,interval.2.times.1:s,-0.9992849303649506
interval.1.world_basis.3:dimensionless,interval.3.times.0:s,-0.9992849303649506
interval.1.world_basis.3:dimensionless,protected.3.times.0:s,-0.9992849303649506
interval.1.world_basis.3:dimensionless,protected.3.times.1:s,-0.9992849303649506
interval.1.world_basis.4:dimensionless,interval.1.world_basis.5:dimensionless,0.9987256863532062
interval.1.world_basis.4:dimensionless,interval.2.times.1:s,0.9999894682343242
interval.1.world_basis.4:dimensionless,interval.3.times.0:s,0.9999894682343242
interval.1.world_basis.4:dimensionless,protected.3.times.0:s,0.9999894682343242
interval.1.world_basis.4:dimensionless,protected.3.times.1:s,0.9999894682343242
interval.1.world_basis.5:dimensionless,interval.2.times.1:s,0.9989467896908955
interval.1.world_basis.5:dimensionless,interval.3.times.0:s,0.9989467896908955
interval.1.world_basis.5:dimensionless,protected.3.times.0:s,0.9989467896908955
interval.1.world_basis.5:dimensionless,protected.3.times.1:s,0.9989467896908955
interval.2.times.0:s,interval.3.world_basis.0:dimensionless,-0.9992100722684695
interval.2.times.0:s,protected.2.times.0:s,0.9999999999999999
interval.2.times.0:s,protected.2.times.1:s,0.9999999999999999
interval.2.times.1:s,interval.3.times.0:s,1.0
interval.2.times.1:s,protected.3.times.0:s,1.0
interval.2.times.1:s,protected.3.times.1:s,1.0
interval.2.world_basis.0:dimensionless,interval.2.world_basis.1:dimensionless,0.9999999334259871
interval.2.world_basis.0:dimensionless,interval.2.world_basis.4:dimensionless,-0.9999600570144711
interval.2.world_basis.0:dimensionless,interval.2.world_basis.5:dimensionless,0.9997991521303384
interval.2.world_basis.0:dimensionless,interval.3.world_basis.3:dimensionless,0.9965955669494467
interval.2.world_basis.0:dimensionless,interval.3.world_basis.5:dimensionless,0.9981466795443563
interval.2.world_basis.0:dimensionless,interval.4.times.1:s,-0.9993418268537095
interval.2.world_basis.0:dimensionless,interval.5.times.0:s,-0.9993418268537095
interval.2.world_basis.0:dimensionless,interval.5.world_basis.0:dimensionless,-0.9997907368301747
interval.2.world_basis.0:dimensionless,interval.5.world_basis.1:dimensionless,0.999636341777534
interval.2.world_basis.0:dimensionless,interval.5.world_basis.4:dimensionless,0.9999933952578338
interval.2.world_basis.0:dimensionless,interval.5.world_basis.5:dimensionless,0.9999999334259871
interval.2.world_basis.0:dimensionless,protected.5.times.0:s,-0.9993418268537095
interval.2.world_basis.0:dimensionless,protected.5.times.1:s,-0.9993418268537095
interval.2.world_basis.1:dimensionless,interval.2.world_basis.4:dimensionless,-0.9999567290865748
interval.2.world_basis.1:dimensionless,interval.2.world_basis.5:dimensionless,0.9997917725934604
interval.2.world_basis.1:dimensionless,interval.3.world_basis.3:dimensionless,0.9966255845485826
interval.2.world_basis.1:dimensionless,interval.3.world_basis.5:dimensionless,0.99816881837608
interval.2.world_basis.1:dimensionless,interval.4.times.1:s,-0.9993285235858206
interval.2.world_basis.1:dimensionless,interval.5.times.0:s,-0.9993285235858206
interval.2.world_basis.1:dimensionless,interval.5.world_basis.0:dimensionless,-0.99978320567881
interval.2.world_basis.1:dimensionless,interval.5.world_basis.1:dimensionless,0.9996264353529053
interval.2.world_basis.1:dimensionless,interval.5.world_basis.4:dimensionless,0.9999920024825852
interval.2.world_basis.1:dimensionless,interval.5.world_basis.5:dimensionless,1.0
interval.2.world_basis.1:dimensionless,protected.5.times.0:s,-0.9993285235858206
interval.2.world_basis.1:dimensionless,protected.5.times.1:s,-0.9993285235858206
interval.2.world_basis.2:dimensionless,interval.2.world_basis.3:dimensionless,-0.9913644579319542
interval.2.world_basis.2:dimensionless,interval.4.world_basis.0:dimensionless,0.9949291628701619
interval.2.world_basis.3:dimensionless,interval.4.world_basis.0:dimensionless,-0.9995267710153954
interval.2.world_basis.4:dimensionless,interval.2.world_basis.5:dimensionless,-0.999938342795808
interval.2.world_basis.4:dimensionless,interval.3.world_basis.3:dimensionless,-0.9958188772264244
interval.2.world_basis.4:dimensionless,interval.3.world_basis.5:dimensionless,-0.9975629095763863
interval.2.world_basis.4:dimensionless,interval.4.times.1:s,0.9996261336860495
interval.2.world_basis.4:dimensionless,interval.5.times.0:s,0.9996261336860495
interval.2.world_basis.4:dimensionless,interval.5.world_basis.0:dimensionless,0.9999336415236812
interval.2.world_basis.4:dimensionless,interval.5.world_basis.1:dimensionless,-0.9998374333491016
interval.2.world_basis.4:dimensionless,interval.5.world_basis.4:dimensionless,-0.9999859368080565
interval.2.world_basis.4:dimensionless,interval.5.world_basis.5:dimensionless,-0.999956729086575
interval.2.world_basis.4:dimensionless,protected.5.times.0:s,0.9996261336860495
interval.2.world_basis.4:dimensionless,protected.5.times.1:s,0.9996261336860495
interval.2.world_basis.5:dimensionless,interval.3.world_basis.3:dimensionless,0.9947430824900364
interval.2.world_basis.5:dimensionless,interval.3.world_basis.5:dimensionless,0.9967266085956331
interval.2.world_basis.5:dimensionless,interval.4.times.1:s,-0.9998681212193679
interval.2.world_basis.5:dimensionless,interval.5.times.0:s,-0.9998681212193679
interval.2.world_basis.5:dimensionless,interval.5.world_basis.0:dimensionless,-0.9999999136429082
interval.2.world_basis.5:dimensionless,interval.5.world_basis.1:dimensionless,0.999976008859048
interval.2.world_basis.5:dimensionless,interval.5.world_basis.4:dimensionless,0.9998653885608566
interval.2.world_basis.5:dimensionless,interval.5.world_basis.5:dimensionless,0.9997917725934604
interval.2.world_basis.5:dimensionless,protected.5.times.0:s,-0.9998681212193679
interval.2.world_basis.5:dimensionless,protected.5.times.1:s,-0.9998681212193679
interval.3.times.0:s,protected.3.times.0:s,1.0
interval.3.times.0:s,protected.3.times.1:s,1.0
interval.3.times.1:s,interval.4.times.0:s,0.9999999999999999
interval.3.times.1:s,interval.4.world_basis.2:dimensionless,0.9979211682952359
interval.3.times.1:s,interval.4.world_basis.4:dimensionless,-0.998659446736438
interval.3.times.1:s,protected.4.times.0:s,0.9999999999999999
interval.3.times.1:s,protected.4.times.1:s,0.9999999999999999
interval.3.world_basis.0:dimensionless,protected.2.times.0:s,-0.9992100722684695
interval.3.world_basis.0:dimensionless,protected.2.times.1:s,-0.9992100722684695
interval.3.world_basis.2:dimensionless,interval.5.world_basis.2:dimensionless,-0.9942337610271436
interval.3.world_basis.2:dimensionless,interval.5.world_basis.3:dimensionless,0.9999433616315855
interval.3.world_basis.3:dimensionless,interval.3.world_basis.5:dimensionless,0.9997656979955405
interval.3.world_basis.3:dimensionless,interval.4.times.1:s,-0.9929488780075917
interval.3.world_basis.3:dimensionless,interval.4.world_basis.3:dimensionless,0.9973649817158461
interval.3.world_basis.3:dimensionless,interval.4.world_basis.5:dimensionless,-0.9977382958522939
interval.3.world_basis.3:dimensionless,interval.5.times.0:s,-0.9929488780075917
interval.3.world_basis.3:dimensionless,interval.5.world_basis.0:dimensionless,-0.9947004393857481
interval.3.world_basis.3:dimensionless,interval.5.world_basis.1:dimensionless,0.9940098897860381
interval.3.world_basis.3:dimensionless,interval.5.world_basis.4:dimensionless,0.9962893378781209
interval.3.world_basis.3:dimensionless,interval.5.world_basis.5:dimensionless,0.9966255845485825
interval.3.world_basis.3:dimensionless,protected.5.times.0:s,-0.9929488780075917
interval.3.world_basis.3:dimensionless,protected.5.times.1:s,-0.9929488780075917
interval.3.world_basis.4:dimensionless,interval.5.times.1:s,-0.9950610499196046
interval.3.world_basis.4:dimensionless,interval.5.world_basis.2:dimensionless,-0.9965660662275256
interval.3.world_basis.4:dimensionless,protected.6.times.0:s,-0.9950610499196046
interval.3.world_basis.4:dimensionless,protected.6.times.1:s,-0.9950610499196046
interval.3.world_basis.5:dimensionless,interval.4.times.1:s,-0.9952822168741187
interval.3.world_basis.5:dimensionless,interval.4.world_basis.3:dimensionless,0.9955609411976698
interval.3.world_basis.5:dimensionless,interval.4.world_basis.5:dimensionless,-0.9960495178707613
interval.3.world_basis.5:dimensionless,interval.5.times.0:s,-0.9952822168741187
interval.3.world_basis.5:dimensionless,interval.5.world_basis.0:dimensionless,-0.9966929238374025
interval.3.world_basis.5:dimensionless,interval.5.world_basis.1:dimensionless,0.9961426855570198
interval.3.world_basis.5:dimensionless,interval.5.world_basis.4:dimensionless,0.9979189145274039
interval.3.world_basis.5:dimensionless,interval.5.world_basis.5:dimensionless,0.9981688183760798
interval.3.world_basis.5:dimensionless,protected.5.times.0:s,-0.9952822168741187
interval.3.world_basis.5:dimensionless,protected.5.times.1:s,-0.9952822168741187
interval.4.times.0:s,interval.4.world_basis.2:dimensionless,0.9979211682952359
interval.4.times.0:s,interval.4.world_basis.4:dimensionless,-0.998659446736438
interval.4.times.0:s,protected.4.times.0:s,0.9999999999999999
interval.4.times.0:s,protected.4.times.1:s,0.9999999999999999
interval.4.times.1:s,interval.5.times.0:s,1.0
interval.4.times.1:s,interval.5.world_basis.0:dimensionless,0.9998747840711117
interval.4.times.1:s,interval.5.world_basis.1:dimensionless,-0.9999566263681213
interval.4.times.1:s,interval.5.world_basis.4:dimensionless,-0.9994670690772233
interval.4.times.1:s,interval.5.world_basis.5:dimensionless,-0.9993285235858205
interval.4.times.1:s,protected.5.times.0:s,1.0
interval.4.times.1:s,protected.5.times.1:s,1.0
interval.4.world_basis.2:dimensionless,interval.4.world_basis.4:dimensionless,-0.9999192807247919
interval.4.world_basis.2:dimensionless,protected.4.times.0:s,0.9979211682952358
interval.4.world_basis.2:dimensionless,protected.4.times.1:s,0.9979211682952358
interval.4.world_basis.3:dimensionless,interval.4.world_basis.5:dimensionless,-0.9999857315680262
interval.4.world_basis.4:dimensionless,protected.4.times.0:s,-0.998659446736438
interval.4.world_basis.4:dimensionless,protected.4.times.1:s,-0.998659446736438
interval.5.times.0:s,interval.5.world_basis.0:dimensionless,0.9998747840711117
interval.5.times.0:s,interval.5.world_basis.1:dimensionless,-0.9999566263681213
interval.5.times.0:s,interval.5.world_basis.4:dimensionless,-0.9994670690772233
interval.5.times.0:s,interval.5.world_basis.5:dimensionless,-0.9993285235858205
interval.5.times.0:s,protected.5.times.0:s,1.0
interval.5.times.0:s,protected.5.times.1:s,1.0
interval.5.times.1:s,protected.6.times.0:s,1.0
interval.5.times.1:s,protected.6.times.1:s,1.0
interval.5.world_basis.0:dimensionless,interval.5.world_basis.1:dimensionless,-0.9999788012400178
interval.5.world_basis.0:dimensionless,interval.5.world_basis.4:dimensionless,-0.9998584834561076
interval.5.world_basis.0:dimensionless,interval.5.world_basis.5:dimensionless,-0.9997832056788101
interval.5.world_basis.0:dimensionless,protected.5.times.0:s,0.9998747840711116
interval.5.world_basis.0:dimensionless,protected.5.times.1:s,0.9998747840711116
interval.5.world_basis.1:dimensionless,interval.5.world_basis.4:dimensionless,0.9997277480926915
interval.5.world_basis.1:dimensionless,interval.5.world_basis.5:dimensionless,0.9996264353529051
interval.5.world_basis.1:dimensionless,protected.5.times.0:s,-0.9999566263681214
interval.5.world_basis.1:dimensionless,protected.5.times.1:s,-0.9999566263681214
interval.5.world_basis.2:dimensionless,interval.5.world_basis.3:dimensionless,-0.9953187459610068
interval.5.world_basis.4:dimensionless,interval.5.world_basis.5:dimensionless,0.9999920024825851
interval.5.world_basis.4:dimensionless,protected.5.times.0:s,-0.9994670690772233
interval.5.world_basis.4:dimensionless,protected.5.times.1:s,-0.9994670690772233
interval.5.world_basis.5:dimensionless,protected.5.times.0:s,-0.9993285235858206
interval.5.world_basis.5:dimensionless,protected.5.times.1:s,-0.9993285235858206
protected.2.times.0:s,protected.2.times.1:s,0.9999999999999999
protected.3.times.0:s,protected.3.times.1:s,1.0
protected.4.times.0:s,protected.4.times.1:s,0.9999999999999999
protected.5.times.0:s,protected.5.times.1:s,1.0
protected.6.times.0:s,protected.6.times.1:s,1.0
preference.A,preference.B,-1.0
preference.A,preferred_clearance.present,-1.0
preference.B,preferred_clearance.present,1.0
reference_family.v1,reference_family.v2,-1.0
