task_id,preference,family,n,unique_z,rank,max_distance_m,separated_modes_established
c1_mother_00_minus,A,v1,2,2,1,0.005000000000000001,False
c1_mother_00_minus,A,v2,8,8,4,0.012806248474865698,False
c1_mother_00_minus,B,v1,1,1,0,0.0,False
c1_mother_00_minus,B,v2,3,3,2,0.0058309518948453124,False
c1_mother_00_plus,A,v1,4,4,3,0.007071067811865475,False
c1_mother_00_plus,A,v2,2,2,1,0.008850514105420128,False
c1_mother_00_plus,B,v2,5,5,3,0.007071067811865475,False
c1_mother_01_minus,A,v1,1,1,0,0.0,False
c1_mother_01_plus,A,v1,6,6,4,0.01772004514666935,False
c1_mother_01_plus,A,v2,1,1,0,0.0,False
c1_mother_01_plus,B,v1,5,5,4,0.007071067811865476,False
c1_mother_01_plus,B,v2,2,2,0,6.7181109160556414e-18,False
c2_new_train_minus,A,v1,1,1,0,0.0,False
c2_new_train_plus,A,v1,6,6,4,0.01772004514666935,False
c2_new_train_plus,A,v2,1,1,0,0.0,False
c2_new_train_plus,B,v1,5,5,4,0.007071067811865476,False
c2_new_train_plus,B,v2,2,2,0,6.7181109160556414e-18,False
