task_id,split,preference,family,draw,noise_sha256,raw_z_m,raw_legal,rejection_reason,max_interval_norm_m,active_total_norm_m,nearest_matching_train_label_l2_m,inference_wall_s
c1_mother_00_minus,train,A,v1,0,764629913c298081644821f747679a512354cd06f7c748f61795bae5db4188f8,"[[0.0, 0.0], [-0.0012956409763142083, 0.0020183009320745766], [0.021769704923898042, 0.0010926804218091522], [0.0, 0.0], [0.0, 0.0], [0.0, 0.0]]",False,raw seed exceeds the original 20mm interval disk,0.02179710996847508,0.021928662229368057,0.0054494274705862294,0.005915600340813398
c1_mother_00_minus,train,A,v1,1,6fc171a11625fbdcb374c72b0c86af3a9266f8405ffae3c900ba5237a4ed5fe4,"[[0.0, 0.0], [-0.0006061451329980465, 0.0008595003385179464], [0.013691301473381122, -0.000793158400826633], [0.0, 0.0], [0.0, 0.0], [0.0, 0.0]]",True,,0.01371425667995936,0.013754526129168523,0.002143770901200187,0.008018000051379204
c1_mother_00_minus,train,A,v1,2,17765f411db43db0e355a5293e49f7a897079853b7e0285d6c8c123fe93e5c22,"[[0.0, 0.0], [-0.0005189675717861603, 0.0009532567054115296], [0.023001330811731814, 0.001076552213723523], [0.0, 0.0], [0.0, 0.0], [0.0, 0.0]]",False,raw seed exceeds the original 20mm interval disk,0.02302651045598521,0.02305207603376698,0.0061929768179521194,0.005896999966353178
c1_mother_00_minus,train,A,v1,3,850c706b6eb886b2722aa9f47ce56229bf1715e0b3bd5795e6fdda9b133c9b29,"[[0.0, 0.0], [-0.0011747705684235807, -0.0017553020693355883], [0.016734933374733547, -0.0008596952104274803], [0.0, 0.0], [0.0, 0.0], [0.0, 0.0]]",True,,0.016757000653804446,0.016889589756848764,0.002295758570431595,0.00521229999139905
c1_mother_00_minus,train,A,v1,4,869041fb3071a4da575168f0d3c072e98d829e4d2bb8b6be1402b5acd959b28c,"[[0.0, 0.0], [0.001310772558305142, 0.0012147738810245599], [0.018991159836290183, 0.0006630675873549222], [0.0, 0.0], [0.0, 0.0], [0.0, 0.0]]",True,,0.019002731660288267,0.01908658195787154,0.002756478986076464,0.005576299969106913
c1_mother_00_minus,train,A,v1,5,75c5014cc540a85fb6c5bcd51ebd033876e2cca88a74ce599e406bad96d384ed,"[[0.0, 0.0], [0.0003565777537892661, -0.000413019607738352], [0.015895112810030386, -0.0007795123285822352], [0.0, 0.0], [0.0, 0.0], [0.0, 0.0]]",True,,0.015914215365955175,0.0159235669246836,0.0014581317031888295,0.005889900028705597
c1_mother_00_minus,train,A,v1,6,3af8b8ff60354fe5932dc3ad59ab42f15e6cb756d675222a6018450960bc24e0,"[[0.0, 0.0], [-0.002670562515169752, -9.029036145309478e-05], [0.013382440246957209, 0.00093637838688464], [0.0, 0.0], [0.0, 0.0], [0.0, 0.0]]",True,,0.013415159762254223,0.013678690286120449,0.0031508732149410504,0.006211800035089254
c1_mother_00_minus,train,A,v1,7,72374e4b261425b69e89392e0eba1231edb19c8a4e49860a0e6848864a2bff3d,"[[0.0, 0.0], [-0.0002368188007247984, -0.00024713320144666015], [0.016732666820282703, 0.0042533191788961975], [0.0, 0.0], [0.0, 0.0], [0.0, 0.0]]",True,,0.01726478679150588,0.017268179432696137,0.004275435536898923,0.005303900223225355
c1_mother_00_minus,train,B,v2,0,764629913c298081644821f747679a512354cd06f7c748f61795bae5db4188f8,"[[0.0, 0.0], [-0.002085934245563948, 0.0018145099424643429], [0.012586655296375683, 0.00015338325264516053], [0.0, 0.0], [0.0, 0.0], [0.0, 0.0]]",True,,0.012587589839678366,0.012887629183837205,0.005210058147786762,0.006294399965554476
c1_mother_00_minus,train,B,v2,1,6fc171a11625fbdcb374c72b0c86af3a9266f8405ffae3c900ba5237a4ed5fe4,"[[0.0, 0.0], [-0.00138712913479086, 0.0006863892378684387], [0.004847309222889403, -0.0016972729664474682], [0.0, 0.0], [0.0, 0.0], [0.0, 0.0]]",True,,0.005135868205565838,0.0053639910185783604,0.01236785697156745,0.005555199924856424
c1_mother_00_minus,train,B,v2,2,17765f411db43db0e355a5293e49f7a897079853b7e0285d6c8c123fe93e5c22,"[[0.0, 0.0], [-0.0013297624635780442, 0.0007630651706503443], [0.0137450678944597, 0.00012824400463525714], [0.0, 0.0], [0.0, 0.0], [0.0, 0.0]]",True,,0.013745666151483227,0.013830902884925209,0.003600217521289887,0.006149999797344208
c1_mother_00_minus,train,B,v2,3,850c706b6eb886b2722aa9f47ce56229bf1715e0b3bd5795e6fdda9b133c9b29,"[[0.0, 0.0], [-0.001953648287996301, -0.0018990424154720327], [0.007748930744933947, -0.0017698265620736445], [0.0, 0.0], [0.0, 0.0], [0.0, 0.0]]",True,,0.00794847241610638,0.008402459013798087,0.009804982006653681,0.005784899927675724
c1_mother_00_minus,train,B,v2,4,869041fb3071a4da575168f0d3c072e98d829e4d2bb8b6be1402b5acd959b28c,"[[0.0, 0.0], [0.0004690039100628818, 0.0010307790613276998], [0.009888749834685283, -0.0002792086946729703], [0.0, 0.0], [0.0, 0.0], [0.0, 0.0]]",True,,0.009892690775929934,0.009957298877160166,0.007206268559372143,0.005218000151216984
c1_mother_00_minus,train,B,v2,5,75c5014cc540a85fb6c5bcd51ebd033876e2cca88a74ce599e406bad96d384ed,"[[0.0, 0.0], [-0.00045398976339781644, -0.0005703050324497649], [0.006931770985196919, -0.0016974328891214726], [0.0, 0.0], [0.0, 0.0], [0.0, 0.0]]",True,,0.0071365767286766515,0.007173707684286883,0.010236301502149171,0.005475899670273066
c1_mother_00_minus,train,B,v2,6,3af8b8ff60354fe5932dc3ad59ab42f15e6cb756d675222a6018450960bc24e0,"[[0.0, 0.0], [-0.0034113529766012845, -0.00025957187433460374], [0.004584415763997941, 4.0451362013699883e-05], [0.0, 0.0], [0.0, 0.0], [0.0, 0.0]]",True,,0.004584594225215748,0.005720420517653716,0.012878395665721085,0.005207200068980455
c1_mother_00_minus,train,B,v2,7,72374e4b261425b69e89392e0eba1231edb19c8a4e49860a0e6848864a2bff3d,"[[0.0, 0.0], [-0.0010499689570465749, -0.000422247094730028], [0.007780525587134875, 0.0033232035205581797], [0.0, 0.0], [0.0, 0.0], [0.0, 0.0]]",True,,0.008460511807870183,0.008535864775808024,0.00943880725000318,0.005180600099265575
c1_mother_00_plus,train,A,v1,0,764629913c298081644821f747679a512354cd06f7c748f61795bae5db4188f8,"[[0.0, 0.0], [-0.0007586807192138687, 0.0021086914845501624], [-0.0047959436425369, -0.0006641226688361352], [0.0, 0.0], [0.0, 0.0], [0.0, 0.0]]",True,,0.004841707791849084,0.005335195455873513,0.005335195455873513,0.005198299884796143
c1_mother_00_plus,train,A,v1,1,6fc171a11625fbdcb374c72b0c86af3a9266f8405ffae3c900ba5237a4ed5fe4,"[[0.0, 0.0], [4.5114255334954096e-05, 0.0009896305853931992], [-0.012540192509224238, -0.0024779769871576076], [0.0, 0.0], [0.0, 0.0], [0.0, 0.0]]",True,,0.01278267570257833,0.0128210062830055,0.006504605118023445,0.0051958998665213585
c1_mother_00_plus,train,A,v1,2,17765f411db43db0e355a5293e49f7a897079853b7e0285d6c8c123fe93e5c22,"[[0.0, 0.0], [0.00010568336780697636, 0.0010556000350022301], [-0.003707030112887165, -0.0006892828209325363], [0.0, 0.0], [0.0, 0.0], [0.0, 0.0]]",True,,0.0037705680029784558,0.003916968658696758,0.003916968658696758,0.005232200026512146
c1_mother_00_plus,train,A,v1,3,850c706b6eb886b2722aa9f47ce56229bf1715e0b3bd5795e6fdda9b133c9b29,"[[0.0, 0.0], [-0.00041271717078291, -0.0015977918295098773], [-0.009781984797624075, -0.002537827310489621], [0.0, 0.0], [0.0, 0.0], [0.0, 0.0]]",True,,0.010105829705611287,0.010239681061064503,0.004806819613241849,0.0063252998515963554
c1_mother_00_plus,train,A,v1,4,869041fb3071a4da575168f0d3c072e98d829e4d2bb8b6be1402b5acd959b28c,"[[0.0, 0.0], [0.002003397157808821, 0.0013243551543806612], [-0.00754323408175778, -0.0010970600866420498], [0.0, 0.0], [0.0, 0.0], [0.0, 0.0]]",True,,0.007622592816482801,0.007991960835286062,0.007991960835286062,0.006198899820446968
c1_mother_00_plus,train,A,v1,5,75c5014cc540a85fb6c5bcd51ebd033876e2cca88a74ce599e406bad96d384ed,"[[0.0, 0.0], [0.0011148662104291595, -0.0002687545353662573], [-0.010537953906578065, -0.0024807437648392185], [0.0, 0.0], [0.0, 0.0], [0.0, 0.0]]",True,,0.010826013216505538,0.010886584305069665,0.005649714923768549,0.005182200111448765
c1_mother_00_plus,train,A,v1,6,3af8b8ff60354fe5932dc3ad59ab42f15e6cb756d675222a6018450960bc24e0,"[[0.0, 0.0], [-0.002083704949181738, 3.542941172447316e-05], [-0.012910075869371644, -0.000740202065677278], [0.0, 0.0], [0.0, 0.0], [0.0, 0.0]]",True,,0.012931278283718315,0.013098131149497035,0.005574362103572911,0.005276800133287907
c1_mother_00_plus,train,A,v1,7,72374e4b261425b69e89392e0eba1231edb19c8a4e49860a0e6848864a2bff3d,"[[0.0, 0.0], [0.00040383349194163926, -0.00014852792409182451], [-0.009851851970510294, 0.002491682819785363], [0.0, 0.0], [0.0, 0.0], [0.0, 0.0]]",True,,0.010162060348337885,0.010171165742269167,0.005875617926954116,0.00577589962631464
c1_mother_00_plus,train,B,v2,0,764629913c298081644821f747679a512354cd06f7c748f61795bae5db4188f8,"[[0.0, 0.0], [-0.0018562820932067235, 0.0018736037430586243], [-0.015309237447600401, -0.001786391062811209], [0.0, 0.0], [0.0, 0.0], [0.0, 0.0]]",True,,0.015413109493424816,0.01563713907503113,0.0045933016131597315,0.005649699829518795
c1_mother_00_plus,train,B,v2,1,6fc171a11625fbdcb374c72b0c86af3a9266f8405ffae3c900ba5237a4ed5fe4,"[[0.0, 0.0], [-0.0010330641287224075, 0.0007773980639698262], [-0.022776800260688554, -0.0035714307650926095], [0.0, 0.0], [0.0, 0.0], [0.0, 0.0]]",False,raw seed exceeds the original 20mm interval disk,0.0230551024249547,0.02309132558059561,0.0038329716076473124,0.006286699790507555
c1_mother_00_plus,train,B,v2,2,17765f411db43db0e355a5293e49f7a897079853b7e0285d6c8c123fe93e5c22,"[[0.0, 0.0], [-0.0009964050032906081, 0.0008296752727998631], [-0.01426727329735495, -0.0018183208366001997], [0.0, 0.0], [0.0, 0.0], [0.0, 0.0]]",True,,0.014382676315840249,0.014441002804345345,0.0031824523340643,0.0051819998770952225
c1_mother_00_plus,train,B,v2,3,850c706b6eb886b2722aa9f47ce56229bf1715e0b3bd5795e6fdda9b133c9b29,"[[0.0, 0.0], [-0.0014932269982330852, -0.0017910365151130995], [-0.020109495390547783, -0.0036336762094027336], [0.0, 0.0], [0.0, 0.0], [0.0, 0.0]]",False,raw seed exceeds the original 20mm interval disk,0.02043515127561433,0.020567764738151847,0.002723612253055595,0.0053543997928500175
c1_mother_00_plus,train,B,v2,4,869041fb3071a4da575168f0d3c072e98d829e4d2bb8b6be1402b5acd959b28c,"[[0.0, 0.0], [0.0008999388944192033, 0.0011043384897784277], [-0.01798383805318773, -0.0022216469746523973], [0.0, 0.0], [0.0, 0.0], [0.0, 0.0]]",True,,0.018120544870485138,0.018176457298301002,0.0033098389639877614,0.005934900138527155
c1_mother_00_plus,train,B,v2,5,75c5014cc540a85fb6c5bcd51ebd033876e2cca88a74ce599e406bad96d384ed,"[[0.0, 0.0], [2.768498348993797e-05, -0.00046993186491925404], [-0.02085332126551432, -0.0035846472775963676], [0.0, 0.0], [0.0, 0.0], [0.0, 0.0]]",False,raw seed exceeds the original 20mm interval disk,0.02115917540707886,0.02116441131530731,0.001982016763008805,0.005165500100702047
c1_mother_00_plus,train,B,v2,6,3af8b8ff60354fe5932dc3ad59ab42f15e6cb756d675222a6018450960bc24e0,"[[0.0, 0.0], [-0.003159794133119378, -0.00017681166410316176], [-0.0231405864629754, -0.001824566028625851], [0.0, 0.0], [0.0, 0.0], [0.0, 0.0]]",False,raw seed exceeds the original 20mm interval disk,0.023212405800417495,0.023427149727858795,0.004075529968151965,0.006133100017905235
c1_mother_00_plus,train,B,v2,7,72374e4b261425b69e89392e0eba1231edb19c8a4e49860a0e6848864a2bff3d,"[[0.0, 0.0], [-0.0007079973704011966, -0.0003667324616880985], [-0.02023645614320692, 0.0013813625219489798], [0.0, 0.0], [0.0, 0.0], [0.0, 0.0]]",False,raw seed exceeds the original 20mm interval disk,0.020283548004552416,0.02029921359629316,0.0016123978726282962,0.004991400055587292
c1_mother_01_minus,train,A,v1,0,764629913c298081644821f747679a512354cd06f7c748f61795bae5db4188f8,"[[0.0, 0.0], [-0.0009840462846959636, 0.0018285730063482956], [0.002340298043093131, -0.0045237860630375085], [0.0, 0.0], [0.0, 0.0], [0.0, 0.0]]",True,,0.005093293165981901,0.0055003328630736075,0.0031647750274280836,0.0051449998281896114
c1_mother_01_minus,train,A,v1,1,6fc171a11625fbdcb374c72b0c86af3a9266f8405ffae3c900ba5237a4ed5fe4,"[[0.0, 0.0], [-0.000143456926735617, 0.0007442876581544654], [-0.004269234093852982, -0.005826209144721433], [0.0, 0.0], [0.0, 0.0], [0.0, 0.0]]",True,,0.007222954571790712,0.007262617761803374,0.004414014647330421,0.006466499995440245
c1_mother_01_minus,train,A,v1,2,17765f411db43db0e355a5293e49f7a897079853b7e0285d6c8c123fe93e5c22,"[[0.0, 0.0], [-0.0002594998803996583, 0.0008870188370721932], [0.003148849214166605, -0.004506683442380039], [0.0, 0.0], [0.0, 0.0], [0.0, 0.0]]",True,,0.005497767458103338,0.005574907140807673,0.0033185471527202985,0.005246500018984079
c1_mother_01_minus,train,A,v1,3,850c706b6eb886b2722aa9f47ce56229bf1715e0b3bd5795e6fdda9b133c9b29,"[[0.0, 0.0], [-0.0005948720658114098, -0.0015568998454342448], [-0.0021001476721316916, -0.0057917227883291745], [0.0, 0.0], [0.0, 0.0], [0.0, 0.0]]",True,,0.0061607364090351755,0.006382200482984496,0.002795577779586144,0.005566699896007776
c1_mother_01_minus,train,A,v1,4,869041fb3071a4da575168f0d3c072e98d829e4d2bb8b6be1402b5acd959b28c,"[[0.0, 0.0], [0.0014350918060559526, 0.0010790082515181147], [-0.00019349918662528833, -0.0048190174263016755], [0.0, 0.0], [0.0, 0.0], [0.0, 0.0]]",True,,0.004822900671818141,0.0051462722614409925,0.001814922567455767,0.005498900078237057
c1_mother_01_minus,train,A,v1,5,75c5014cc540a85fb6c5bcd51ebd033876e2cca88a74ce599e406bad96d384ed,"[[0.0, 0.0], [0.0007360991048569151, -0.0003732061078062954], [-0.002689188784753329, -0.005777107369227149], [0.0, 0.0], [0.0, 0.0], [0.0, 0.0]]",True,,0.006372339121203588,0.006425560720022556,0.00291834831273193,0.005525599699467421
c1_mother_01_minus,train,A,v1,6,3af8b8ff60354fe5932dc3ad59ab42f15e6cb756d675222a6018450960bc24e0,"[[0.0, 0.0], [-0.002020774030624045, -0.00013388354946354422], [-0.0049448553220488465, -0.0046310304390674625], [0.0, 0.0], [0.0, 0.0], [0.0, 0.0]]",True,,0.006774809007165012,0.007071031719008598,0.0053562286340811715,0.005451100412756205
c1_mother_01_minus,train,A,v1,7,72374e4b261425b69e89392e0eba1231edb19c8a4e49860a0e6848864a2bff3d,"[[0.0, 0.0], [-1.1653744212768158e-05, -0.00030799504050097294], [-0.003036276262979063, -0.0023620026542192176], [0.0, 0.0], [0.0, 0.0], [0.0, 0.0]]",True,,0.003846820776130431,0.003859148460268937,0.003859148460268937,0.005221800412982702
c1_mother_01_minus,train,B,v2,0,764629913c298081644821f747679a512354cd06f7c748f61795bae5db4188f8,"[[0.0, 0.0], [-0.0018132740381864372, 0.0017635276969067666], [-0.007689136151909464, -0.005481507683653648], [0.0, 0.0], [0.0, 0.0], [0.0, 0.0]]",True,,0.009442973114891043,0.00977587509759987,0.007418117434905309,0.005548399873077869
c1_mother_01_minus,train,B,v2,1,6fc171a11625fbdcb374c72b0c86af3a9266f8405ffae3c900ba5237a4ed5fe4,"[[0.0, 0.0], [-0.0009521583314259425, 0.0007037416174734814], [-0.014051943251903478, -0.006762080736864312], [0.0, 0.0], [0.0, 0.0], [0.0, 0.0]]",True,,0.015594320922906106,0.015639204033417273,0.00580408385055862,0.005552300252020359
c1_mother_01_minus,train,B,v2,2,17765f411db43db0e355a5293e49f7a897079853b7e0285d6c8c123fe93e5c22,"[[0.0, 0.0], [-0.0010980084970067484, 0.0008270966318967321], [-0.006908885314522869, -0.00546759761716351], [0.0, 0.0], [0.0, 0.0], [0.0, 0.0]]",True,,0.008810636752950485,0.008917232277474653,0.0075963006747947325,0.005188100039958954
c1_mother_01_minus,train,B,v2,3,850c706b6eb886b2722aa9f47ce56229bf1715e0b3bd5795e6fdda9b133c9b29,"[[0.0, 0.0], [-0.0014008170152359004, -0.0015849844215210136], [-0.011937619740029262, -0.006726765398784191], [0.0, 0.0], [0.0, 0.0], [0.0, 0.0]]",True,,0.013702413575272661,0.013864725086147769,0.007051788989593558,0.005494300276041031
c1_mother_01_minus,train,B,v2,4,869041fb3071a4da575168f0d3c072e98d829e4d2bb8b6be1402b5acd959b28c,"[[0.0, 0.0], [0.0005861039133136924, 0.0010255008436099817], [-0.010143574485362947, -0.005775725904075285], [0.0, 0.0], [0.0, 0.0], [0.0, 0.0]]",True,,0.011672665208045352,0.011732275262563475,0.006180654915771313,0.005368300247937441
c1_mother_01_minus,train,B,v2,5,75c5014cc540a85fb6c5bcd51ebd033876e2cca88a74ce599e406bad96d384ed,"[[0.0, 0.0], [-8.77340620919387e-05, -0.0004081134635234042], [-0.012527214589176239, -0.006718717197236625], [0.0, 0.0], [0.0, 0.0], [0.0, 0.0]]",True,,0.014215212490135814,0.014221340302674478,0.0067522862694233896,0.00545439962297678
c1_mother_01_minus,train,B,v2,6,3af8b8ff60354fe5932dc3ad59ab42f15e6cb756d675222a6018450960bc24e0,"[[0.0, 0.0], [-0.0028086397326387066, -0.00017154653348177364], [-0.014693567743184126, -0.005558353670537982], [0.0, 0.0], [0.0, 0.0], [0.0, 0.0]]",True,,0.01570974947446089,0.01595976547168631,0.005531363375141398,0.006019100081175566
c1_mother_01_minus,train,B,v2,7,72374e4b261425b69e89392e0eba1231edb19c8a4e49860a0e6848864a2bff3d,"[[0.0, 0.0], [-0.0008443781279482792, -0.0003563346664673718], [-0.012872172169754103, -0.003303743549568576], [0.0, 0.0], [0.0, 0.0], [0.0, 0.0]]",True,,0.013289376878134957,0.013320941656902183,0.0035377047011435807,0.005152500234544277
c1_mother_01_plus,train,A,v1,0,764629913c298081644821f747679a512354cd06f7c748f61795bae5db4188f8,"[[0.0, 0.0], [-0.000770040381787938, 0.0014574734031657989], [-0.0023559988294356736, 0.0009560395138343197], [0.0, 0.0], [0.0, 0.0], [0.0, 0.0]]",True,,0.0025425856989125905,0.00303017044847887,0.0030301704484788695,0.005821499973535538
c1_mother_01_plus,train,A,v1,1,6fc171a11625fbdcb374c72b0c86af3a9266f8405ffae3c900ba5237a4ed5fe4,"[[0.0, 0.0], [5.9051669390720657e-05, 0.00033300937475584875], [-0.009311338241570809, -0.00043316552033203354], [0.0, 0.0], [0.0, 0.0], [0.0, 0.0]]",True,,0.009321408274340496,0.009327541721175874,0.005988406341434729,0.0064305998384952545
c1_mother_01_plus,train,A,v1,2,17765f411db43db0e355a5293e49f7a897079853b7e0285d6c8c123fe93e5c22,"[[0.0, 0.0], [1.7877422278531497e-05, 0.0004772787353512088], [-0.0015140279936354504, 0.0009825538467610976], [0.0, 0.0], [0.0, 0.0], [0.0, 0.0]]",True,,0.0018049079830553185,0.0018670317139091645,0.0018670317139091645,0.005876199807971716
c1_mother_01_plus,train,A,v1,3,850c706b6eb886b2722aa9f47ce56229bf1715e0b3bd5795e6fdda9b133c9b29,"[[0.0, 0.0], [-0.0003890467774799796, -0.002058261660553382], [-0.00710560370397952, -0.00040250132546692185], [0.0, 0.0], [0.0, 0.0], [0.0, 0.0]]",True,,0.007116994542291718,0.007418855017681746,0.005737796116309757,0.005404800176620483
c1_mother_01_plus,train,A,v1,4,869041fb3071a4da575168f0d3c072e98d829e4d2bb8b6be1402b5acd959b28c,"[[0.0, 0.0], [0.0018042705542481482, 0.0006714695552988312], [-0.004984032905313366, 0.0006615263918979482], [0.0, 0.0], [0.0, 0.0], [0.0, 0.0]]",True,,0.005027743148612895,0.005383722203554344,0.005383722203554344,0.005442699883133173
c1_mother_01_plus,train,A,v1,5,75c5014cc540a85fb6c5bcd51ebd033876e2cca88a74ce599e406bad96d384ed,"[[0.0, 0.0], [0.0010248312318264102, -0.0008312938668950093], [-0.007652897084870713, -0.00037355179470908496], [0.0, 0.0], [0.0, 0.0], [0.0, 0.0]]",True,,0.007662008531380857,0.007774812105885077,0.0061208851137698975,0.005316600203514099
c1_mother_01_plus,train,A,v1,6,3af8b8ff60354fe5932dc3ad59ab42f15e6cb756d675222a6018450960bc24e0,"[[0.0, 0.0], [-0.0018812254485789616, -0.0005862186209724867], [-0.010146681518648257, 0.000834564905351396], [0.0, 0.0], [0.0, 0.0], [0.0, 0.0]]",True,,0.010180945163496475,0.01036987492123595,0.0052107353823424235,0.005270399618893862
c1_mother_01_plus,train,A,v1,7,72374e4b261425b69e89392e0eba1231edb19c8a4e49860a0e6848864a2bff3d,"[[0.0, 0.0], [0.0003723189586518987, -0.0007863059002021466], [-0.00815343593420772, 0.003265642130574706], [0.0, 0.0], [0.0, 0.0], [0.0, 0.0]]",True,,0.008783105148989976,0.008826088286091329,0.006584399214117549,0.0060181999579072
c1_mother_01_plus,train,B,v2,0,764629913c298081644821f747679a512354cd06f7c748f61795bae5db4188f8,"[[0.0, 0.0], [-0.0014676818690994914, 0.0014276895685140286], [-0.012041549476807082, 6.849009018069596e-05], [0.0, 0.0], [0.0, 0.0], [0.0, 0.0]]",True,,0.012041744254668668,0.012214581133537614,0.0020490985394565706,0.005217700265347958
c1_mother_01_plus,train,B,v2,1,6fc171a11625fbdcb374c72b0c86af3a9266f8405ffae3c900ba5237a4ed5fe4,"[[0.0, 0.0], [-0.0006152850770149695, 0.0003287570603506383], [-0.018707368154795647, -0.0012829470467817803], [0.0, 0.0], [0.0, 0.0], [0.0, 0.0]]",True,,0.018751308658435238,0.018764280783835977,0.0019502582246487977,0.005411500111222267
c1_mother_01_plus,train,B,v2,2,17765f411db43db0e355a5293e49f7a897079853b7e0285d6c8c123fe93e5c22,"[[0.0, 0.0], [-0.0006952463888542814, 0.000455228001998384], [-0.011235309095912582, 8.810921658848592e-05], [0.0, 0.0], [0.0, 0.0], [0.0, 0.0]]",True,,0.011235654574378116,0.011266345183321973,0.0011327468772237813,0.005582599900662899
c1_mother_01_plus,train,B,v2,3,850c706b6eb886b2722aa9f47ce56229bf1715e0b3bd5795e6fdda9b133c9b29,"[[0.0, 0.0], [-0.0010670468774051428, -0.0020442801610805494], [-0.016567599620162174, -0.0012607510749138712], [0.0, 0.0], [0.0, 0.0], [0.0, 0.0]]",True,,0.01661550030684885,0.016774758444235847,0.004323023948114904,0.005918900016695261
c1_mother_01_plus,train,B,v2,4,869041fb3071a4da575168f0d3c072e98d829e4d2bb8b6be1402b5acd959b28c,"[[0.0, 0.0], [0.001077970980089816, 0.0006549367954288017], [-0.014587757987960788, -0.00022124341216932768], [0.0, 0.0], [0.0, 0.0], [0.0, 0.0]]",True,,0.014589435621803268,0.014643858624101246,0.002887283098624992,0.0053321002051234245
c1_mother_01_plus,train,B,v2,5,75c5014cc540a85fb6c5bcd51ebd033876e2cca88a74ce599e406bad96d384ed,"[[0.0, 0.0], [0.00032746893317844405, -0.0008267127940496947], [-0.017116024698431355, -0.001234826929754349], [0.0, 0.0], [0.0, 0.0], [0.0, 0.0]]",True,,0.017160509870739818,0.017183532493925725,0.0032607976068052807,0.005954599939286709
c1_mother_01_plus,train,B,v2,6,3af8b8ff60354fe5932dc3ad59ab42f15e6cb756d675222a6018450960bc24e0,"[[0.0, 0.0], [-0.002534296461129018, -0.0005859071436713736], [-0.019533923267217965, -1.4510162365321649e-05], [0.0, 0.0], [0.0, 0.0], [0.0, 0.0]]",True,,0.019533928656426777,0.01970635213549853,0.0025769010823581645,0.006048300303518772
c1_mother_01_plus,train,B,v2,7,72374e4b261425b69e89392e0eba1231edb19c8a4e49860a0e6848864a2bff3d,"[[0.0, 0.0], [-0.000342680493432503, -0.0007953880204328092], [-0.01769622788120372, 0.0023859814987783608], [0.0, 0.0], [0.0, 0.0], [0.0, 0.0]]",True,,0.017856354301368588,0.017877344908001067,0.0034278777270320957,0.0051602995954453945
c2_new_train_minus,train,A,v1,0,764629913c298081644821f747679a512354cd06f7c748f61795bae5db4188f8,"[[0.0, 0.0], [-0.0005769494207783979, 0.0017367636691553805], [0.0005391516375224481, -0.0045764669259304395], [0.0, 0.0], [0.0, 0.0], [0.0, 0.0]]",True,,0.004608116102311046,0.004958220718061362,0.0019542987053438217,0.005639099981635809
c2_new_train_minus,train,A,v1,1,6fc171a11625fbdcb374c72b0c86af3a9266f8405ffae3c900ba5237a4ed5fe4,"[[0.0, 0.0], [0.0003275285724190478, 0.000621347519312934], [-0.006146678441286759, -0.005883669989896231], [0.0, 0.0], [0.0, 0.0], [0.0, 0.0]]",True,,0.008508773613781538,0.008537714923566617,0.006249470074904737,0.005801399704068899
c2_new_train_minus,train,A,v1,2,17765f411db43db0e355a5293e49f7a897079853b7e0285d6c8c123fe93e5c22,"[[0.0, 0.0], [0.00019060240545913805, 0.0007883335302497054], [0.0012876370091853293, -0.004564901195030356], [0.0, 0.0], [0.0, 0.0], [0.0, 0.0]]",True,,0.004743029832060232,0.004811873961326926,0.0015827567941387977,0.005235999822616577
c2_new_train_minus,train,A,v1,3,850c706b6eb886b2722aa9f47ce56229bf1715e0b3bd5795e6fdda9b133c9b29,"[[0.0, 0.0], [-9.622218738871043e-05, -0.0016866347101090525], [-0.0041334651651378975, -0.005867241173352008], [0.0, 0.0], [0.0, 0.0], [0.0, 0.0]]",True,,0.007177050456676859,0.007373197990856886,0.004548806093785044,0.005148299969732761
c2_new_train_minus,train,A,v1,4,869041fb3071a4da575168f0d3c072e98d829e4d2bb8b6be1402b5acd959b28c,"[[0.0, 0.0], [0.001947054005566679, 0.000964973253524627], [-0.002029170788077596, -0.004876379778602668], [0.0, 0.0], [0.0, 0.0], [0.0, 0.0]]",True,,0.005281724513106724,0.005711287640538131,0.002975736669622655,0.005305100232362747
c2_new_train_minus,train,A,v1,5,75c5014cc540a85fb6c5bcd51ebd033876e2cca88a74ce599e406bad96d384ed,"[[0.0, 0.0], [0.0012591481470380888, -0.0005024564914211836], [-0.004635853225895474, -0.005839326651367669], [0.0, 0.0], [0.0, 0.0], [0.0, 0.0]]",True,,0.007455794449514969,0.007578046414174234,0.004902399508577638,0.006041800137609243
c2_new_train_minus,train,A,v1,6,3af8b8ff60354fe5932dc3ad59ab42f15e6cb756d675222a6018450960bc24e0,"[[0.0, 0.0], [-0.001595437367301251, -0.0002523659599900794], [-0.006858169052222004, -0.004730666240595951], [0.0, 0.0], [0.0, 0.0], [0.0, 0.0]]",True,,0.008331487611991624,0.00848662446438587,0.007050966770135372,0.00531340017914772
c2_new_train_minus,train,A,v1,7,72374e4b261425b69e89392e0eba1231edb19c8a4e49860a0e6848864a2bff3d,"[[0.0, 0.0], [0.0004784991880983241, -0.0004252169498408977], [-0.004911663254092945, -0.002501229769607018], [0.0, 0.0], [0.0, 0.0], [0.0, 0.0]]",True,,0.005511858695755477,0.005548905947069028,0.005547797717414347,0.005667699966579676
c2_new_train_minus,train,B,v2,0,764629913c298081644821f747679a512354cd06f7c748f61795bae5db4188f8,"[[0.0, 0.0], [-0.0013956697077310656, 0.001717908824364053], [-0.009159296357677866, -0.005478268191476143], [0.0, 0.0], [0.0, 0.0], [0.0, 0.0]]",True,,0.01067258788417834,0.010899689757392928,0.006555922835356401,0.005287099629640579
c2_new_train_minus,train,B,v2,1,6fc171a11625fbdcb374c72b0c86af3a9266f8405ffae3c900ba5237a4ed5fe4,"[[0.0, 0.0], [-0.00046855602255897657, 0.0006269559061759804], [-0.01560371995591887, -0.00676315082089951], [0.0, 0.0], [0.0, 0.0], [0.0, 0.0]]",True,,0.017006360148161467,0.01702436207155909,0.004324745992189164,0.005194200202822685
c2_new_train_minus,train,B,v2,2,17765f411db43db0e355a5293e49f7a897079853b7e0285d6c8c123fe93e5c22,"[[0.0, 0.0], [-0.0006372861640237858, 0.0007747175957987246], [-0.00843459558912194, -0.005469847563749501], [0.0, 0.0], [0.0, 0.0], [0.0, 0.0]]",True,,0.010052941615402511,0.010102868707985269,0.0066058808641892225,0.006328499875962734
c2_new_train_minus,train,B,v2,3,850c706b6eb886b2722aa9f47ce56229bf1715e0b3bd5795e6fdda9b133c9b29,"[[0.0, 0.0], [-0.0008888818047854911, -0.0016677419045226126], [-0.0136343927350013, -0.006746062307294277], [0.0, 0.0], [0.0, 0.0], [0.0, 0.0]]",True,,0.015212035429427345,0.015328975694061631,0.00635916064145933,0.006151500158011913
c2_new_train_minus,train,B,v2,4,869041fb3071a4da575168f0d3c072e98d829e4d2bb8b6be1402b5acd959b28c,"[[0.0, 0.0], [0.0011089373063202332, 0.0009568722146541352], [-0.011651158643745005, -0.005777197654361471], [0.0, 0.0], [0.0, 0.0], [0.0, 0.0]]",True,,0.013004826430186358,0.013087049203842687,0.005970180015202169,0.006202099844813347
c2_new_train_minus,train,B,v2,5,75c5014cc540a85fb6c5bcd51ebd033876e2cca88a74ce599e406bad96d384ed,"[[0.0, 0.0], [0.00044815058221429156, -0.0004911969797391069], [-0.014142589631462879, -0.006724520582035377], [0.0, 0.0], [0.0, 0.0], [0.0, 0.0]]",True,,0.01565988564907735,0.01567399540511042,0.005623487291548146,0.0057310000993311405
c2_new_train_minus,train,B,v2,6,3af8b8ff60354fe5932dc3ad59ab42f15e6cb756d675222a6018450960bc24e0,"[[0.0, 0.0], [-0.0023717638636637567, -0.00024345854277678847], [-0.016283635736054007, -0.005603521373900947], [0.0, 0.0], [0.0, 0.0], [0.0, 0.0]]",True,,0.017220808476150585,0.01738507349594163,0.003997593617302695,0.005136200226843357
c2_new_train_minus,train,B,v2,7,72374e4b261425b69e89392e0eba1231edb19c8a4e49860a0e6848864a2bff3d,"[[0.0, 0.0], [-0.0003451259656051572, -0.0004284092635471119], [-0.014429499404418168, -0.0033907609776081867], [0.0, 0.0], [0.0, 0.0], [0.0, 0.0]]",True,,0.01482254070898018,0.014832746188707018,0.004207418899107446,0.005513099953532219
c2_new_train_plus,train,A,v1,0,764629913c298081644821f747679a512354cd06f7c748f61795bae5db4188f8,"[[0.0, 0.0], [-0.0004729392434354375, 0.0012427284157388828], [-0.005071138846774946, 0.0008295973633977318], [0.0, 0.0], [0.0, 0.0], [0.0, 0.0]]",True,,0.005138548529363755,0.005307798642741881,0.005307798642741882,0.005961599759757519
c2_new_train_plus,train,A,v1,1,6fc171a11625fbdcb374c72b0c86af3a9266f8405ffae3c900ba5237a4ed5fe4,"[[0.0, 0.0], [0.0004291508103667133, 8.816003403802419e-05], [-0.012087035390872403, -0.0005576526737895871], [0.0, 0.0], [0.0, 0.0], [0.0, 0.0]]",True,,0.012099892604679873,0.012107821589965168,0.005137323682022501,0.005389099940657616
c2_new_train_plus,train,A,v1,2,17765f411db43db0e355a5293e49f7a897079853b7e0285d6c8c123fe93e5c22,"[[0.0, 0.0], [0.00036094195066955223, 0.00025637024855569085], [-0.0042969514638370055, 0.0008499993670817522], [0.0, 0.0], [0.0, 0.0], [0.0, 0.0]]",True,,0.004380215840185317,0.004402532862195126,0.004402532862195126,0.005347399972379208
c2_new_train_plus,train,A,v1,3,850c706b6eb886b2722aa9f47ce56229bf1715e0b3bd5795e6fdda9b133c9b29,"[[0.0, 0.0], [1.1603716467307144e-05, -0.0023090536290878406], [-0.010056712367021891, -0.0005432746058414619], [0.0, 0.0], [0.0, 0.0], [0.0, 0.0]]",True,,0.010071375821126091,0.010332689593644183,0.003363456724740046,0.0062223998829722404
c2_new_train_plus,train,A,v1,4,869041fb3071a4da575168f0d3c072e98d829e4d2bb8b6be1402b5acd959b28c,"[[0.0, 0.0], [0.0022131508684368768, 0.0004363731572070564], [-0.007728737134286083, 0.0005297717820804832], [0.0, 0.0], [0.0, 0.0], [0.0, 0.0]]",True,,0.007746872648493803,0.008068611660674662,0.0072784980923250725,0.005140399560332298
c2_new_train_plus,train,A,v1,5,75c5014cc540a85fb6c5bcd51ebd033876e2cca88a74ce599e406bad96d384ed,"[[0.0, 0.0], [0.0014501261608461768, -0.001081429088024836], [-0.010508908938134335, -0.0005034832924551975], [0.0, 0.0], [0.0, 0.0], [0.0, 0.0]]",True,,0.010520963002300751,0.010675346235629922,0.004464852948878109,0.005707100033760071
c2_new_train_plus,train,A,v1,6,3af8b8ff60354fe5932dc3ad59ab42f15e6cb756d675222a6018450960bc24e0,"[[0.0, 0.0], [-0.001564919355693495, -0.0008274397561006917], [-0.012960346614696343, 0.000665140939296083], [0.0, 0.0], [0.0, 0.0], [0.0, 0.0]]",True,,0.012977403316619186,0.013097580920994485,0.004606941465688444,0.005167599767446518
c2_new_train_plus,train,A,v1,7,72374e4b261425b69e89392e0eba1231edb19c8a4e49860a0e6848864a2bff3d,"[[0.0, 0.0], [0.0007460489839912631, -0.001024419540275717], [-0.010932036316475739, 0.0030429646194285744], [0.0, 0.0], [0.0, 0.0], [0.0, 0.0]]",True,,0.011347645205056357,0.011418190582612099,0.005173201057631215,0.005978799890726805
c2_new_train_plus,train,B,v2,0,764629913c298081644821f747679a512354cd06f7c748f61795bae5db4188f8,"[[0.0, 0.0], [-0.0011714971368845305, 0.0012574425842065721], [-0.014445244163937524, 2.208441887198968e-06], [0.0, 0.0], [0.0, 0.0], [0.0, 0.0]]",True,,0.01444524433275487,0.014547118313511147,0.0029887775582653933,0.005212499760091305
c2_new_train_plus,train,B,v2,1,6fc171a11625fbdcb374c72b0c86af3a9266f8405ffae3c900ba5237a4ed5fe4,"[[0.0, 0.0], [-0.000243855836154168, 0.00012742348717873793], [-0.02118484066382531, -0.0013481231670713317], [0.0, 0.0], [0.0, 0.0], [0.0, 0.0]]",False,raw seed exceeds the original 20mm interval disk,0.02122769205602109,0.02122947508628445,0.0018157604154072108,0.00543940020725131
c2_new_train_plus,train,B,v2,2,17765f411db43db0e355a5293e49f7a897079853b7e0285d6c8c123fe93e5c22,"[[0.0, 0.0], [-0.00035261891867296026, 0.0002785971918155581], [-0.013701154981065453, 1.575935565195668e-05], [0.0, 0.0], [0.0, 0.0], [0.0, 0.0]]",True,,0.013701164044433058,0.013708532112139463,0.0017595832245131142,0.005455900449305773
c2_new_train_plus,train,B,v2,3,850c706b6eb886b2722aa9f47ce56229bf1715e0b3bd5795e6fdda9b133c9b29,"[[0.0, 0.0], [-0.0006659815912229182, -0.0022516785804398342], [-0.019207391973869427, -0.0013424912470802342], [0.0, 0.0], [0.0, 0.0], [0.0, 0.0]]",True,,0.01925425119775762,0.019396901224056642,0.002818527654828506,0.0052339001558721066
c2_new_train_plus,train,B,v2,4,869041fb3071a4da575168f0d3c072e98d829e4d2bb8b6be1402b5acd959b28c,"[[0.0, 0.0], [0.0014886094011638009, 0.000463222724993375], [-0.01702648842500169, -0.0002932242755015501], [0.0, 0.0], [0.0, 0.0], [0.0, 0.0]]",True,,0.017029013141179376,0.017100228706208684,0.003370205454356734,0.005209800321608782
c2_new_train_plus,train,B,v2,5,75c5014cc540a85fb6c5bcd51ebd033876e2cca88a74ce599e406bad96d384ed,"[[0.0, 0.0], [0.000754777641059741, -0.0010336833849883876], [-0.019666179668473217, -0.0013053330149941458], [0.0, 0.0], [0.0, 0.0], [0.0, 0.0]]",True,,0.019709452479272555,0.0197509672588597,0.0018583651206421175,0.0055182999931275845
c2_new_train_plus,train,B,v2,6,3af8b8ff60354fe5932dc3ad59ab42f15e6cb756d675222a6018450960bc24e0,"[[0.0, 0.0], [-0.002219970739914566, -0.0007833875358319448], [-0.022052294866598536, -0.0001262699733708313], [0.0, 0.0], [0.0, 0.0], [0.0, 0.0]]",False,raw seed exceeds the original 20mm interval disk,0.022052656370369152,0.022177953447217732,0.0031256718386637222,0.005292300134897232
c2_new_train_plus,train,B,v2,7,72374e4b261425b69e89392e0eba1231edb19c8a4e49860a0e6848864a2bff3d,"[[0.0, 0.0], [2.9351195916162143e-05, -0.000990514202066759], [-0.02018186714823145, 0.002219824533652416], [0.0, 0.0], [0.0, 0.0], [0.0, 0.0]]",False,raw seed exceeds the original 20mm interval disk,0.020303580535193023,0.020327748582326246,0.002437760549563574,0.005540600046515465
c3_val_minus,val,A,v1,0,764629913c298081644821f747679a512354cd06f7c748f61795bae5db4188f8,"[[0.0, 0.0], [0.00666225111955477, 0.0010756088366666058], [0.008577607065843255, -0.002832508242224657], [0.0, 0.0], [0.0, 0.0], [0.0, 0.0]]",True,,0.009033185812230077,0.011275680479146205,0.008079504977878321,0.006329900119453669
c3_val_minus,val,A,v1,1,6fc171a11625fbdcb374c72b0c86af3a9266f8405ffae3c900ba5237a4ed5fe4,"[[0.0, 0.0], [0.00742886524051372, -3.74805793396006e-05], [0.0015230532349026157, -0.00427227348062556], [0.0, 0.0], [0.0, 0.0], [0.0, 0.0]]",True,,0.007428959789603158,0.008704105663716656,0.005145172786214975,0.0070397998206317425
c3_val_minus,val,A,v1,2,17765f411db43db0e355a5293e49f7a897079853b7e0285d6c8c123fe93e5c22,"[[0.0, 0.0], [0.00735406367747778, 0.00011447199488815509], [0.009425925103273834, -0.0028218964045477048], [0.0, 0.0], [0.0, 0.0], [0.0, 0.0]]",True,,0.009839266404083544,0.01228440148238972,0.008287600213690731,0.005281700287014246
c3_val_minus,val,A,v1,3,850c706b6eb886b2722aa9f47ce56229bf1715e0b3bd5795e6fdda9b133c9b29,"[[0.0, 0.0], [0.006835039559940611, -0.002398340881832505], [0.0036493909598905713, -0.004261273057782422], [0.0, 0.0], [0.0, 0.0], [0.0, 0.0]]",True,,0.007243604404674669,0.009162221740524272,0.00637149210335613,0.005628099665045738
c3_val_minus,val,A,v1,4,869041fb3071a4da575168f0d3c072e98d829e4d2bb8b6be1402b5acd959b28c,"[[0.0, 0.0], [0.009074026726306075, 0.00032035579775934126], [0.00602982344679864, -0.003160192494423976], [0.0, 0.0], [0.0, 0.0], [0.0, 0.0]]",True,,0.009079679998043707,0.011348399722791369,0.007940145402018182,0.005626499652862549
c3_val_minus,val,A,v1,5,75c5014cc540a85fb6c5bcd51ebd033876e2cca88a74ce599e406bad96d384ed,"[[0.0, 0.0], [0.008266836330488405, -0.0011771446679823836], [0.0031927855612078537, -0.004226928284896259], [0.0, 0.0], [0.0, 0.0], [0.0, 0.0]]",True,,0.008350224696643939,0.00988873373339356,0.006333931760373779,0.005271600093692541
c3_val_minus,val,A,v1,6,3af8b8ff60354fe5932dc3ad59ab42f15e6cb756d675222a6018450960bc24e0,"[[0.0, 0.0], [0.005419756407996334, -0.0009424560919462092], [0.0007735200294296588, -0.002986110443842723], [0.0, 0.0], [0.0, 0.0], [0.0, 0.0]]",True,,0.005501089256434934,0.006306914604306871,0.003252630896067974,0.005772899836301804
c3_val_minus,val,A,v1,7,72374e4b261425b69e89392e0eba1231edb19c8a4e49860a0e6848864a2bff3d,"[[0.0, 0.0], [0.007397662200476227, -0.0010959098489009556], [0.0031504035207329762, -0.000515378968070232], [0.0, 0.0], [0.0, 0.0], [0.0, 0.0]]",True,,0.007478397183171865,0.008131241126264106,0.004140103893465294,0.006606599781662226
c3_val_minus,val,B,v2,0,764629913c298081644821f747679a512354cd06f7c748f61795bae5db4188f8,"[[0.0, 0.0], [0.006040397892284916, 0.0009913263813181063], [-0.0006826563213511363, -0.0036574735240685213], [0.0, 0.0], [0.0, 0.0], [0.0, 0.0]]",True,,0.0061212036962853406,0.007163258122095014,0.013376416381502668,0.0052975998260080814
c3_val_minus,val,B,v2,1,6fc171a11625fbdcb374c72b0c86af3a9266f8405ffae3c900ba5237a4ed5fe4,"[[0.0, 0.0], [0.006831735045726149, -9.608255679450256e-05], [-0.0074607918499190315, -0.005066885515890966], [0.0, 0.0], [0.0, 0.0], [0.0, 0.0]]",True,,0.009018688588645464,0.011314529572708135,0.009641554597347368,0.005315499845892191
c3_val_minus,val,B,v2,2,17765f411db43db0e355a5293e49f7a897079853b7e0285d6c8c123fe93e5c22,"[[0.0, 0.0], [0.006721479073209951, 3.8028379607419455e-05], [0.00011646516826886158, -0.003653345031108179], [0.0, 0.0], [0.0, 0.0], [0.0, 0.0]]",True,,0.006721586649687325,0.007651158156841197,0.014329528435348116,0.005798800382763147
c3_val_minus,val,B,v2,3,850c706b6eb886b2722aa9f47ce56229bf1715e0b3bd5795e6fdda9b133c9b29,"[[0.0, 0.0], [0.006240970056246975, -0.002435895906824263], [-0.005416706511769933, -0.005064167215170682], [0.0, 0.0], [0.0, 0.0], [0.0, 0.0]]",True,,0.007415288195199184,0.009993487635941465,0.01067093430057727,0.005211099982261658
c3_val_minus,val,B,v2,4,869041fb3071a4da575168f0d3c072e98d829e4d2bb8b6be1402b5acd959b28c,"[[0.0, 0.0], [0.00843106463086531, 0.0002476370534375361], [-0.0031674786426884576, -0.003981767979861039], [0.0, 0.0], [0.0, 0.0], [0.0, 0.0]]",True,,0.008434700641994548,0.009850460502808862,0.01284570296608459,0.005348000209778547
c3_val_minus,val,B,v2,5,75c5014cc540a85fb6c5bcd51ebd033876e2cca88a74ce599e406bad96d384ed,"[[0.0, 0.0], [0.007650854869511977, -0.001226434452009218], [-0.005873998880778192, -0.005031755877916666], [0.0, 0.0], [0.0, 0.0], [0.0, 0.0]]",True,,0.007748530292862659,0.010948157459853353,0.011085403854937628,0.006718799937516451
c3_val_minus,val,B,v2,6,3af8b8ff60354fe5932dc3ad59ab42f15e6cb756d675222a6018450960bc24e0,"[[0.0, 0.0], [0.004859640985337219, -0.0009948726399785762], [-0.008176737104000114, -0.0037796957421970807], [0.0, 0.0], [0.0, 0.0], [0.0, 0.0]]",True,,0.00900805914564924,0.010283531088476475,0.00731500657222257,0.006481700111180544
c3_val_minus,val,B,v2,7,72374e4b261425b69e89392e0eba1231edb19c8a4e49860a0e6848864a2bff3d,"[[0.0, 0.0], [0.006799255488962623, -0.0011598546800220106], [-0.00594453538236028, -0.0013333324357837702], [0.0, 0.0], [0.0, 0.0], [0.0, 0.0]]",True,,0.006897473311507433,0.009202739504050067,0.009274781140423582,0.005188500043004751
c3_val_plus,val,A,v1,0,764629913c298081644821f747679a512354cd06f7c748f61795bae5db4188f8,"[[0.0, 0.0], [0.006200168916436929, 0.0007775087402069279], [0.004655483620933399, 0.0023987047774375156], [0.0, 0.0], [0.0, 0.0], [0.0, 0.0]]",True,,0.0062487290254458015,0.008153154407192933,0.005428833910073163,0.005265600048005581
c3_val_plus,val,A,v1,1,6fc171a11625fbdcb374c72b0c86af3a9266f8405ffae3c900ba5237a4ed5fe4,"[[0.0, 0.0], [0.00695437070272897, -0.00037729710486301895], [-0.0027804644702069583, 0.0008679637362620543], [0.0, 0.0], [0.0, 0.0], [0.0, 0.0]]",True,,0.006964597976646825,0.007549170066561112,0.0035279259723770555,0.005176699720323086
c3_val_plus,val,A,v1,2,17765f411db43db0e355a5293e49f7a897079853b7e0285d6c8c123fe93e5c22,"[[0.0, 0.0], [0.00695906337622141, -0.00022550363974915274], [0.005553761173744335, 0.0024240459166018306], [0.0, 0.0], [0.0, 0.0], [0.0, 0.0]]",True,,0.006962716062414598,0.00923036709706555,0.006372522497753634,0.0055726999416947365
c3_val_plus,val,A,v1,3,850c706b6eb886b2722aa9f47ce56229bf1715e0b3bd5795e6fdda9b133c9b29,"[[0.0, 0.0], [0.006352935423685905, -0.002835155751191894], [-0.0005764149715571387, 0.000881099004969516], [0.0, 0.0], [0.0, 0.0], [0.0, 0.0]]",True,,0.006956859681712696,0.0070360845864040865,0.0033131755266170427,0.0054164002649486065
c3_val_plus,val,A,v1,4,869041fb3071a4da575168f0d3c072e98d829e4d2bb8b6be1402b5acd959b28c,"[[0.0, 0.0], [0.008787123272740519, -1.639993025849749e-05], [0.002000780930459427, 0.0020800044090869122], [0.0, 0.0], [0.0, 0.0], [0.0, 0.0]]",True,,0.008787138576809319,0.009248964647005718,0.004761524368745415,0.005455699749290943
c3_val_plus,val,A,v1,5,75c5014cc540a85fb6c5bcd51ebd033876e2cca88a74ce599e406bad96d384ed,"[[0.0, 0.0], [0.007884119343025233, -0.001567812676307579], [-0.0010112111194969663, 0.0009302810624156262], [0.0, 0.0], [0.0, 0.0], [0.0, 0.0]]",True,,0.008038493291846138,0.008155080942966712,0.0035586727520364233,0.005211099982261658
c3_val_plus,val,A,v1,6,3af8b8ff60354fe5932dc3ad59ab42f15e6cb756d675222a6018450960bc24e0,"[[0.0, 0.0], [0.004868346997925821, -0.0013250263316721134], [-0.003678597072015898, 0.0022347077302550997], [0.0, 0.0], [0.0, 0.0], [0.0, 0.0]]",True,,0.005045443218572359,0.006631929759108102,0.004505443635257847,0.006029000040143728
c3_val_plus,val,A,v1,7,72374e4b261425b69e89392e0eba1231edb19c8a4e49860a0e6848864a2bff3d,"[[0.0, 0.0], [0.007125043727401744, -0.0015069009896635692], [-0.0012041906189787447, 0.004896632565928033], [0.0, 0.0], [0.0, 0.0], [0.0, 0.0]]",True,,0.007282650527797965,0.008857995497999496,0.005675706737364247,0.00516240019351244
c3_val_plus,val,B,v2,0,764629913c298081644821f747679a512354cd06f7c748f61795bae5db4188f8,"[[0.0, 0.0], [0.00572520779704357, 0.0007264158825352147], [-0.004040877943006799, 0.0016982927117356046], [0.0, 0.0], [0.0, 0.0], [0.0, 0.0]]",True,,0.005771107723282239,0.0072469701971748885,0.009976848520779387,0.005481700412929058
c3_val_plus,val,B,v2,1,6fc171a11625fbdcb374c72b0c86af3a9266f8405ffae3c900ba5237a4ed5fe4,"[[0.0, 0.0], [0.0065051410850960915, -0.0004022066163210824], [-0.011168260370847206, 0.00021010966544357144], [0.0, 0.0], [0.0, 0.0], [0.0, 0.0]]",True,,0.011170236603695956,0.01293262604739527,0.006573778790120157,0.005580799654126167
c3_val_plus,val,B,v2,2,17765f411db43db0e355a5293e49f7a897079853b7e0285d6c8c123fe93e5c22,"[[0.0, 0.0], [0.006467822982260459, -0.00026692064662914706], [-0.0031982074651880823, 0.0017143871911417929], [0.0, 0.0], [0.0, 0.0], [0.0, 0.0]]",True,,0.006473328414459868,0.007421026559242955,0.01105959565393217,0.005350899882614613
c3_val_plus,val,B,v2,3,850c706b6eb886b2722aa9f47ce56229bf1715e0b3bd5795e6fdda9b133c9b29,"[[0.0, 0.0], [0.005900262265264443, -0.002835327344245477], [-0.009055778434464302, 0.00020727113416444228], [0.0, 0.0], [0.0, 0.0], [0.0, 0.0]]",True,,0.009058150163094369,0.01117596798157082,0.007180778362959889,0.005955799948424101
c3_val_plus,val,B,v2,4,869041fb3071a4da575168f0d3c072e98d829e4d2bb8b6be1402b5acd959b28c,"[[0.0, 0.0], [0.008283085587954767, -5.4661237645131015e-05], [-0.006632380416762691, 0.0013864500379696296], [0.0, 0.0], [0.0, 0.0], [0.0, 0.0]]",True,,0.008283265944558636,0.010701551682290197,0.009967250293156258,0.005680500064045191
c3_val_plus,val,B,v2,5,75c5014cc540a85fb6c5bcd51ebd033876e2cca88a74ce599e406bad96d384ed,"[[0.0, 0.0], [0.007408913347279727, -0.001581286706637641], [-0.009490964261647576, 0.00025801820874891875], [0.0, 0.0], [0.0, 0.0], [0.0, 0.0]]",True,,0.009494470812631819,0.012146499110772872,0.007984628881072951,0.005241000093519688
c3_val_plus,val,B,v2,6,3af8b8ff60354fe5932dc3ad59ab42f15e6cb756d675222a6018450960bc24e0,"[[0.0, 0.0], [0.004456547125680522, -0.0013428478990099905], [-0.012056660190889912, 0.0015708222854368143], [0.0, 0.0], [0.0, 0.0], [0.0, 0.0]]",True,,0.012158558204450663,0.01301900880921053,0.004912712671523084,0.005593200214207172
c3_val_plus,val,B,v2,7,72374e4b261425b69e89392e0eba1231edb19c8a4e49860a0e6848864a2bff3d,"[[0.0, 0.0], [0.006660752370956466, -0.0015350643087510105], [-0.009787440010810944, 0.0041956290299995725], [0.0, 0.0], [0.0, 0.0], [0.0, 0.0]]",True,,0.010648816127748572,0.012653826674243704,0.008319901997159509,0.005264599807560444
