task_id,split,preference,family,legal,draws,mean_pairwise_distance_m,max_pairwise_distance_m,mean_output_m,regression_raw_z_m,regression_legal,regression_inference_s
c1_mother_00_minus,train,A,v1,6,8,0.0056084176712959816,0.009912671470395666,"[0.0, 0.0, -0.0006044444066652672, 0.00031751082713186464, 0.017524831287163124, 0.0006987039811040108, 0.0, 0.0, 0.0, 0.0, 0.0, 0.0]","[[0.0, -0.0], [0.00023571745033951338, 0.00040354508480534466], [0.016358341982384735, 0.0003618148212119665], [-0.0, 0.0], [-0.0, -0.0], [-0.0, 0.0]]",True,0.00028509972617030144
c1_mother_00_minus,train,B,v2,8,8,0.005426255525512136,0.0094500825707036,"[0.0, 0.0, -0.0014003477398639936, 0.00014294712441554957, 0.008514178166209219, -0.00022480737155790726, 0.0, 0.0, 0.0, 0.0, 0.0, 0.0]","[[-0.0, 0.0], [-0.0005125521404947819, -0.00028512483168980556], [0.01567787641534284, -0.00020177722504391578], [-0.0, 0.0], [-0.0, -0.0], [0.0, 0.0]]",True,0.00024119997397065163
c1_mother_00_plus,train,A,v1,8,8,0.005466189173715475,0.00951487326602924,"[0.0, 0.0, 5.222395551787921e-05, 0.0004373290477603458, -0.00895853336131127, -0.0010244416105986355, 0.0, 0.0, 0.0, 0.0, 0.0, 0.0]","[[-0.0, -0.0], [0.0008471619844496244, 0.0006430664804463129], [-0.0009763311984963537, -0.0006913496643927783], [-0.0, -0.0], [-0.0, -0.0], [0.0, -0.0]]",True,0.00025090016424655914
c1_mother_00_plus,train,B,v2,3,8,0.005337636284712187,0.009188525127506283,"[0.0, 0.0, -0.0010398932311330323, 0.00022256288297289097, -0.019334626040134507, -0.0021324145791040486, 0.0, 0.0, 0.0, 0.0, 0.0, 0.0]","[[-0.0, 0.0], [-0.0006208992623498056, -0.000365032401586038], [-0.01804050191445881, -0.0025349628094097814], [-0.0, 0.0], [-0.0, -0.0], [0.0, -0.0]]",True,0.00015480024740099907
c1_mother_01_minus,train,A,v1,8,8,0.004625728134067865,0.008346726520632071,"[0.0, 0.0, -0.00023038900269582426, 0.0002708629012360015, -0.001468006758141433, -0.004779694915910458, 0.0, 0.0, 0.0, 0.0, 0.0, 0.0]","[[-0.0, 0.0], [6.2561168809641e-05, -6.799533563543923e-05], [0.0003111747817141884, -0.004705169923857021], [0.0, 0.0], [-0.0, 0.0], [0.0, 0.0]]",True,0.0002760002389550209
c1_mother_01_minus,train,B,v2,8,8,0.004500611994415272,0.008033247448722613,"[0.0, 0.0, -0.0010523632364025325, 0.00022486096311167487, -0.01135301418073031, -0.005724311469735516, 0.0, 0.0, 0.0, 0.0, 0.0, 0.0]","[[-0.0, 0.0], [-0.00048430861548852356, 4.525637432437442e-06], [-0.010738599796753673, -0.0058256525573876896], [0.0, 0.0], [-0.0, -0.0], [0.0, -0.0]]",True,0.0002687000669538975
c1_mother_01_plus,train,A,v1,8,8,0.004911576410157923,0.008904056713133752,"[0.0, 0.0, 2.975465356860375e-05, -0.0001653561225064171, -0.006403002026457689, 0.0006863885184889285, 0.0, 0.0, 0.0, 0.0, 0.0, 0.0]","[[-0.0, 0.0], [0.0003878237130153612, -0.0005137048777688818], [-0.004086826489062145, 0.000623300255957462], [0.0, -0.0], [-0.0, 0.0], [0.0, -0.0]]",True,0.00024509988725185394
c1_mother_01_plus,train,B,v2,8,8,0.00477065761524622,0.008564087543983299,"[0.0, 0.0, -0.0006645996567083932, -0.00017320958661782177, -0.015935720022811413, -0.00018396222755463846, 0.0, 0.0, 0.0, 0.0, 0.0, 0.0]","[[-0.0, 0.0], [-0.00037343051221852325, -0.0004044432734226362], [-0.0147703451687432, -0.00029696959367085467], [0.0, 0.0], [-0.0, 0.0], [0.0, -0.0]]",True,0.0003033997491002083
c2_new_train_minus,train,A,v1,8,8,0.004665279662580233,0.00840563072822374,"[0.0, 0.0, 0.0002417779178891148, 0.00015559298261017917, -0.0033610264100006125, -0.004854985215547793, 0.0, 0.0, 0.0, 0.0, 0.0, 0.0]","[[-0.0, 0.0], [8.893329870428724e-05, -0.00021232000228786776], [-0.0005876009496540198, -0.004860020727844056], [0.0, -0.0], [-0.0, -0.0], [0.0, 0.0]]",True,0.0002443999983370304
c2_new_train_minus,train,B,v2,8,8,0.004542861111457149,0.008103727256971614,"[0.0, 0.0, -0.0005687744549792135, 0.00015570598130090914, -0.012917361006675005, -0.005744166183915676, 0.0, 0.0, 0.0, 0.0, 0.0, 0.0]","[[-0.0, 0.0], [-0.00026023233716587963, 0.00017877652377979044], [-0.008664211141680296, -0.005594424120650611], [0.0, 0.0], [-0.0, -0.0], [0.0, -0.0]]",True,0.00025029992684721947
c2_new_train_plus,train,A,v1,8,8,0.004942214634067033,0.008942716258262706,"[0.0, 0.0, 0.00039664548645611963, -0.00040233876974367887, -0.009205233384012343, 0.0005391329373997972, 0.0, 0.0, 0.0, 0.0, 0.0, 0.0]","[[-0.0, 0.0], [0.00021666370037130064, -0.0010215663248376674], [-0.007098599713692295, 0.0002975121198248256], [0.0, -0.0], [-0.0, 0.0], [0.0, -0.0]]",True,0.00025400007143616676
c2_new_train_plus,train,B,v2,5,8,0.004808544022136394,0.00862418251801845,"[0.0, 0.0, -0.0002976482480886799, -0.00036657221439158534, -0.018433182736375325, -0.0002722061683533152, 0.0, 0.0, 0.0, 0.0, 0.0, 0.0]","[[-0.0, 0.0], [-0.0002461001410869936, -0.0005792721481432074], [-0.015205378277341265, -0.00029430042717228436], [0.0, -0.0], [-0.0, -0.0], [0.0, -0.0]]",True,0.00016529997810721397
c3_val_minus,val,A,v1,8,8,0.004910711606879468,0.008930269951468103,"[0.0, 0.0, 0.007304812657844241, -0.000517611930085944, 0.004540313615259925, -0.0031345701720516916, 0.0, 0.0, 0.0, 0.0, 0.0, 0.0]","[[-0.0, 0.0], [0.0005404610677366725, -0.0002414665187933154], [-0.00019427423344522987, -0.004360250444709196], [0.0, -0.0], [-0.0, 0.0], [0.0, 0.0]]",True,0.0002489001490175724
c3_val_minus,val,B,v2,8,8,0.004764207966687235,0.00856308904617226,"[0.0, 0.0, 0.0066969247552681405, -0.0005795185526581885, -0.004575804940574785, -0.003946052915249613, 0.0, 0.0, 0.0, 0.0, 0.0, 0.0]","[[-0.0, 0.0], [0.0001496349867067463, -4.4818857176912746e-07], [-0.00923618331932564, -0.005287597273430733], [0.0, 0.0], [-0.0, -0.0], [0.0, -0.0]]",True,0.0002719997428357601
c3_val_plus,val,A,v1,8,8,0.005221129110632194,0.00953164901008178,"[0.0, 0.0, 0.006891396470020817, -0.0008845734604373622, 0.0003698934341101819, 0.002089179900369573, 0.0, 0.0, 0.0, 0.0, 0.0, 0.0]","[[-0.0, 0.0], [0.000600893786713628, -0.0010978817583119338], [-0.0031710072319305295, 0.0007571237291085576], [0.0, -0.0], [-0.0, 0.0], [0.0, -0.0]]",True,0.000233400147408247
c3_val_plus,val,B,v2,8,8,0.005063578279761227,0.009148532428718903,"[0.0, 0.0, 0.0064259665701920056, -0.0009114873595880331, -0.008178821136702189, 0.0014051225330800432, 0.0, 0.0, 0.0, 0.0, 0.0, 0.0]","[[-0.0, 0.0], [9.621863348857618e-05, -0.0008191549408133208], [-0.011406898432096616, 6.704665018343305e-05], [0.0, -0.0], [-0.0, 0.0], [0.0, -0.0]]",True,0.00024460023269057274
