time_s,signed_distance_m
4.8500000000000005,0.17728049332300141
4.852,0.17726492035747934
4.854,0.17724918488092067
4.856,0.1772332869946211
4.8580000000000005,0.17721722678795643
4.86,0.17720100433989305
4.862,0.17718461231487426
4.864,0.17716805092418764
4.866,0.17715132035400818
4.868,0.17713442076846433
4.87,0.17711735231233544
4.872,0.17710011511343982
4.874,0.17708270928473846
4.876,0.17706513492619702
4.878,0.17704739212642437
4.88,0.17702948096411933
4.882,0.17701139452265724
4.884,0.17699313300561031
4.886,0.1769746965928065
4.888,0.17695608544323277
4.89,0.17693729969759042
4.892,0.17691833948055372
4.894,0.17689920490276617
4.896,0.176879896062598
4.898,0.17686041304770347
4.9,0.1768407559363841
4.902,0.17682091815179854
4.904,0.1768008998912644
4.906,0.17678070132957566
4.908,0.17676032262175112
4.91,0.17673976390546728
4.912,0.17671902530320402
4.914,0.17669810692413906
4.916,0.17667700886582186
4.918,0.17665573121564832
4.92,0.17663427405216067
4.922,0.17661263114835724
4.924,0.17659080269564054
4.926,0.17656878886408744
4.928,0.17654658980505164
4.93,0.1765242056534738
4.932,0.17650163652991657
4.934,0.1764788825423589
4.936,0.17645594378778443
4.938,0.17643282035358263
4.94,0.17640951231877983
4.942,0.1763860138040911
4.944,0.17636232499528345
4.946,0.17633844605797996
4.948,0.17631437714013043
4.95,0.1762901183741881
4.952,0.17626566987904302
4.954,0.1762410317617145
4.956,0.1762162041188576
4.958,0.17619118703808254
4.96,0.17616598059912433
4.962,0.17614057926512122
4.964,0.17611498321652883
4.966,0.17608919261482792
4.968,0.17606320760485894
4.97,0.17603702831687756
4.972,0.1760106548683718
4.974,0.17598408736566998
4.976,0.17595732590535185
4.978,0.17593037057550398
4.98,0.1759032214568151
4.982,0.1758758733491458
4.984,0.1758483264279876
4.986,0.17582058085101065
4.988,0.17579263676025902
4.99,0.17576449428408628
4.992,0.17573615353887126
4.994,0.17570761463052176
4.996,0.17567887765581428
4.998,0.17564994270356554
5.0,0.1756208098556717
5.002,0.17559147424317118
5.0040000000000004,0.17556193603693954
5.006,0.17553219539116746
5.008,0.1755022524454141
5.01,0.17547210732643284
5.0120000000000005,0.175441760149776
5.014,0.17541121102121057
5.016,0.17538046003796992
5.018,0.1753495072898617
5.0200000000000005,0.17531835286023806
5.022,0.17528699211161214
5.024,0.17525542521220103
5.026,0.17522365231441803
5.0280000000000005,0.1751916735568291
5.03,0.1751594890658762
5.032,0.1751270989574057
5.034,0.1750945033380097
5.0360000000000005,0.1750617023062152
5.038,0.17502869595353343
5.04,0.17499548436538212
5.042,0.17496206333648803
5.0440000000000005,0.17492843302932834
5.046,0.17489459359188492
5.048,0.1748605451594471
5.05,0.17482628785620088
5.0520000000000005,0.17479182179662742
5.054,0.1747571470867511
5.056,0.1747222638252263
5.058,0.17468717210430423
5.0600000000000005,0.17465187201068527
5.062,0.17461635969020198
5.064,0.17458063530043333
5.066,0.17454469898569253
5.0680000000000005,0.1745085508786797
5.07,0.17447219110194293
5.072,0.17443561976917224
5.074,0.17439883698633465
5.0760000000000005,0.17436184285268322
5.078,0.17432463746164073
5.08,0.17428722090158402
5.082,0.17424958951289957
5.0840000000000005,0.1742117434518014
5.086,0.17417368286205936
5.088,0.1741354078765501
5.09,0.17409691861863685
5.0920000000000005,0.1740582152033849
5.094,0.17401929773862926
5.096,0.17398016632592628
5.098,0.17394082106138412
5.1000000000000005,0.17390126203640324
5.102,0.1738614860476965
5.104,0.17382149324588808
5.106,0.173781283770497
5.1080000000000005,0.1737408577513416
5.11,0.17370021530976848
5.112,0.1736593565597496
5.114,0.1736182816088416
5.1160000000000005,0.17357699055903777
5.118,0.1735354835075135
5.12,0.17349376054729285
5.122,0.17345181875151833
5.124,0.17340965826817936
5.126,0.1733672792352171
5.128,0.1733246817818065
5.13,0.17328186602947593
5.132,0.1732388320931012
5.134,0.17319558008178632
5.136,0.17315211009963138
5.138,0.17310842224642228
5.14,0.17306451661822636
5.142,0.1730203903595577
5.144,0.17297604362023106
5.146,0.17293147654048036
5.148,0.17288668925217904
5.15,0.17284168187991542
5.152,0.17279645454194026
5.154,0.17275100735101334
5.156,0.17270534041513547
5.158,0.17265945383820747
5.16,0.17261334772060238
5.162,0.17256701982781408
5.164,0.1725204703023797
5.166,0.17247369927890588
5.168,0.17242670688509734
5.17,0.17237949324265742
5.172,0.17233205846809213
5.174,0.17228440267341258
5.176,0.17223652596675912
5.178,0.1721884284529493
5.18,0.17214011023396414
5.182,0.17209156922682833
5.184,0.17204280557358595
5.186,0.17199381940919004
5.188,0.17194461086243007
5.19,0.1718951800567475
5.192,0.1718455271109589
5.194,0.17179565213989376
5.196,0.17174555525495624
5.198,0.17169523656462096
5.2,0.17164469617486955
5.202,0.1715939321658741
5.204,0.1715429446797535
5.206,0.1714917338521825
5.208,0.17144029981323408
5.21,0.17138864268812998
5.212,0.1713367625979044
5.214,0.1712846596599856
5.216,0.1712323339887128
5.218,0.1711797856957898
5.22,0.1711270148906887
5.222,0.17107401995870422
5.224,0.1710208010417971
5.226,0.17096735827637335
5.228,0.17091369179403043
5.23,0.170859801722217
5.232,0.1708056881848121
5.234,0.17075135130263813
5.236,0.17069679119391523
5.238,0.1706420079746601
5.24,0.17058700175903777
5.242,0.17053177135868247
5.244,0.17047631691173992
5.246,0.1704206385521221
5.248,0.17036473641009367
5.25,0.1703086106127962
5.252,0.17025226128471027
5.2540000000000004,0.17019568854805828
5.256,0.17013889252316447
5.258,0.17008187332877517
5.26,0.17002463108233123
5.2620000000000005,0.1699671648035388
5.264,0.1699094746302844
5.266,0.16985156069710214
5.268,0.1697934231356604
5.2700000000000005,0.169735062075192
5.272,0.16967647764287283
5.274,0.16961766996415628
5.276,0.1695586391630688
5.2780000000000005,0.169499385362475
5.28,0.1694399086843011
5.282,0.16938020836573722
5.284,0.16932028454529424
5.2860000000000005,0.16926013735891055
5.288,0.16919976694034075
5.29,0.16913917342150994
5.292,0.16907835693282083
5.2940000000000005,0.16901731760342506
5.296,0.16895605556146356
5.298,0.16889457093427948
5.3,0.16883286384860527
5.3020000000000005,0.16877093378198554
5.304,0.16870878087341168
5.306,0.168646405260103
5.308,0.1685838070778078
5.3100000000000005,0.16852098646107144
5.312,0.1684579435434699
5.314,0.1683946784578163
5.316,0.16833119133634722
5.3180000000000005,0.16826748231087893
5.32,0.1682035515129533
5.322,0.1681393986687486
5.324,0.16807502391760898
5.3260000000000005,0.16801042739794383
5.328,0.16794560924742882
5.33,0.16788056960318912
5.332,0.1678153086019492
5.3340000000000005,0.16774982638018468
5.336,0.16768412307423777
5.338,0.16761819882043014
5.34,0.1675520537551553
5.3420000000000005,0.16748568785233692
5.344,0.16741910125175496
5.346,0.16735229409309685
5.348,0.16728526651605646
5.3500000000000005,0.16721801866043598
5.352,0.167150550666217
5.354,0.16708286267364492
5.356,0.16701495482327866
5.3580000000000005,0.16694682725606227
5.36,0.16687848011336426
5.362,0.1668099136123526
5.364,0.16674112789345194
5.3660000000000005,0.16667212309782312
5.368,0.1666028993673784
5.37,0.16653345684477708
5.372,0.16646379567344163
5.3740000000000006,0.16639391599755735
5.376,0.16632381796207943
5.378,0.16625350171273742
5.38,0.16618296739603733
5.382,0.1661122168593522
5.384,0.166041250213093
5.386,0.16597006757276594
5.388,0.16589866905846148
5.39,0.16582705479440504
5.392,0.16575522490855832
5.394,0.16568317953226724
5.396,0.16561091879995216
5.398,0.16553844284883462
5.4,0.16546575181869475
5.402,0.16539284321222
5.404,0.16531971723165007
5.406,0.1652463740745133
5.408,0.16517281393427422
5.41,0.1650990370009161
5.412,0.16502504346145389
5.414,0.16495083350038026
5.416,0.16487640730007674
5.418,0.16480176504115843
5.42,0.16472690690279304
5.422,0.16465183699486066
5.424,0.16457655540938312
5.426,0.16450106224759056
5.428,0.164425357618937
5.43,0.16434944164022516
5.432,0.16427331443484258
5.434,0.16419697613207132
5.436,0.16412042686649628
5.438,0.16404366677746374
5.44,0.16396669600861863
5.442,0.16388951401120783
5.444,0.1638121209512172
5.446,0.16373451699603317
5.448,0.16365670231436996
5.45,0.16357867707620966
5.452,0.16350044145275058
5.454,0.16342199561635676
5.456,0.16334333974052387
5.458,0.16326447399983632
5.46,0.1631853985699476
5.462,0.16310611479001072
5.464,0.163026622813705
5.466,0.1629469227985874
5.468,0.16286701490573802
5.47,0.16278689929944584
5.472,0.16270657614693057
5.474,0.16262604561810196
5.476,0.16254530788534033
5.478,0.16246436312331264
5.48,0.1623832115088009
5.482,0.16230185475824838
5.484,0.16222029302001173
5.486,0.16213852644799362
5.488,0.16205655520109627
5.49,0.16197437944272786
5.492,0.16189199934038073
5.494,0.1618094150652513
5.496,0.16172662679190022
5.498,0.1616436346979684
5.5,0.16156043896390798
5.502,0.1614770414455227
5.5040000000000004,0.16139344229286845
5.506,0.16130964166237188
5.508,0.16122563971617343
5.51,0.16114143662156408
5.5120000000000005,0.16105703255048168
5.514,0.1609724276790599
5.516,0.16088762218724084
5.518,0.1608026162584306
5.5200000000000005,0.1607174100791898
5.522,0.16063200565169414
5.524,0.1605464031295532
5.526,0.16046060267332837
5.5280000000000005,0.16037460444981758
5.53,0.16028840863142627
5.532,0.16020201539560505
5.534,0.16011542492436306
5.5360000000000005,0.1600286374038324
5.538,0.15994165302388627
5.54,0.15985447197780264
5.542,0.1597670964370375
5.5440000000000005,0.15967952655880163
5.546,0.15959176250783386
5.548,0.15950380445562284
5.55,0.15941565257970922
5.5520000000000005,0.1593273070630855
5.554,0.15923876809365317
5.556,0.15915003586374807
5.558,0.15906111056972955
5.5600000000000005,0.15897199241160567
5.562,0.15888268374048775
5.564,0.15879318471700715
5.566,0.15870349550992857
5.5680000000000005,0.1586136162952963
5.57,0.15852354725568285
5.572,0.15843328857952715
5.574,0.1583428404605492
5.5760000000000005,0.158252203097233
5.578,0.15816137669237113
5.58,0.15807036145266867
5.582,0.15797915676618213
5.5840000000000005,0.1578877628346925
5.586,0.15779617986077976
5.588,0.1577044080478241
5.59,0.15761244760000925
5.5920000000000005,0.15752029872232626
5.594,0.15742796162057873
5.596,0.15733543650139384
5.598,0.15724272357222524
5.6000000000000005,0.157149823041371
5.602,0.157056740310737
5.604,0.15696347546490882
5.606,0.15687002860234536
5.6080000000000005,0.15677639983383584
5.61,0.1566825892811504
5.612,0.15658859707584147
5.614,0.1564944233581868
5.6160000000000005,0.15640006827626055
5.618,0.15630553198510436
5.62,0.15621081464601225
5.622,0.1561159216981749
5.6240000000000006,0.1560208532187827
5.626,0.1559256093025778
5.628,0.15583019005990117
5.63,0.15573459561495803
5.632,0.15563882610428423
5.634,0.15554288167539632
5.636,0.15544676248559855
5.638,0.15535046870092753
5.64,0.15525400049521904
5.642,0.15515736084218867
5.644,0.15506054987152892
5.646,0.15496356772550957
5.648,0.15486641455758413
5.65,0.15476909053117627
5.652,0.15467159581859868
5.654,0.15457393060010244
5.656,0.15447609506303994
5.658,0.1543780894011233
5.66,0.15427991381377937
5.662,0.1541815711248922
5.664,0.15408306148863427
5.666,0.15398438506991466
5.668,0.15388554204321725
5.67,0.1537865325915718
5.672,0.15368735690564864
5.674,0.15358801518295476
5.676,0.15348850762713112
5.678,0.15338883444733137
5.68,0.15328899585767927
5.682,0.1531889959213546
5.684,0.15308883478521082
5.686,0.15298851260932025
5.688,0.15288802956552844
5.69,0.15278738583617477
5.692,0.15268658161296556
5.694,0.15258561709598029
5.696,0.15248449249278784
5.698,0.15238320801768143
5.7,0.1522817638909892
5.702,0.1521801638272271
5.704,0.15207840798501235
5.706,0.15197649653607812
5.708,0.15187442966384507
5.71,0.15177220756215232
5.712,0.15166983043414187
5.714,0.15156729849127068
5.716,0.15146461195244776
5.718,0.15136177104326035
5.72,0.15125877599531007
5.722,0.15115563029536544
5.724,0.1510523341127768
5.726,0.1509488876294672
5.728,0.15084529103855726
5.73,0.15074154454316005
5.732,0.15063764835530957
5.734,0.15053360269501817
5.736,0.15042940778945124
5.738,0.1503250638721898
5.74,0.15022057118259383
5.742,0.15011593421245265
5.744,0.15001115313030403
5.746,0.14990622811945836
5.748,0.14980115892834692
5.75,0.14969592921866534
5.752,0.14959053072310755
5.7540000000000004,0.14948496349367962
5.756,0.14937922759001487
5.758,0.14927332307851202
5.76,0.1491672500315819
5.7620000000000005,0.14906101209393363
5.764,0.14895460927183515
5.766,0.14884804158465192
5.768,0.14874130906334035
5.7700000000000005,0.14863441174912045
5.772,0.1485273496922954
5.774,0.148420122951222
5.776,0.1483127315913953
5.7780000000000005,0.1482051756846392
5.78,0.1480974553083985
5.782,0.1479895748948768
5.784,0.14788153444146573
5.7860000000000005,0.14777333396027417
5.788,0.14766497347642743
5.79,0.14755645302657702
5.792,0.1474477726575734
5.7940000000000005,0.14733893242530033
5.796,0.14722993239364157
5.798,0.14712077263357587
5.8,0.14701145322237583
5.8020000000000005,0.14690198913814909
5.804,0.1467923801648819
5.806,0.1466826261272028
5.808,0.14657272688564935
5.8100000000000005,0.14646268233246723
5.812,0.14635249238790501
5.814,0.14624215699693105
5.816,0.14613167612633945
5.8180000000000005,0.1460210497621863
5.82,0.14591027790752356
5.822,0.14579933977574935
5.824,0.1456882358137828
5.8260000000000005,0.14557696643030268
5.828,0.14546553200022255
5.83,0.14535393286864928
5.832,0.14524217318253008
5.8340000000000005,0.14513027556540992
5.836,0.14501824404569433
5.838,0.1449060790451825
5.84,0.14479378097097842
5.8420000000000005,0.14468137769627404
5.844,0.14456886909991815
5.846,0.14445625511683471
5.848,0.1443435357316574
5.8500000000000005,0.14423071097308748
5.852,0.14411778090889893
5.854,0.14400474564152357
5.856,0.14389160530413553
5.8580000000000005,0.14377836005719338
5.86,0.14366501008537985
5.862,0.14355153965537787
5.864,0.1434379492538219
5.8660000000000005,0.14332423934695573
5.868,0.14321041038307503
5.87,0.14309646279469912
5.872,0.1429823970005073
5.8740000000000006,0.14286821340704978
5.876,0.14275391241027843
5.878,0.14263949439690557
5.88,0.14252495974561005
5.882000000000001,0.14241033235844736
5.884,0.14229561217214598
5.886,0.14218079917485257
5.888,0.14206589340029313
5.89,0.14195089492260626
5.892,0.14183580385176245
5.894,0.14172062032951732
5.896,0.141605344525833
5.898,0.14148997663570567
5.9,0.14137451687636854
5.902,0.1412589662472153
5.904,0.1411433249594055
5.906,0.14102759324200403
5.908,0.14091177133997546
5.91,0.14079585951241863
5.912,0.14067985803100772
5.914,0.14056376717861738
5.916,0.14044758724811315
5.918,0.14033131854129058
5.92,0.14021496136793488
5.922,0.14009850494239548
5.924,0.13998194977816245
5.926,0.13986529636870626
5.928,0.13974854518989183
5.93,0.13963169670213785
5.932,0.13951475135231853
5.934,0.1393977095754677
5.936,0.13928057179628703
5.938,0.13916333843049114
5.94,0.13904600988599258
5.942,0.1389286122429146
5.944,0.13881114540221134
5.946,0.13869360932262356
5.948,0.13857600401407041
5.95,0.13845832953179363
5.952,0.13834058597118568
5.954,0.13822277346320838
5.956,0.1381048921703492
5.958,0.13798694228304018
5.96,0.13786892401649517
5.962,0.13775083527901022
5.964,0.13763267637538407
5.966,0.13751444762113754
5.968,0.13739614934138636
5.97,0.1372777818698544
5.972,0.13715934554800324
5.974,0.13704084072426326
5.976,0.1369222677533599
5.978,0.1368036269957154
5.98,0.13668491881693234
5.982,0.13656613239024362
5.984,0.13644726826323617
5.986,0.13632832696153885
5.988,0.1362093089914861
5.99,0.136090214842476
5.992,0.13597104498907595
5.994,0.13585179989288437
5.996,0.13573248000418886
5.998,0.1356130857634359
6.0,0.13549361760254053
6.002,0.13537410404971464
6.0040000000000004,0.13525454498162376
6.006,0.13513494033850007
6.008,0.13501529011685318
6.01,0.13489559436302564
6.0120000000000005,0.13477585316749027
6.014,0.13465606665981214
6.016,0.13453623500418377
6.018,0.1344163583954857
6.0200000000000005,0.13429643705580313
6.022,0.13417646877208614
6.024,0.13405645385734555
6.026,0.13393639263694845
6.0280000000000005,0.13381628544729152
6.03,0.1336961326346303
6.032,0.13357593455405414
6.034,0.1334556915685811
6.0360000000000005,0.1333354040483568
6.038,0.1332150723699568
6.04,0.13309469691576975
6.042,0.13297428214428664
6.0440000000000005,0.132853828340118
6.046,0.13273333580301414
6.048,0.1326128048462011
6.05,0.13249223579490535
6.0520000000000005,0.13237162898506588
6.054,0.13225098476218694
6.056,0.13213030348034777
6.058,0.1320095855013138
6.0600000000000005,0.13188883119376155
6.062,0.1317680467129436
6.064,0.1316472323063351
6.066,0.13152638824143936
6.0680000000000005,0.1314055148035509
6.07,0.13128461229377386
6.072,0.1311636810272793
6.074,0.13104272133176478
6.0760000000000005,0.13092173354610168
6.078,0.1308007180191429
6.08,0.13067967510867434
6.082,0.13055860691434104
6.0840000000000005,0.13043751376414078
6.086,0.13031639599694633
6.088,0.13019525396134451
6.09,0.13007408801462952
6.0920000000000005,0.12995289852190567
6.094,0.12983168585530108
6.096,0.12971045039328025
6.098,0.12958919252003692
6.1000000000000005,0.1294679126249641
6.102,0.12934661214484588
6.104,0.12922529144825692
6.106,0.12910395091015126
6.1080000000000005,0.12898259091126757
6.11,0.12886121183759466
6.112,0.1287398140799113
6.114,0.12861839803337924
6.1160000000000005,0.12849696409718667
6.118,0.12837551267423755
6.12,0.128254044170877
6.122,0.12813257102509445
6.1240000000000006,0.12801109339240582
6.126,0.12788961146122071
6.128,0.12776812544911575
6.13,0.12764663559954859
6.132000000000001,0.12752514217895256
6.134,0.12740364547416486
6.136,0.1272821457901681
6.138,0.1271606434480835
6.140000000000001,0.1270391387834022
6.142,0.126917638228958
6.144,0.12679614200859463
6.146,0.12667465037165934
6.148,0.12655316359011795
6.15,0.12643168195601032
6.152,0.12631020577920568
6.154,0.12618873538542036
6.156,0.12606727111447102
6.158,0.1259458133187299
6.16,0.12582436236177422
6.162,0.12570292383801115
6.164,0.12558149801098212
6.166,0.12546008516539583
6.168,0.12533868560475422
6.17,0.1252172996492444
6.172,0.12509592763389418
6.174,0.12497456990693226
6.176,0.12485322682835506
6.178,0.1247318987686529
6.18,0.12461058610769993
6.182,0.1244892944515216
6.184,0.12436802407620928
6.186,0.12424677527778524
6.188,0.12412554836996137
6.19,0.12400434368217364
6.192,0.12388316155784232
6.194,0.1237620023528363
6.196,0.12364086643413075
6.198,0.1235197541786093
6.2,0.12339866597202212
6.202,0.1232776074852972
6.204,0.12315657899759816
6.206,0.12303558080782373
6.208,0.12291461323239825
6.21,0.12279367660331542
6.212,0.12267277126642473
6.214,0.12255189757990662
6.216,0.12243105591293912
6.218,0.12231024664451798
6.22,0.12218947016242401
6.222,0.1220687321788578
6.224,0.1219480329733888
6.226,0.12182737284538003
6.228,0.12170675211175533
6.23,0.12158617110504744
6.232,0.12146563017166873
6.234,0.1213451296703881
6.236,0.12122466997098699
6.238,0.12110425145308049
6.24,0.12098387450507198
6.242,0.12086354486714213
6.244,0.1207432628183085
6.246,0.12062302865745592
6.248,0.1205028427010976
6.25,0.12038270528140782
6.252,0.12026261674448555
6.2540000000000004,0.12014257744881732
6.256,0.12002258776393304
6.258,0.1199026480692107
6.26,0.11978275875283165
6.2620000000000005,0.11966292557569727
6.264,0.11954314881558736
6.266,0.11942342877020692
6.268,0.11930376575494325
6.2700000000000005,0.1191841601008787
6.272,0.11906461215305286
6.274,0.11894512226891202
6.276,0.11882569081695585
6.2780000000000005,0.11870631817554073
6.28,0.11858700473182573
6.282,0.11846775626079983
6.284,0.11834857303831597
6.2860000000000005,0.11822945536018734
6.288,0.11811040353993293
6.29,0.11799141790678866
6.292,0.11787249880395059
6.2940000000000005,0.11775364658702384
6.296,0.11763486162266426
6.298,0.1175161442873737
6.3,0.1173974949664382
6.3020000000000005,0.11727891944173685
6.304,0.11716041798645446
6.306,0.11704199089374559
6.308,0.1169236384744719
6.3100000000000005,0.1168053610552004
6.312,0.11668715897644763
6.314,0.11656903259112114
6.316,0.11645098226315537
6.3180000000000005,0.11633300836630073
6.32,0.11621511128306572
6.322,0.11609726774110157
6.324,0.11597942377013573
6.3260000000000005,0.11586157815792067
6.328,0.11574373092680587
6.33,0.11562588211369604
6.332,0.11550803176832752
6.3340000000000005,0.11539017995174872
6.336,0.1152723267349812
6.338,0.11515447219783459
6.34,0.11503661642787005
6.3420000000000005,0.11491876495167377
6.344,0.11480091775346282
6.346,0.11468307483628687
6.348,0.11456523621980669
6.3500000000000005,0.11444740193832686
6.352,0.11432957203906083
6.354,0.11421174658059804
6.356,0.11409392563155635
6.3580000000000005,0.11397613704194198
6.36,0.11385843803631965
6.362,0.11374083614589725
6.364,0.11362333162462451
6.3660000000000005,0.11350592474653734
6.368,0.113388615803449
6.37,0.1132714051029293
6.372,0.11315429296650811
6.3740000000000006,0.11303727972810079
6.376,0.11292036573261585
6.378,0.1128035513347306
6.38,0.11268683689780723
6.382000000000001,0.11257022823091781
6.384,0.11245372558220282
6.386,0.11233732921978537
6.388,0.11222103942947395
6.390000000000001,0.11210485651273705
6.392,0.11198878078490929
6.394,0.1118728125736228
6.396,0.1117569522174093
6.398000000000001,0.11164120006448269
6.4,0.11152555647165438
6.402,0.11141002722010446
6.404,0.11129461255113487
6.406,0.1111793127259072
6.408,0.11106412802314608
6.41,0.11094905873711922
6.412,0.11083410517585052
6.414,0.11071926765954693
6.416,0.1106045465192122
6.418,0.11048994209542584
6.42,0.11037545473726587
6.422,0.11026109019119834
6.424,0.1101468486906012
6.426,0.11003273048855511
6.428,0.10991873585556466
6.43,0.10980486507753578
6.432,0.1096911184540025
6.434,0.10957749629654992
6.436,0.10946399892744016
6.438,0.10935062667839096
6.44,0.10923737988950075
6.442,0.10912426426589306
6.444,0.10901128003186489
6.446,0.10889842743124684
6.448,0.10878570672512061
6.45,0.1086731181898164
6.452,0.10856066211513751
6.454,0.10844833880279789
6.456,0.10833614856504567
6.458,0.10822409172345485
6.46,0.10811216860784503
6.462,0.10800038487552116
6.464,0.10788874074049346
6.466,0.1077772364361089
6.468,0.10766587221277651
6.47,0.10755464833597544
6.472,0.1074435650844896
6.474,0.10733262274885433
6.476,0.10722182162998248
6.478,0.10711116203796281
6.48,0.1070006442909954
6.482,0.10689027399222176
6.484,0.10678005134411
6.486,0.10666997656823413
6.488,0.10656004990303083
6.49,0.10645027160180456
6.492,0.10634064193098014
6.494,0.1062311611685571
6.496,0.1061218296027446
6.498,0.1060126475307652
6.5,0.10590361525779612
6.502,0.10579474010295173
6.5040000000000004,0.10568602222473489
6.506,0.10557746180479985
6.508,0.10546905904522241
6.51,0.10536081416607557
6.5120000000000005,0.10525272740330283
6.514,0.10514479900682913
6.516,0.10503702923890634
6.518,0.10492941837264716
6.5200000000000005,0.10482196669073038
6.522,0.10471467653029431
6.524,0.10460754811668507
6.526,0.10450058168751045
6.5280000000000005,0.10439377749115267
6.53,0.10428713578546683
6.532,0.1041806568366252
6.534,0.10407434091811288
6.5360000000000005,0.10396818830983554
6.538,0.10386219929733881
6.54,0.10375637417112546
6.542,0.10365072084468105
6.5440000000000005,0.10354523944555014
6.546,0.10343993012377689
6.548,0.10333473541991675
6.55,0.10322959781796126
6.5520000000000005,0.10312451729892111
6.554,0.10301949385678777
6.556,0.10291452749695937
6.558,0.10280961823485713
6.5600000000000005,0.10270476609470691
6.562,0.10259999422362528
6.564,0.1024953882213692
6.566,0.10239095759480377
6.5680000000000005,0.10228670254953379
6.57,0.10218262330113684
6.572,0.10207872007393232
6.574,0.10197499309988933
6.5760000000000005,0.10187144261767964
6.578,0.10176806887183598
6.58,0.10166487211201508
6.582,0.10156186018047883
6.5840000000000005,0.10145903316563021
6.586,0.10135639117832362
6.588,0.1012539343491608
6.59,0.10115166282610627
6.5920000000000005,0.10104957677237847
6.594,0.10094767636459229
6.596,0.10084596179111852
6.598,0.10074443325063859
6.6000000000000005,0.10064309095086424
6.602,0.10054193767778366
6.604,0.10044097356828185
6.606,0.10034019877236364
6.6080000000000005,0.10023961345151902
6.61,0.10013921777727358
6.612,0.10003901192992581
6.614,0.09993899609742474
6.6160000000000005,0.09983917047438404
6.618,0.09973953526122192
6.62,0.09964009066339466
6.622,0.09954084417077788
6.6240000000000006,0.09944179583353552
6.626,0.09934294572337757
6.628,0.09924429393093731
6.63,0.09914584056344378
6.632000000000001,0.0990475857426878
6.634,0.09894952960320272
6.636,0.09885167229067762
6.638,0.09875401396055031
6.640000000000001,0.09865655477676616
6.642,0.09855929922002937
6.644,0.09846224735254996
6.646,0.09836539925340179
6.648000000000001,0.09826875501642213
6.65,0.09817231474835036
6.652,0.09807607856719674
6.654,0.0979800466007974
6.656000000000001,0.09788421898553801
6.658,0.09778859586524374
6.66,0.09769317739018404
6.662,0.09759796402003679
6.664,0.09750286657418109
6.666,0.0974078482444797
6.668,0.09731290897012362
6.67,0.09721804870188383
6.672,0.0971232674006749
6.674,0.09702856503629681
6.676,0.09693394710058098
6.678,0.0968395053653486
6.68,0.09674527254914606
6.682,0.09665125324561119
6.684,0.09655744747466741
6.686,0.09646385527151677
6.688,0.09637047668470633
6.69,0.09627731177440205
6.692,0.09618436061089489
6.694,0.0960916232732594
6.696,0.0959990998481901
6.698,0.09590679042896466
6.7,0.09581469511453883
6.702,0.09572281853818126
6.704,0.09563116068970332
6.706,0.09553972157422336
6.708,0.09544850121021264
6.71,0.0953574996277658
6.712,0.09526671686708427
6.714,0.09517615297713022
6.716,0.09508580801444866
6.718,0.09499568204212427
6.72,0.09490577512887005
6.722,0.09481609187673559
6.724,0.09472663224521158
6.726,0.09463739620902548
6.728,0.09454838375617977
6.73,0.0944595948862251
6.732,0.09437102960873042
6.734,0.0942826879419435
6.736,0.09419456991160127
6.738,0.09410667554988997
6.74,0.09401900489452364
6.742,0.09393156246525583
6.744,0.0938443481913506
6.746,0.0937573620170857
6.748,0.09367060389980772
6.75,0.09358407380821149
6.752,0.09349777172082632
6.7540000000000004,0.09341169762467658
6.756,0.0933258515141098
6.758,0.09324023338975704
6.76,0.09315484325762216
6.7620000000000005,0.09306968552333186
6.764,0.09298476008569637
6.766,0.09290006685820215
6.768,0.0928156057670903
6.7700000000000005,0.09273137674966786
6.772,0.09264737975280349
6.774,0.09256361473162117
6.776,0.09248008164833432
6.7780000000000005,0.09239678047122457
6.78,0.09231371117374576
6.782,0.09223087802882818
6.784,0.09214828090427613
6.7860000000000005,0.09206591968216155
6.788,0.09198379425693812
6.79,0.09190190453377775
6.792,0.09182025042711064
6.7940000000000005,0.09173883185932633
6.796,0.09165764875964641
6.798,0.0915767010631107
6.8,0.09149598870970735
6.8020000000000005,0.09141551582936211
6.804,0.09133528225813695
6.806,0.09125528784591322
6.808,0.09117553245454657
6.8100000000000005,0.09109601595624617
6.812,0.09101673823214168
6.814,0.09093769917101949
6.816,0.09085889866821212
6.8180000000000005,0.09078033662462026
6.82,0.09070201294585337
6.822,0.0906239311809463
6.824,0.09054600783408237
6.8260000000000005,0.09046818062212345
6.828,0.09039044942074323
6.83,0.0903128141160792
6.832,0.09023527460343458
6.8340000000000005,0.09015783078610864
6.836,0.09008048257438547
6.838,0.09000322988462722
6.84,0.08992607263847857
6.8420000000000005,0.08984901479166302
6.844,0.08977205618774386
6.846,0.08969519668376366
6.848,0.08961843614858261
6.8500000000000005,0.08954177446140571
6.852,0.08946521151048512
6.854,0.08938877564836145
6.856,0.08931257219397143
6.8580000000000005,0.08923661087860393
6.86,0.08916089154742773
6.862,0.08908541800131292
6.864,0.08901018998577698
6.8660000000000005,0.08893520725916515
6.868,0.08886046959090704
6.87,0.08878597675996844
6.872,0.08871172855350518
6.8740000000000006,0.0886377247656647
6.876,0.08856396519653459
6.878,0.08849044965121433
6.88,0.08841717793900339
6.882000000000001,0.0883441537085585
6.884,0.08827137667158846
6.886,0.08819884655217597
6.888,0.0881265630850788
6.890000000000001,0.0880545260142358
6.892,0.08798273509144461
6.894,0.08791119007520609
6.896,0.08783989072969575
6.898000000000001,0.0877688368238684
6.9,0.08769802813066671
6.902,0.08762746814611452
6.904,0.08755715654769611
6.906000000000001,0.08748709302482421
6.908,0.08741727727719709
6.91,0.08734770901333813
6.912,0.08727838794932027
6.914,0.08720931380763497
6.916,0.087140486316204
6.918,0.08707190520750097
6.92,0.08700357021779034
6.922,0.08693548469019416
6.924,0.0868676482677237
6.926,0.08680006060489734
6.928,0.08673272136612709
6.93,0.08666563022431428
6.932,0.08659878685961178
6.934,0.08653219095832429
6.936,0.08646584221194495
6.938,0.086399740316314
6.94,0.08633388497087174
6.942,0.08626827936567441
6.944,0.08620292310920372
6.946,0.08613781582102073
6.948,0.0860729571302232
6.95,0.08600834667406454
6.952,0.08594398409676327
6.954,0.08587986904843584
6.956,0.08581600118416838
6.958,0.08575238016319292
6.96,0.08568900564817042
6.962,0.0856258806760562
6.964,0.08556300482092147
6.966,0.08550037766751603
6.968,0.0854379988097633
6.97,0.08537586784943516
6.972,0.08531398439499277
6.974,0.0852523480605559
6.976,0.08519095846500285
6.978,0.08512981523117799
6.98,0.08506891798519442
6.982,0.08500826961105587
6.984,0.08494786964874018
6.986,0.08488771764850567
6.988,0.08482781316944674
6.99,0.08476815577820296
6.992,0.08470874504784631
6.994,0.08464958055687813
6.996,0.08459066188836745
6.998,0.08453198862917877
7.0,0.08447356036929901
7.002,0.08441537984017822
7.0040000000000004,0.08435744654820107
7.006,0.0842997600096558
7.008,0.08424231974933288
7.01,0.08418512529928618
7.0120000000000005,0.08412817619775609
7.014,0.08407147198819845
7.016,0.08401501221845761
7.018,0.0839587964400183
7.0200000000000005,0.08390282420736106
7.022,0.08384709810007401
7.024,0.08379161759164164
7.026,0.08373638216508725
7.0280000000000005,0.08368139131161825
7.03,0.08362664452943955
7.032,0.08357214132270135
7.034,0.0835178812005826
7.0360000000000005,0.0834638636764786
7.038,0.08341008826728663
7.04,0.08335655449278354
7.042,0.08330326478173516
7.0440000000000005,0.08325021857560477
7.046,0.0831974153250408
7.048,0.0831448544885797
7.05,0.08309253553149201
7.0520000000000005,0.08304045792478193
7.054,0.08298862114429861
7.056,0.08293702466994768
7.058,0.08288566798502442
7.0600000000000005,0.08283455057559622
7.062,0.08278367472101078
7.064,0.08273303983177413
7.066,0.08268264532723693
7.0680000000000005,0.08263249063434977
7.07,0.08258257518656076
7.072,0.08253289842284264
7.074,0.08248345978684318
7.0760000000000005,0.0824342587261383
7.078,0.082385286761501
7.08,0.08233643847616057
7.082,0.08228768372035947
7.0840000000000005,0.08223902230209346
7.086,0.08219045403834468
7.088,0.08214197875397877
7.09,0.08209359628074847
7.0920000000000005,0.08204530645644095
7.094,0.08199710912411132
7.096,0.08194900413140438
7.098,0.08190099132996215
7.1000000000000005,0.08185307057490199
7.102,0.08180524436597919
7.104,0.08175751250786858
7.106,0.08170987481407535
7.1080000000000005,0.08166233110584672
7.11,0.08161488121120511
7.112,0.08156752496409744
7.114,0.08152026220365102
7.1160000000000005,0.08147309277350562
7.118,0.08142601652123654
7.12,0.08137903329783241
7.122,0.08133214554648327
7.1240000000000006,0.08128535307048032
7.126,0.08123872497344653
7.128,0.08119232872557702
7.13,0.0811461636938276
7.132000000000001,0.08110022925042015
7.134,0.0810545247720583
7.136,0.08100904963923064
7.138,0.08096380323560409
7.140000000000001,0.08091878494749238
7.142,0.08087399664395412
7.144,0.08082943764494838
7.146,0.08078510727848451
7.148000000000001,0.08074100487950628
7.15,0.08069712978892321
7.152,0.08065348135274633
7.154,0.0806100589213396
7.156000000000001,0.08056686184875672
7.158,0.0805238894921568
7.16,0.08048114121129984
7.162,0.0804386187351245
7.164000000000001,0.08039632136002864
7.166,0.08035424839017732
7.168,0.0803123991364369
7.17,0.0802707729154484
7.172,0.08022936904880493
7.174,0.08018818686233756
7.176,0.0801472256854796
7.178,0.08010648485071278
7.18,0.08006596369308835
7.182,0.08002566380473297
7.184,0.07998558446035775
7.186,0.07994572494216393
7.188,0.07990608453883732
7.19,0.07986666254466243
7.192,0.07982745825873488
7.194,0.07978847098428316
7.196,0.07974970002806589
7.198,0.07971114469984514
7.2,0.07967280431192578
7.202,0.07963467902362281
7.204,0.07959676811760069
7.206,0.0795590708805104
7.208,0.07952158660241263
7.21,0.07948431457627664
7.212,0.07944725409753398
7.214,0.0794104044636984
7.216,0.0793737649740267
7.218,0.07933733492922845
7.22,0.07930111363120734
7.222,0.07926510367237566
7.224,0.07922930427106012
7.226,0.07919371465482222
7.228,0.07915833405928643
7.23,0.07912316172710793
7.232,0.07908819690706315
7.234,0.07905343885325114
7.236,0.07901888682439603
7.238,0.07898454008322428
7.24,0.07895039789592431
7.242,0.07891646171331645
7.244,0.07888273074677374
7.246,0.07884920421570149
7.248,0.07881588134651477
7.25,0.07878276137174817
7.252,0.07874984352927442
7.2540000000000004,0.07871712706160836
7.256,0.07868461121531287
7.258,0.07865229524045642
7.26,0.07862017839015806
7.2620000000000005,0.0785882617773799
7.264,0.07855654460745548
7.266,0.07852502609267761
7.268,0.0784937054514297
7.2700000000000005,0.07846258190742814
7.272,0.07843165468904414
7.274,0.07840092302871624
7.276,0.07837038616243841
7.2780000000000005,0.07834004332930153
7.28,0.07830989377110209
7.282,0.07827993843808637
7.284,0.0782501765276708
7.2860000000000005,0.07822060724366323
7.288,0.0781912297954738
7.29,0.07816204339744312
7.292,0.0781330472682289
7.2940000000000005,0.07810424063028423
7.296,0.07807562270939233
7.298,0.07804719273426153
7.3,0.07801894993617467
7.3020000000000005,0.07799089514111249
7.304,0.07796302753898338
7.306,0.07793534632575577
7.308,0.07790785070272677
7.3100000000000005,0.07788053987589885
7.312,0.07785341305542351
7.314,0.07782646945511795
7.316,0.07779970829203417
7.3180000000000005,0.07777312878609127
7.32,0.07774673015974684
7.322,0.07772051312998465
7.324,0.07769447688082487
7.3260000000000005,0.07766862060210955
7.328,0.07764294348882653
7.33,0.07761744474052565
7.332,0.07759212356080442
7.3340000000000005,0.07756697915685062
7.336,0.0775420107390512
7.338,0.0775172175206438
7.34,0.07749259871741201
7.3420000000000005,0.07746815494803902
7.344,0.07744388539272434
7.346,0.07741978923729204
7.348,0.07739586567257814
7.3500000000000005,0.0773721138938687
7.352,0.0773485331004242
7.354,0.07732512249505549
7.356,0.07730188128375254
7.3580000000000005,0.07727880867536183
7.36,0.07725590388130193
7.362,0.07723316743022493
7.364,0.07721059850073261
7.3660000000000005,0.07718819627689541
7.368,0.07716595994766037
7.37,0.07714388870634548
7.372,0.07712198175018029
7.3740000000000006,0.07710023827991905
7.376,0.07707865749948456
7.378,0.07705723861567404
7.38,0.07703598083789098
7.382000000000001,0.07701488461124403
7.384,0.07699394911502491
7.386,0.07697317353383545
7.388,0.07695255705704479
7.390000000000001,0.07693209887831615
7.392,0.07691179819517088
7.394,0.07689165420863389
7.396,0.07687166612289428
7.398000000000001,0.07685179696434769
7.4,0.07683198589856219
7.402,0.07681223302160026
7.404,0.07679253819152498
7.406000000000001,0.07677290127047645
7.408,0.07675332212419067
7.41,0.07673380062157772
7.412,0.07671433663435284
7.414000000000001,0.07669493003670688
7.416,0.0766755807050164
7.418,0.0766562885175906
7.42,0.07663705335444654
7.422000000000001,0.07661787618060273
7.424,0.07659875685686376
7.426,0.07657969524789804
7.428,0.07656069122177694
7.43,0.07654174464958644
7.432,0.07652285540507237
7.434,0.07650402336433537
7.436,0.0764852484055551
7.438,0.07646653040875381
7.44,0.07644786925557986
7.442,0.07642926588589602
7.444,0.0764107201626521
7.446,0.07639223195253567
7.448,0.07637380112554898
7.45,0.07635542755461666
7.452,0.07633711111525304
7.454,0.07631885168526284
7.456,0.0763006491444771
7.458,0.07628254488380981
7.46,0.07626458068722444
7.462,0.07624675680350032
7.464,0.0762290724478096
7.466,0.07621152684020105
7.468,0.07619411920516392
7.47,0.07617684877123926
7.472,0.07615971477069122
7.474,0.07614271643920378
7.476,0.07612585301562635
7.478,0.07610912374174464
7.48,0.07609252786208628
7.482,0.07607606557930668
7.484,0.07605973611854797
7.486,0.07604353870974387
7.488,0.07602747258720746
7.49,0.0760115369892699
7.492,0.07599573115796496
7.494,0.07598005433874899
7.496,0.07596450578026073
7.498,0.07594908473410608
7.5,0.07593379045467194
7.502,0.07591862305702196
7.5040000000000004,0.07590358177917172
7.506,0.0758886658637343
7.508,0.07587387455753622
7.51,0.0758592071113014
7.5120000000000005,0.07584466277935537
7.514,0.07583024081937881
7.516,0.07581594049218418
7.518,0.07580176106152631
7.5200000000000005,0.07578770179393063
7.522,0.07577376273910091
7.524,0.07575994314964482
7.526,0.07574624228257482
7.5280000000000005,0.07573265939897106
7.53,0.07571919376369018
7.532,0.0757058446451025
7.534,0.07569261131486699
7.5360000000000005,0.07567949304772964
7.538,0.0756664891213518
7.54,0.0756535988161576
7.542,0.07564082212610662
7.5440000000000005,0.07562815831996406
7.546,0.07561560667072875
7.548,0.07560316645533494
7.55,0.07559083695438681
7.5520000000000005,0.07557861745191771
7.554,0.07556650723519262
7.556,0.07555450559452492
7.558,0.07554261182311908
7.5600000000000005,0.07553082521693275
7.562,0.07551914748314231
7.564,0.0755075778665456
7.566,0.07549611562063208
7.5680000000000005,0.07548476000675777
7.57,0.07547351029342736
7.572,0.07546236575565346
7.574,0.07545132567439752
7.5760000000000005,0.07544038933607403
7.578,0.07542955603211751
7.58,0.07541882505859687
7.582,0.07540819438983093
7.5840000000000005,0.07539766336287301
7.586,0.07538723131498767
7.588,0.07537689758383265
7.59,0.07536666150764149
7.5920000000000005,0.07535652242536786
7.594,0.07534647967682781
7.596,0.07533653260282222
7.598,0.0753266805452433
7.6000000000000005,0.0753169228471674
7.602,0.07530725922135076
7.604,0.07529768900643932
7.606,0.07528821154339249
7.6080000000000005,0.07527882617544138
7.61,0.0752695322480561
7.612,0.07526032910891126
7.614,0.07525121610786101
7.6160000000000005,0.07524219259691223
7.618,0.07523325793021252
7.62,0.07522441146402806
7.622,0.07521565310840705
7.6240000000000006,0.07520698221297345
7.626,0.07519839813078594
7.628,0.07518990021816976
7.63,0.07518148783457795
7.632000000000001,0.075173160342452
7.634,0.07516491710711795
7.636,0.07515675749668604
7.638,0.07514868088195503
7.640000000000001,0.07514066454854418
7.642,0.07513268291146752
7.644,0.07512476945689009
7.646,0.07511693728082897
7.648000000000001,0.07510918576023595
7.65,0.07510151427532649
7.652,0.07509392220944322
7.654,0.07508640894892751
7.656000000000001,0.07507897388300838
7.658,0.07507161640371998
7.66,0.07506433590580308
7.662,0.07505713220329169
7.664000000000001,0.07505000468947498
7.666,0.0750429527611281
7.668,0.0750359758183538
7.67,0.0750290732644345
7.672000000000001,0.07502224450570996
7.674,0.07501548895146687
7.676,0.07500880601383436
7.678,0.07500219510770773
7.68,0.07499565565066749
7.682,0.07498918742332403
7.684,0.07498278984355702
7.686,0.07497646233256347
7.688,0.07497020431472268
7.69,0.07496401521747376
7.692,0.07495789447120343
7.694,0.07495184150915501
7.696,0.07494585576734747
7.698,0.07493993668449492
7.7,0.07493408370194807
7.702,0.07492829657423342
7.704,0.07492257474451933
7.706,0.07491691765912323
7.708,0.07491130648479483
7.71,0.0749057210867454
7.712,0.07490016139459987
7.714,0.07489462734777033
7.716,0.07488911888645697
7.718,0.07488363595157904
7.72,0.07487817848471068
7.722,0.0748727466766925
7.724,0.07486734046585702
7.726,0.07486195979163987
7.728,0.07485660459447283
7.73,0.07485127481568857
7.732,0.07484597477545052
7.734,0.07484072998512384
7.736,0.07483554415386737
7.738,0.07483041677105076
7.74,0.0748253473285165
7.742,0.0748203355346449
7.744,0.07481538088580794
7.746,0.0748104828811515
7.748,0.07480564102252521
7.75,0.07480085481441581
7.752,0.07479612376389835
7.7540000000000004,0.07479144738058549
7.756,0.07478682517658522
7.758,0.07478225666646365
7.76,0.07477774136720813
7.7620000000000005,0.07477327898281261
7.764,0.07476886903573018
7.766,0.07476451105106599
7.768,0.07476020455651577
7.7700000000000005,0.07475594908231897
7.772,0.07475174416121608
7.774,0.07474758932841008
7.776,0.07474348412152951
7.7780000000000005,0.07473942808060294
7.78,0.0747354207480316
7.782,0.07473146181158744
7.784,0.07472755082027907
7.7860000000000005,0.07472368732560244
7.788,0.07471987088150933
7.79,0.07471610104436863
7.792,0.0747123773729417
7.7940000000000005,0.07470869942835093
7.796,0.07470506677406052
7.798,0.07470147897584986
7.8,0.07469793560179872
7.8020000000000005,0.07469443784257124
7.804,0.07469098524150686
7.806,0.07468757734812184
7.808,0.0746842137176251
7.8100000000000005,0.07468089391050459
7.812,0.0746776174921546
7.814,0.07467438403254653
7.816,0.07467119310593848
7.8180000000000005,0.07466804429061949
7.82,0.07466493716868067
7.822,0.07466186991107185
7.824,0.0746588421428536
7.8260000000000005,0.07465585348855655
7.828,0.07465290357249127
7.83,0.07464999201902106
7.832,0.07464711845280422
7.8340000000000005,0.07464428249900515
7.836,0.0746414837834832
7.838,0.07463872193296486
7.84,0.07463599657518044
7.8420000000000005,0.07463330709814564
7.844,0.07463065314266806
7.846,0.07462803435009899
7.848,0.07462545036251533
7.8500000000000005,0.07462290082288775
7.852,0.07462038537521384
7.854,0.07461790366465085
7.856,0.07461545533762481
7.8580000000000005,0.07461304004192607
7.86,0.07461065742679396
7.862,0.07460830716161079
7.864,0.07460598890414935
7.8660000000000005,0.07460370231366381
7.868,0.0746014470509567
7.87,0.07459922277844358
7.872,0.07459702916020047
7.8740000000000006,0.07459486586201652
7.876,0.0745927325514292
7.878,0.07459062889776344
7.88,0.07458855457215888
7.882000000000001,0.07458650930194649
7.884,0.07458448721405717
7.886,0.07458247815636804
7.888,0.07458048189557309
7.890000000000001,0.07457849840226366
7.892,0.07457652764725206
7.894,0.0745745696015721
7.896,0.07457262423646621
7.898000000000001,0.07457069152339402
7.9,0.07456877143402435
7.902,0.0745668639569998
7.904,0.07456496906469984
7.906000000000001,0.07456308672972298
7.908,0.07456121692488155
7.91,0.07455935962320506
7.912,0.07455751479793138
7.914000000000001,0.07455568242250607
7.916,0.07455386247057852
7.918,0.0745520549160042
7.92,0.07455025973283577
7.922000000000001,0.0745484774857211
7.924,0.07454670813788983
7.926,0.07454495610634271
7.928,0.07454322865980179
7.930000000000001,0.07454152564068656
7.932,0.07453984677733455
7.934,0.07453819180068752
7.936,0.0745365604442087
7.938,0.07453495244378927
7.94,0.07453336753769507
7.942,0.07453180423959496
7.944,0.0745302623235865
7.946,0.07452874156265857
7.948,0.07452724172903727
7.95,0.0745257625944935
7.952,0.07452430393059747
7.954,0.07452286550896714
7.956,0.0745214471014671
7.958,0.07452004848039209
7.96,0.07451866941863208
7.962,0.07451731060909386
7.964,0.07451597181341982
7.966,0.0745146527962757
7.968,0.07451335332520509
7.97,0.07451207317049335
7.972,0.07451081210505439
7.974,0.07450956990432073
7.976,0.07450834634615242
7.978,0.07450714121075361
7.98,0.07450595428059348
7.982,0.07450478423189882
7.984,0.07450363088016862
7.986,0.0745024940399793
7.988,0.07450137352528963
7.99,0.07450026914970453
7.992,0.07449918072672357
7.994,0.0744981080699339
7.996,0.07449705099320625
7.998,0.07449600931084921
8.0,0.0744949828377578
8.002,0.07449397228771742
8.004,0.0744929774645651
8.006,0.0744919981750517
8.008000000000001,0.07449103422869108
8.01,0.07449008543762306
8.012,0.07448915161648526
8.014,0.07448823258230958
8.016,0.07448732815442347
8.018,0.07448643815436237
8.02,0.07448556240578791
8.022,0.07448469961520796
8.024000000000001,0.07448384963890908
8.026,0.07448301233208504
8.028,0.07448218754914551
8.03,0.07448137514398082
8.032,0.07448057497020125
8.034,0.07447978688134443
8.036,0.07447901073105698
8.038,0.07447824637326358
8.040000000000001,0.07447749366229939
8.042,0.07447675328901865
8.044,0.07447602509729473
8.046,0.07447530893359894
8.048,0.0744746046468644
8.05,0.07447391208835855
8.052,0.07447323111157891
8.054,0.07447256157215526
8.056000000000001,0.07447190332776057
8.058,0.07447125623803313
8.06,0.0744706201645097
8.062,0.07446999385655823
8.064,0.0744693772072908
8.066,0.07446877010854233
8.068,0.0744681724511701
8.07,0.07446758412532259
8.072000000000001,0.07446700502068138
8.074,0.0744664350266685
8.076,0.07446587403263402
8.078,0.07446532192801367
8.08,0.07446477860247636
8.782,0.0736245396394393
8.784,0.07361077895803017
8.786,0.0735968725877146
8.788,0.07358282071877467
8.790000000000001,0.07356862352310697
8.792,0.07355428115651733
8.794,0.07353979376075612
8.796,0.07352516146531254
8.798,0.07351038438899427
8.8,0.07349546264132714
8.802,0.07348038970376289
8.804,0.07346516580596699
8.806000000000001,0.07344979115526296
8.808,0.0734342659393879
8.81,0.07341859032894851
8.812,0.0734027644795619
8.814,0.07338678853377911
8.816,0.0733706626227531
8.818,0.07335438686772477
8.82,0.07333796138133586
8.822000000000001,0.0733213800191512
8.824,0.07330464300777381
8.826,0.07328775055284509
8.828,0.07327070284164958
8.83,0.07325350004542172
8.832,0.07323614232137396
8.834,0.07321862981449007
8.836,0.0732009626591181
8.838000000000001,0.07318314098035633
8.84,0.07316516489529198
8.842,0.07314702857769703
8.844,0.07312873225339905
8.846,0.07311027612844345
8.848,0.07309166039157303
8.85,0.07307288521639377
8.852,0.07305395076331772
8.854000000000001,0.07303485718125322
8.856,0.07301560460911391
8.858,0.07299619317713438
8.86,0.07297662300804361
8.862,0.07295688857373833
8.864,0.0729369901007326
8.866,0.07291692779683101
8.868,0.07289670185348315
8.870000000000001,0.07287631244784876
8.872,0.07285575974463468
8.874,0.07283504389770756
8.876,0.07281416505152483
8.878,0.07279312334238291
8.88,0.07277191889954154
8.882,0.0727505464858032
8.884,0.07272900632932877
8.886000000000001,0.07270729864059292
8.888,0.07268542361461941
8.89,0.07266338143295445
8.892,0.07264117226540001
8.894,0.07261879627155654
8.896,0.07259625360216626
8.898,0.0725735444003274
8.9,0.07255066880253327
8.902000000000001,0.07252762185885109
8.904,0.07250440379984166
8.906,0.07248101483938665
8.908,0.07245745517680718
8.91,0.07243372499873149
8.912,0.07240982448074826
8.914,0.07238575378886408
8.916,0.07236151308078498
8.918000000000001,0.07233710250705891
8.92,0.07231252221207024
8.922,0.07228776753011473
8.924,0.0722628386948529
8.926,0.07223773592426364
8.928,0.07221245942264226
8.93,0.07218700938237102
8.932,0.07216138598549046
8.934000000000001,0.07213558940506984
8.936,0.07210961980643191
8.938,0.07208347734822348
8.94,0.07205716218336922
8.942,0.07203067063322152
8.944,0.07200400291956077
8.946,0.07197715925126713
8.948,0.0719501398259946
8.950000000000001,0.07192294483165418
8.952,0.0718955744477251
8.954,0.07186802884640706
8.956,0.07184030819364395
8.958,0.07181241265001778
8.96,0.07178434237154951
8.962,0.07175609234658961
8.964,0.07172766283434498
8.966,0.07169905407842977
8.968,0.0716702663088756
8.97,0.07164129974390102
8.972,0.07161215459148632
8.974,0.07158283105074847
8.976,0.0715533293131721
8.978,0.07152364956368293
8.98,0.071493791981597
8.982,0.07146375321563345
8.984,0.07143353350495699
8.986,0.07140313307677432
8.988,0.07137255214790697
8.99,0.071341790926185
8.992,0.07131084961168035
8.994,0.07127972839779573
8.996,0.0712484274722188
8.998,0.07121694701777295
9.0,0.07118528721316772
9.002,0.07115344384408684
9.004,0.07112141717547468
9.006,0.07108920745899333
9.008000000000001,0.07105681493476745
9.01,0.07102423983292502
9.012,0.0709914823749613
9.014,0.07095854277493849
9.016,0.07092542124054882
9.018,0.07089211797405226
9.02,0.07085863317310528
9.022,0.07082496370502236
9.024000000000001,0.07079110982999243
9.026,0.07075707179730442
9.028,0.07072284984681929
9.03,0.07068844421027726
9.032,0.07065385511244218
9.034,0.07061908277212006
9.036,0.070584127403053
9.038,0.07054898921471478
9.040000000000001,0.07051366841300202
9.042,0.07047816213064467
9.044,0.07044247063219344
9.046,0.07040659417266354
9.048,0.07037053299886042
9.05,0.0703342873505417
9.052,0.07029785746144807
9.054,0.07026124356021149
9.056000000000001,0.07022444587115817
9.058,0.07018746461501466
9.06,0.07015030000953959
9.062,0.07011294935884732
9.064,0.0700754129369354
9.066,0.07003769100909468
9.068,0.06999978383313876
9.07,0.06996169166049052
9.072000000000001,0.06992341473713828
9.074,0.06988495330448763
9.076,0.0698463076001061
9.078,0.06980747785838926
9.08,0.06976846431113523
9.082,0.06972926446336289
9.084,0.06968987859983403
9.086,0.0696503069973467
9.088000000000001,0.06961054992588633
9.09,0.06957060764963918
9.092,0.0695304804278929
9.094,0.06949016851582895
9.096,0.0694496721652201
9.098,0.06940899162505446
9.1,0.06936812714207843
9.102,0.06932707644836433
9.104000000000001,0.0692858398397905
9.106,0.06924441760506495
9.108,0.06920281002678386
9.11,0.06916101738238042
9.112,0.06911903994495089
9.114,0.06907687798399742
9.116,0.06903453176607738
9.118,0.06899200155536694
9.120000000000001,0.06894928761418537
9.122,0.06890638791328202
9.124,0.06886330276009098
9.126,0.06882003245570217
9.128,0.06877657729585257
9.13,0.06873293757177723
9.132,0.06868911357098104
9.134,0.06864510557791298
9.136000000000001,0.06860091387455508
9.138,0.06855653874096498
9.14,0.06851198045572882
9.142,0.06846723723109446
9.144,0.06842230938672797
9.146,0.06837719723681782
9.148,0.06833190109095566
9.15,0.06828642125493159
9.152000000000001,0.06824075803141819
9.154,0.06819491172058789
9.156,0.0681488826206586
9.158,0.06810267102836545
9.16,0.06805627723938709
9.162,0.06800969970602405
9.164,0.06796293876104234
9.166,0.0679159947325968
9.168000000000001,0.06786886794502678
9.17,0.06782155871955572
9.172,0.06777406737492295
9.174,0.06772639422792825
9.176,0.06767853959391976
9.178,0.0676305037872307
9.18,0.0675822871215527
9.182,0.06753388828584359
9.184000000000001,0.06748530762696087
9.186,0.06743654548801245
9.188,0.06738760220906431
9.19,0.06733847812776367
9.192,0.06728917357989025
9.194,0.06723968889985235
9.196,0.06719002442111816
9.198,0.06714018047659726
9.200000000000001,0.06709015739898155
9.202,0.06703995410966879
9.204,0.06698957097067429
9.206,0.06693900834112168
9.208,0.06688826657785113
9.21,0.0668373460359781
9.212,0.06678624706937167
9.214,0.06673497003108705
9.216000000000001,0.06668351527374786
9.218,0.06663188314988441
9.22,0.06658007401222704
9.222,0.06652808701008356
9.224,0.06647592252175619
9.226,0.06642358092348982
9.228,0.06637106259001146
9.23,0.06631836789499959
9.232,0.0662654972115038
9.234,0.06621245091231859
9.236,0.06615922937031055
9.238,0.06610583295871275
9.24,0.06605226205138423
9.242,0.06599851602094758
9.244,0.06594459526315616
9.246,0.06589050017254353
9.248,0.06583623114287049
9.25,0.06578178856752195
9.252,0.06572717283986715
9.254,0.06567238435357686
9.256,0.06561742350289204
9.258000000000001,0.06556229068288413
9.26,0.06550698628966892
9.262,0.0654515099146116
9.264,0.06539586197213956
9.266,0.06534004287627351
9.268,0.0652840530410019
9.27,0.06522789288061268
9.272,0.06517156280997913
9.274000000000001,0.06511506324482494
9.276,0.06505839460194743
9.278,0.0650015572994325
9.28,0.0649445517568335
9.282,0.06488737777974404
9.284,0.06483003580252011
9.286,0.06477252625992502
9.288,0.0647148495874249
9.290000000000001,0.06465700622143636
9.292,0.0645989965995698
9.294,0.06454082116083398
9.296,0.06448248034580872
9.298,0.06442397459682059
9.3,0.06436530435808488
9.302,0.06430646964496162
9.304,0.06424747091304694
9.306000000000001,0.06418830861914573
9.308,0.06412898322148525
9.31,0.06406949517990637
9.312,0.06400984495603543
9.314,0.06395003301343835
9.316,0.06389005981775811
9.318,0.06382992583683736
9.32,0.06376963154082896
9.322000000000001,0.0637091771504367
9.324,0.06364856314385478
9.326,0.0635877900012789
9.328,0.06352685820504003
9.33,0.0634657682397366
9.332,0.063404520592342
9.334,0.06334311575231405
9.336,0.06328155421167928
9.338000000000001,0.06321983646512835
9.34,0.06315796301008184
9.342,0.06309593426817423
9.344,0.06303375074161369
9.346,0.06297141293538977
9.348,0.06290892135732995
9.35,0.06284627651817792
9.352,0.06278347893163913
9.354000000000001,0.0627205291144392
9.356,0.06265742758637749
9.358,0.06259417487036309
9.36,0.06253077149247127
9.362,0.062467218070867726
9.364,0.06240351513323681
9.366,0.062339663210806716
9.368,0.06227566283836044
9.370000000000001,0.06221151455422073
9.372,0.06214721890026447
9.374,0.06208277642192394
9.376,0.062018187668197756
9.378,0.06195345319165845
9.38,0.06188857354846335
9.382,0.06182354954888982
9.384,0.061758381747618
9.386000000000001,0.06169307070362918
9.388,0.061627616980153156
9.39,0.0615620211445927
9.392,0.061496283768488126
9.394,0.06143040542746326
9.396,0.061364386701209146
9.398,0.06129822817344279
9.4,0.061231930431899416
9.402000000000001,0.06116549447451607
9.404,0.06109892088453802
9.406,0.06103221025027005
9.408,0.06096536316493655
9.41,0.06089838022657346
9.412,0.06083126203792203
9.414,0.06076400920634859
9.416,0.06069662234376908
9.418000000000001,0.06062910206659348
9.42,0.060561448995671
9.422,0.06049364805163596
9.424,0.06042570016222342
9.426,0.060357606221212716
9.428,0.06028936709288955
9.43,0.06022098361599377
9.432,0.0601524566072277
9.434000000000001,0.060083786864361326
9.436,0.06001497516897771
9.438,0.059946022288913596
9.44,0.05987692898041302
9.442,0.059807713408648315
9.444,0.059738376193129404
9.446,0.05966891799025995
9.448,0.05959933949017305
9.450000000000001,0.05952964141390898
9.452,0.05945979463513213
9.454,0.05938976889187068
9.456,0.05931956434154357
9.458,0.0592491811607297
9.46,0.059178619542413886
9.462,0.05910788454144845
9.464,0.05903697615170867
9.466000000000001,0.058965894391361594
9.468,0.05889463930010442
9.47,0.05882321093674623
9.472,0.05875160937705252
9.474,0.05867983471185285
9.476,0.05860788704537285
9.478,0.05853576649374955
9.48,0.05846347318373391
9.482,0.05839099997163579
9.484,0.05831834717666968
9.486,0.05824551510754949
9.488,0.058172504063896006
9.49,0.058099314337487044
9.492,0.05802594621336311
9.494,0.05795239997081044
9.496,0.05787867588421696
9.498,0.057804774223860565
9.5,0.05773069525657503
9.502,0.0576564424411159
9.504,0.05758201593021064
9.506,0.05750741588296262
9.508000000000001,0.05743264246422348
9.51,0.05735769584401674
9.512,0.0572825761970362
9.514,0.057207283702215735
9.516,0.057131818542338016
9.518,0.057056180903691474
9.52,0.05698037097577827
9.522,0.056904385456415955
9.524000000000001,0.05682822460465093
9.526,0.05675188867350243
9.528,0.05667537791078183
9.53,0.05659869255981507
9.532,0.056521832860090625
9.534,0.05644479904782645
9.536,0.056367591356484455
9.538,0.05629021001720914
9.540000000000001,0.056212655259239845
9.542,0.05613492730693532
9.544,0.056057026362934186
9.546,0.05597895262918617
9.548,0.05590070630712627
9.55,0.05582228759782364
9.552,0.05574369670211871
9.554,0.055664933820750155
9.556000000000001,0.055585999154464084
9.558,0.055506892904112086
9.56,0.0554276152707372
9.562,0.055348165484521546
9.564,0.05526854375343037
9.566,0.055188750283629635
9.568,0.05510878527976772
9.57,0.05502864894525141
9.572000000000001,0.054948341482473524
9.574,0.054867863093026444
9.576,0.05478721397787734
9.578,0.05470639433754749
9.58,0.05462540437224891
9.582,0.05454424436232649
9.584,0.05446291448943819
9.586,0.054381414935725465
9.588000000000001,0.054299745883831664
9.59,0.054217907516916096
9.592,0.05413590001866286
9.594,0.05405372357330054
9.596,0.0539713783656084
9.598,0.053888864580927086
9.6,0.05380618240517885
9.602,0.05372333212487105
9.604000000000001,0.053640313911887
9.606,0.053557127939173395
9.608,0.05347377438067872
9.61,0.05339025341129202
9.612,0.05330656520680265
9.614,0.05322270994385354
9.616,0.053138687799912133
9.618,0.05305449895323499
9.620000000000001,0.05297014358284604
9.622,0.052885622390670316
9.624,0.05280093553349278
9.626,0.05271608317031406
9.628,0.05263106546214579
9.63,0.05254588257182299
9.632,0.05246053466383966
9.634,0.05237502190421716
9.636000000000001,0.05228934446037651
9.638,0.052203551822973045
9.64,0.05211769630577865
9.642,0.05203177713233156
9.644,0.05194579541124165
9.646,0.05185975225516635
9.648,0.05177364878119985
9.65,0.05168748611123323
9.652000000000001,0.05160126537227614
9.654,0.051514987696756116
9.656,0.05142865422278688
9.658,0.051342266094426235
9.66,0.05125582446189541
9.662,0.05116932670486483
9.664,0.05108277401171787
9.666,0.05099616756912204
9.668000000000001,0.05090950856312466
9.67,0.05082279818011543
9.672,0.0507360376076964
9.674,0.05064922803545865
9.676,0.050562370655680956
9.678,0.05047546666395459
9.68,0.05038851725975028
9.682,0.05030154083167301
9.684000000000001,0.05021453827113136
9.686,0.05012751051649463
9.688,0.05004045854856735
9.69,0.04995338338661192
9.692,0.04986628608482071
9.694,0.049779167729202885
9.696,0.04969202943484106
9.698,0.04960487234345914
9.700000000000001,0.04951769762129649
9.702,0.04943049183069117
9.704,0.04934325638718479
9.706,0.049255992691433735
9.708,0.049168702131829174
9.71,0.049081386086876615
9.712,0.04899404592726644
9.714,0.04890668301775113
9.716000000000001,0.04881929871881819
9.718,0.048731894388161924
9.72,0.048644471382017336
9.722,0.04855704694345337
9.724,0.04846962213617929
9.726,0.04838219806413397
9.728,0.048294775867792857
9.73,0.048207356720954976
9.732,0.04811994182786349
9.734,0.048032532420690284
9.736,0.04794512975731093
9.738,0.04785773511933466
9.74,0.04777034981038104
9.742,0.04768297332414722
9.744,0.04759560700069088
9.746,0.047508252194241575
9.748,0.0474209102725569
9.75,0.04733358261635456
9.752,0.04724627061882609
9.754,0.047158975685220796
9.756,0.047071699232473306
9.758000000000001,0.04698444268890865
9.76,0.04689720749396716
9.762,0.04680999270236887
9.764,0.046722799769291855
9.766,0.04663563015549572
9.768,0.04654848532769167
9.77,0.04646136675888012
9.772,0.04637427592866985
9.774000000000001,0.046287214323553545
9.776,0.046200183437183816
9.778,0.046113184770618425
9.78,0.0460262198325344
9.782,0.04593929102098054
9.784,0.04585239980681193
9.786,0.04576554767187737
9.788,0.04567873610881445
9.790000000000001,0.04559196662084241
9.792,0.045505240721637995
9.794,0.045418559935201004
9.796,0.045331925795752175
9.798,0.045245339847664136
9.8,0.04515880364538643
9.802,0.04507232053558285
9.804,0.04498589202262875
9.806000000000001,0.04489951962585361
9.808,0.04481320487887638
9.81,0.04472694932904659
9.812,0.04464075453694737
9.814,0.044554622075974014
9.816,0.044468553531956743
9.818,0.044382550502853245
9.82,0.044296614598466226
9.822000000000001,0.04421074678292818
9.824,0.044124948659019135
9.826,0.044039221839923544
9.828,0.043953567949119206
9.83,0.043867988620290795
9.832,0.04378248549726605
9.834,0.04369706023395801
9.836,0.043611714494337143
9.838000000000001,0.04352644995241229
9.84,0.043441268292200914
9.842,0.043356174985923986
9.844,0.0432711716247667
9.846,0.04318625981984348
9.848,0.043101441200983866
9.85,0.04301671741566727
9.852,0.04293209012809377
9.854000000000001,0.04284756101835579
9.856,0.04276313178174076
9.858,0.04267880412808766
9.86,0.04259457978124493
9.862,0.0425104653918758
9.864,0.04242646257022143
9.866,0.04234257295198466
9.868,0.04225879819645156
9.870000000000001,0.04217513998484188
9.872,0.04209160001884776
9.874,0.04200818001934207
9.876,0.041924881725274595
9.878,0.04184170689266357
9.88,0.041758657293735214
9.882,0.041675749927649615
9.884,0.04159298614781377
9.886000000000001,0.04151036736118744
9.888,0.041427895022903775
9.89,0.04134557063152813
9.892,0.041263395724869735
9.894,0.04118137187629863
9.896,0.041099500691494116
9.898,0.04101778380557098
9.9,0.04093622288057002
9.902000000000001,0.04085479246369144
9.904,0.04077349502284088
9.906,0.040692332977765484
9.908,0.04061130870705384
9.91,0.040530424554292045
9.912,0.04044968283353723
9.914,0.040369085834143524
9.916,0.04028863582503416
9.918000000000001,0.04020833505846463
9.92,0.04012818577336962
9.922,0.04004822270812739
9.924,0.03996844714274526
9.926,0.03988886043548603
9.928,0.039809464014566136
9.93,0.03973025937080626
9.932,0.039651248051163816
9.934000000000001,0.03957243165300001
9.936,0.03949381181903636
9.938,0.03941539023289093
9.94,0.039337168615147404
9.942,0.039259113171138775
9.944,0.03918122652504557
9.946,0.039103511240469326
9.948,0.03902596982868286
9.950000000000001,0.03894860475595786
9.952,0.03887141845004353
9.954,0.038794413305879065
9.956,0.03871759169067902
9.958,0.038640955948408336
9.96,0.038564508403749746
9.962,0.03848829806227854
9.964,0.03841232618515595
9.966000000000001,0.03833659413891683
9.968,0.03826110338407095
9.97,0.03818585546499071
9.972,0.03811085200096662
9.974,0.03803609467830963
9.976,0.037961585243331535
9.978,0.03788732549615572
9.98,0.037813317285239754
9.982000000000001,0.0377395151525634
9.984,0.037665921866765616
9.986,0.03759254011867185
9.988,0.03751937253122673
9.99,0.03744642166829717
9.992,0.03737369004249091
9.994,0.03730118012205778
9.996,0.037228894337032005
9.998,0.03715683508465357
10.0,0.037085004734175794
10.002,0.037013454500537904
10.004,0.03694218567728877
10.006,0.03687119966108151
10.008000000000001,0.0368004979403126
10.01,0.036730082085053115
10.012,0.03665995373814004
10.014,0.03659011460728564
10.016,0.03652056645809531
10.018,0.03645131110788133
10.02,0.036382350420190925
10.022,0.03631364389584393
10.024000000000001,0.03624519430037304
10.026,0.03617700433026445
10.028,0.03610907662171957
10.03,0.036041413758425234
10.032,0.03597401827843835
10.034,0.03590689268025954
10.036,0.03584003942822664
10.038,0.03577346095727087
10.040000000000001,0.03570715967713515
10.042,0.03564118311283193
10.044,0.03557553267601533
10.046,0.0355102098735832
10.048,0.03544521629698804
10.05,0.03538055361280187
10.052,0.03531622355431299
10.054,0.03525222791411576
10.056000000000001,0.03518856853752955
10.058,0.035125247316773064
10.06,0.03506226618578418
10.062,0.034999603207604715
10.064,0.03493726074110241
10.066,0.03487524111900294
10.068,0.03481354665117138
10.07,0.0347521796275129
10.072000000000001,0.03469114232055837
10.074,0.034630436987743506
10.076,0.034570065873425225
10.078,0.034510031210670485
10.08,0.03445033522283164
10.082,0.034390954387411916
10.084,0.03433189384332164
10.086,0.03427315869987148
10.088000000000001,0.03421475404847097
10.09,0.034156684973171765
10.092,0.034098956560160376
10.094,0.03404157390625774
10.096,0.03398454212650765
10.098,0.033927866360938745
10.1,0.03387155178056497
10.102,0.033815613478962475
10.104000000000001,0.033760056407778224
10.106,0.033704885570053564
10.108,0.033650106021333906
10.11,0.03359572287056426
10.112,0.03354174128078279
10.114,0.03348816646964527
10.116,0.033435003709804505
10.118,0.03338225832915426
10.120000000000001,0.033329935710951566
10.122,0.0332780059993309
10.124,0.03322647478369156
10.126,0.03317534761990322
10.128,0.033124630038544614
10.13,0.03307432755213845
10.132,0.03302444566151397
10.134,0.032974989861363
10.136000000000001,0.03292596564510684
10.138,0.032877378509147764
10.14,0.032829233956557104
10.142,0.032781497597844954
10.144,0.032734175113051586
10.146,0.03268727210388253
10.148,0.03264079410521874
10.15,0.03259474659527915
10.152000000000001,0.0325491350045938
10.154,0.03250396472391552
10.156,0.032459241111178934
10.158,0.03241496949762325
10.16,0.03237115519316207
10.162,0.03232776667403005
10.164,0.03228480935339041
10.166,0.032242288552600966
10.168000000000001,0.03220020951294148
10.17,0.03215857740598591
10.172,0.032117397342777215
10.174,0.032076674381918274
10.176,0.032036413536708226
10.178,0.031996619781420176
10.18,0.03195729805683189
10.182,0.031918422233384834
10.184000000000001,0.031879997297348514
10.186,0.031842028146326834
10.188,0.03180451959965785
10.19,0.03176747640761642
10.192,0.0317309032595467
10.194,0.03169480479103945
10.196,0.031659185590265676
10.198,0.03162405020353731
10.200000000000001,0.031589403140207306
10.202,0.03155521762033538
10.204,0.03152149817423507
10.206,0.03148824924050065
10.208,0.031455475175974905
10.21,0.03142318026458097
10.212,0.031391368725129876
10.214,0.03136004471822313
10.216000000000001,0.03132921235234343
10.218,0.03129887568921933
10.22,0.03126903874855198
10.222,0.03123968021969968
10.224,0.03121080409579389
10.226,0.031182414286846552
10.228,0.03115451462818221
10.23,0.03112710888790534
10.232000000000001,0.03110020077349672
10.234,0.031073793937665885
10.236,0.031047891983483095
10.238,0.031022498468936704
10.24,0.030997616910913746
10.242,0.03097323133724216
10.244,0.030949345206906252
10.246,0.030925961908155518
10.248,0.030903084765102215
10.25,0.030880717043563627
10.252,0.030858861956231165
10.254,0.030837522667235648
10.256,0.030816702296172963
10.258000000000001,0.03079640392165295
10.26,0.030776630584415286
10.262,0.030757365130027893
10.264,0.030738610534392627
10.266,0.030720369703497848
10.268,0.030702645479593928
10.27,0.030685440213106416
10.272,0.03066875414878735
10.274000000000001,0.030652589565774407
10.276,0.030636949092175278
10.278,0.030621835314067196
10.28,0.030607250778444964
10.282,0.030593184660443758
10.284,0.030579639406457595
10.286,0.030566617405860474
10.288,0.030554120995490902
10.290000000000001,0.030542152463636528
10.292,0.0305307140535791
10.294,0.030519807966708654
10.296,0.030509436365302373
10.298,0.03049960137495602
10.3,0.030490305086740624
10.302,0.03048153544360866
10.304,0.030473294434506
10.306000000000001,0.030465583993130693
10.308,0.03045840600207632
10.31,0.030451762296515382
10.312,0.0304456546674663
10.314,0.030439958973354907
10.316,0.03043428817547713
10.318,0.030428615896361727
10.32,0.030422943176751968
10.322000000000001,0.030417261387899804
10.324,0.03041157151685612
10.326,0.03040587452208625
10.328,0.03040017133687444
10.33,0.03039446287235393
10.332,0.030388750020217334
10.334,0.03038303365513291
10.336,0.030377314636877047
10.338000000000001,0.03037159381226215
10.34,0.030365872016837464
10.342,0.03036014274987564
10.344,0.030354406782779383
10.346,0.03034866486615769
10.348,0.030342917732303763
10.35,0.030337166097381095
10.352,0.030331410663377807
10.354000000000001,0.030325652119867368
10.356,0.0303198911455557
10.358,0.03031412840969014
10.36,0.03030836457329157
10.362,0.030302594816074307
10.364,0.03029681972739358
10.366,0.030291039881839503
10.368,0.030285255840979568
10.370000000000001,0.03027946815489451
10.372,0.030273677363574815
10.374,0.030267883998148684
10.376,0.030262088582005978
10.378,0.030256291631780834
10.38,0.03025049365824048
10.382,0.030244691108060516
10.384,0.030238884415169122
10.386000000000001,0.030233074003342568
10.388,0.030227260287379633
10.39,0.03022144367415426
10.392,0.030215624563565954
10.394,0.030209803349389573
10.396,0.030203980420040702
10.398,0.030198156159271725
10.4,0.030192330946775398
10.402000000000001,0.030186504025865826
10.404,0.030180675668559705
10.406,0.03017484614455368
10.408,0.030169015721458782
10.41,0.030163184665055597
10.412,0.030157353239509563
10.414,0.030151521707576824
10.416,0.03014569033081204
10.418000000000001,0.03013985936974277
10.42,0.03013402908403586
10.422,0.030128205049247153
10.424,0.030122387309054866
10.426,0.030116575922450983
10.428,0.03011077096191915
10.43,0.03010497251182466
10.432,0.03009918066700608
10.434000000000001,0.030093395531539197
10.436,0.030087617217660956
10.438,0.030081845844806256
10.44,0.030076081538789906
10.442,0.030070326652478774
10.444,0.030064581208192435
10.446,0.030058845239920563
10.448,0.030053118791923107
10.450000000000001,0.030047401917508834
10.452,0.03004169467794955
10.454,0.030035997141535223
10.456,0.030030309382763007
10.458,0.030024631481588016
10.46,0.03001896352281725
10.462,0.030013285866241336
10.464,0.03000759891267015
10.466000000000001,0.030001903019977197
10.468,0.029996198508119853
10.47,0.029990485663577038
10.472,0.02998476474328323
10.474,0.029979035978136157
10.476,0.029973299576097234
10.478,0.029967555724936673
10.48,0.02996180459468005
10.482000000000001,0.02995604887554866
10.484,0.02995028854292684
10.486,0.02994452356933785
10.488,0.02993875392477425
10.49,0.02993297957699964
10.492,0.02992720049184059
10.494,0.029921416633438447
10.496,0.029915627964492236
10.498,0.029909834446466874
10.5,0.029904036039804308
10.502,0.02989822481065258
10.504,0.02989240075268592
10.506,0.029886563842738266
10.508000000000001,0.029880714042746004
10.51,0.02987485130149952
10.512,0.029868975556187907
10.514,0.02986308673379045
10.516,0.029857184752309272
10.518,0.02985126952187102
10.52,0.029845340945709807
10.522,0.029839386666156736
10.524000000000001,0.02983340662897195
10.526,0.02982740075005018
10.528,0.029821368918871494
10.53,0.029815311001562518
10.532,0.029809226843633498
10.534,0.02980311627241418
10.536,0.029796979099217427
10.538,0.029790815121272865
10.540000000000001,0.029784624123443404
10.542,0.029778463023791724
10.544,0.029772330689145574
10.546,0.029766226112436407
10.548,0.029760148398138037
10.55,0.02975409674937777
10.552,0.029748109096497263
10.554,0.02974259507105982
10.556000000000001,0.029737664559559056
10.558,0.029733317121928587
10.56,0.029729552350953405
10.562,0.029726343811119105
10.564,0.029723691302569376
10.566,0.029721594590795472
10.568,0.029720053408794717
10.57,0.029719067459027727
10.572000000000001,0.0297186364151861
10.574,0.02971875992377531
10.576,0.029719437605559965
10.578,0.029720669056868494
10.58,0.029722453850767584
10.582,0.029724783732276702
10.584,0.02972765801605972
10.586,0.029731075987727
10.588000000000001,0.029735036905471655
10.59,0.02973954000158139
10.592,0.02974458448383717
10.594,0.029750169536779898
10.596,0.029756294322906995
10.598,0.029762957983748624
10.6,0.02977015964087633
10.602,0.029777907641636354
10.604000000000001,0.029786200703357593
10.606,0.029795037553004597
10.608,0.029804416924555287
10.61,0.029814337556721388
10.612,0.029824798190997363
10.614,0.029835797569934992
10.616,0.02984733443570469
10.618,0.029859407528818445
10.620000000000001,0.02987201558705463
10.622,0.029885165374545657
10.624,0.029898855334730495
10.626,0.029913083928552915
10.628,0.02992784963113814
10.63,0.029943150928858922
10.632,0.029958986316802792
10.634,0.0299753542965639
10.636000000000001,0.029992253374314083
10.638,0.03000968205914384
10.64,0.030027638861616655
10.642,0.030046126797010103
10.644,0.03006514416163599
10.646,0.03008468926426143
10.648,0.03010476042354774
10.65,0.030125355965850253
10.652000000000001,0.0301464742232892
10.654,0.03016811353209778
10.656,0.03019027223118742
10.658,0.03021294866090992
10.66,0.030236141162008
10.662,0.03025983295197547
10.664,0.030284021948538874
10.666,0.0303087060520984
10.668000000000001,0.03033388314672482
10.67,0.03035955110116194
10.672,0.030385707769809985
10.674,0.03041235099368573
10.676,0.03043947860135373
10.678,0.03046708840982368
10.68,0.03049517822542564
10.682,0.03052380367138876
10.684000000000001,0.030552962493096636
10.686,0.030582652533528473
10.688,0.030612871721662854
10.69,0.030643618062175026
10.692,0.030674889626224507
10.694,0.03070668454327058
10.696,0.030739000993776605
10.698,0.030771837202711504
10.700000000000001,0.03080519143379465
10.702,0.03083900088620367
10.704,0.03087326383727771
10.706,0.03090797848073209
10.708,0.03094314293564012
10.71,0.030978755254532704
10.712,0.03101481343069766
10.714,0.03105131540474442
10.716000000000001,0.031088259070518688
10.718,0.031125642280427704
10.72,0.03116346285024204
10.722,0.031201753997029867
10.724,0.03124051316641835
10.726,0.03127973785171802
10.728,0.03131942558847625
10.73,0.03135957394967953
10.732000000000001,0.03140018054150624
10.734,0.03144124299957638
10.736,0.031482758985641894
10.738,0.03152472618467715
10.74,0.03156714230231238
10.742,0.03161001098780293
10.744,0.03165332978884312
10.746,0.031697096284180465
10.748000000000001,0.03174130808009363
10.75,0.031785962807313016
10.752,0.031831058118315714
10.754,0.03187659168495342
10.756,0.031922561196373996
10.758000000000001,0.03196896435721657
10.76,0.03201579888602556
10.762,0.032063062984464846
10.764,0.032110754240089
10.766,0.03215887025624302
10.768,0.032207408650453406
10.77,0.03225636705305659
10.772,0.0323057431059975
10.774000000000001,0.03235553446181889
10.776,0.03240573878278156
10.778,0.03245635374013115
10.78,0.032507377013467086
10.782,0.03255880542529813
10.784,0.032610636524217126
10.786,0.03266286786868527
10.788,0.03271549702632917
10.790000000000001,0.032768521573367536
10.792,0.032821939094132536
10.794,0.032875747180681175
10.796,0.03292994343249214
10.798,0.03298452545621397
10.8,0.03303949086548664
10.802,0.03309483991168526
10.804,0.033150570060861945
10.806000000000001,0.033206678795380716
10.808,0.03326316361270734
10.81,0.033320022024347015
10.812,0.033377251554960866
10.814,0.03343484974159605
10.816,0.03349281413303442
10.818,0.03355114228924295
10.82,0.033609831780903064
10.822000000000001,0.03366888150737901
10.824,0.033728288912303686
10.826,0.033788051455928336
10.828,0.0338481666140485
10.83,0.03390863187707233
10.832,0.03396944474923139
10.834,0.03403060274791699
10.836,0.03409210340308583
10.838000000000001,0.03415394425679928
10.84,0.03421612286279969
10.842,0.034278639543040716
10.844,0.0343414917220306
10.846,0.03440467684473355
10.848,0.034468192375199526
10.85,0.03453203579537924
10.852,0.034596204604096834
10.854000000000001,0.03466069631616015
10.856,0.034725508461594855
10.858,0.03479063858498429
10.86,0.034856084244901456
10.862,0.03492184240755297
10.864,0.034987910537021584
10.866,0.0350542861128104
10.868,0.03512096662917038
10.870000000000001,0.03518794959455132
10.872,0.0352552325311283
10.874,0.035322812974397814
10.876,0.035390688472858936
10.878,0.035458856587731014
10.88,0.035527314892732795
10.882,0.03559606185815602
10.884,0.035665094952272346
10.886000000000001,0.03573441167040434
10.888,0.03580400975885375
10.89,0.03587388684232675
10.892,0.035944040453294274
10.894,0.03601446813928522
10.896,0.03608516746246966
10.898,0.03615613599928477
10.9,0.03622737134013709
10.902000000000001,0.03629887215352783
10.904,0.03637063593089337
10.906,0.036442660182835304
10.908,0.036514942438217526
10.91,0.0365874802434211
10.912,0.03666027116167097
10.914,0.03673331277247089
10.916,0.03680660267111396
10.918000000000001,0.0368801384682597
10.92,0.036953917789567234
10.922,0.037027939399700685
10.924,0.03710220083129513
10.926,0.03717669963703825
10.928,0.03725143338874686
10.93,0.037326399676563676
10.932,0.037401596108266676
10.934000000000001,0.03747702030866124
10.936,0.03755266991905743
10.938,0.03762854259682307
10.94,0.03770463601498145
10.942,0.03778094893137297
10.944,0.03785747893251174
10.946,0.03793422362529488
10.948,0.03801118063607326
10.950000000000001,0.038088347609862384
10.952,0.03816572220964722
10.954,0.03824330211577281
10.956,0.03832108502542272
10.958,0.03839906865216005
10.96,0.03847725072552629
10.962,0.03855562966254052
10.964,0.038634203118953485
10.966000000000001,0.03871296877010346
10.968,0.038791924310125216
10.97,0.03887106745125495
10.972,0.03895039592322546
10.974,0.03902990747274033
10.976,0.03910959986301569
10.978,0.039189470873378034
10.98,0.03926951829892011
10.982000000000001,0.03934974116398412
10.984,0.03943013718092452
10.986,0.039510704082829425
10.988,0.03959143962260101
10.99,0.0396723415721486
10.992,0.03975340772168715
10.994,0.03983463587912669
10.996,0.039916023869522706
10.998000000000001,0.03999756953461322
11.0,0.04007927073239872
11.002,0.04016112591849646
11.004,0.04024313288694704
11.006,0.0403252894511651
11.008000000000001,0.040407593443186444
11.01,0.04049004271299655
11.012,0.04057263512795981
11.014,0.04065536857229506
11.016,0.04073824094663637
11.018,0.040821250167637636
11.02,0.040904394167626056
11.022,0.04098767194039293
11.024000000000001,0.04107108134606755
11.026,0.041154620264802454
11.028,0.04123828659591377
11.03,0.04132207825714191
11.032,0.04140599318399867
11.034,0.04149002932919126
11.036,0.04157418466212138
11.038,0.04165845716843266
11.040000000000001,0.04174284484962721
11.042,0.04182734647036503
11.044,0.041911959970835
11.046,0.04199668331043647
11.048,0.042081514467003554
11.05,0.04216645143612687
11.052,0.04225149223055099
11.054,0.042336634879653966
11.056000000000001,0.042421877428976025
11.058,0.04250721793981533
11.06,0.04259265448886398
11.062,0.04267818578590699
11.064,0.04276380985127886
11.066,0.04284952472371758
11.068,0.042935328459660436
11.07,0.04302121913261254
11.072000000000001,0.0431071948326004
11.074,0.04319325366569487
11.076,0.043279393753574945
11.078,0.04336561323315594
11.08,0.04345191025625068
11.082,0.04353828355169525
11.084,0.043624731218360156
11.086,0.04371125137284768
11.088000000000001,0.04379784214883462
11.09,0.043884501696481816
11.092,0.04397122818192712
11.094,0.04405801978681365
11.096,0.04414487470790288
11.098,0.044231791156706245
11.1,0.04431876735917294
11.102,0.04440580212607657
11.104000000000001,0.044492893632898815
11.106,0.04458004007234594
11.108,0.04466723965370293
11.11,0.04475449060226697
11.112,0.04484179115883994
11.114,0.0449291395792931
11.116,0.045016534134167834
11.118,0.04510397310833524
11.120000000000001,0.04519145480067193
11.122,0.04527897823399434
11.124,0.0453665416554701
11.126,0.04545414332935132
11.128,0.04554178153629763
11.13,0.04562945457279322
11.132,0.04571716075061128
11.134,0.04580489839635279
11.136000000000001,0.045892665851038246
11.138,0.04598046146974103
11.14,0.04606828362125601
11.142,0.0461561310428557
11.144,0.046244002063363744
11.146,0.046331895027329935
11.148,0.04641980829446853
11.15,0.04650766816858714
11.152000000000001,0.04659539701665432
11.154,0.046682994445296035
11.156,0.04677046008259964
11.158,0.046857793558477155
11.16,0.04694499450456383
11.162,0.04703206308556638
11.164,0.047118998911082004
11.166,0.0472058015939335
11.168000000000001,0.04729247074989331
11.17,0.047379005997453406
11.172,0.04746540695761866
11.174,0.04755167325372225
11.176,0.04763780451126929
11.178,0.04772380035779528
11.18,0.047809660422750304
11.182,0.047895383211429506
11.184000000000001,0.047980968361308794
11.186,0.04806641550924221
11.188,0.04815172429163934
11.19,0.04823689434463164
11.192,0.04832192530421297
11.194,0.04840681680637265
11.196,0.0484915684872129
11.198,0.04857617998304637
11.200000000000001,0.048660650930500475
11.202,0.048744983686007735
11.204,0.04882917782121434
11.206,0.04891323291529295
11.208,0.048997148554191745
11.21,0.04908092432993775
11.212,0.04916455984004758
11.214,0.049248054686991345
11.216000000000001,0.04933140847772744
11.218,0.049414620823284246
11.22,0.04949769133840674
11.222,0.04958062109657355
11.224,0.04966340967760075
11.226,0.0497460566680887
11.228,0.04982856166072402
11.23,0.049910924253675694
11.232000000000001,0.04999314405005858
11.234,0.05007522065745861
11.236,0.05015715368751442
11.238,0.05023894275555248
11.24,0.05032058748025665
11.242,0.050402088781952854
11.244,0.050483446246937215
11.246,0.0505646594676542
11.248000000000001,0.05064572804206823
11.25,0.050726651573128424
11.252,0.05080742966828287
11.254,0.050888061939049455
11.256,0.05096854800065503
11.258000000000001,0.05104888747168964
11.26,0.05112907997383286
11.262,0.05120912458437269
11.264,0.051289020925445926
11.266,0.051368768620719006
11.268,0.051448367295311014
11.27,0.05152781657571157
11.272,0.05160711608973511
11.274000000000001,0.05168626546647168
11.276,0.05176526433623586
11.278,0.05184411233053649
11.28,0.051922809082048126
11.282,0.05200135724392025
11.284,0.05207975638139759
11.286,0.0521580060685005
11.288,0.05223610588711084
11.290000000000001,0.052314055426153576
11.292,0.05239185428087558
11.294,0.05246950205221298
11.296,0.05254699834622644
11.298,0.0526243427736116
11.3,0.05270153494925243
11.302,0.05277857471121467
11.304,0.05285546166324873
11.306000000000001,0.052932234875773844
11.308,0.05300895667927679
11.31,0.053085626592057074
11.312,0.05316224330598251
11.314,0.05323880552430824
11.316,0.05331531196127428
11.318,0.05339176134177156
11.32,0.053468152401034176
11.322000000000001,0.053544487126913294
11.324,0.053620764178857534
11.326,0.05369698223484571
11.328,0.053773139990126194
11.33,0.053849236156111945
11.332,0.05392526945938609
11.334,0.054001238640837716
11.336,0.054077142454882536
11.338000000000001,0.05415297966878132
11.34,0.054228749062025745
11.342,0.054304451506910385
11.344,0.05438008573046529
11.346,0.054455650476684665
11.348,0.054531144505402813
11.35,0.054606566591303286
11.352,0.05468191552303809
11.354000000000001,0.05475719010245323
11.356,0.05483238914389311
11.358,0.05490751147359491
11.36,0.05498255592914276
11.362,0.05505752314127967
11.364,0.05513241190058985
11.366,0.05520722101312369
11.368,0.05528194929941702
11.370000000000001,0.055356595593605167
11.372,0.055431158742659865
11.374,0.05550563760569175
11.376,0.05558003105334371
11.378,0.055654337967264704
11.38,0.05572855723961142
11.382,0.055802686164359495
11.384,0.05587672363684155
11.386000000000001,0.055950668559436804
11.388,0.05602451984153705
11.39,0.056098276399503245
11.392,0.05617193715664557
11.394,0.056245501043187644
11.396,0.05631896699625132
11.398,0.05639233395983028
11.4,0.05646560088477618
11.402000000000001,0.056538769083814396
11.404,0.056611837446225936
11.406,0.05668480487477657
11.408,0.05675767028489736
11.41,0.05683043260397196
11.412,0.05690309077068841
11.414,0.056975643734484736
11.416,0.05704809045503995
11.418000000000001,0.05712042990183192
11.42,0.05719266105373987
11.422,0.05726478533188297
11.424,0.05733680165827811
11.426,0.057408708970207424
11.428,0.05748050621914987
11.43,0.05755219236984755
11.432,0.0576237663994758
11.434000000000001,0.05769522729689829
11.436,0.057766574062021174
11.438,0.05783780570521239
11.44,0.05790892124677941
11.442,0.05797992215959493
11.444,0.05805080740964486
11.446,0.05812157597840852
11.448,0.058192226861721756
11.450000000000001,0.05826275906878358
11.452,0.05833317162126562
11.454,0.05840346355253762
11.456,0.058473633906972765
11.458,0.0585436817393244
11.46,0.05861360611418442
11.462,0.058683406941826506
11.464,0.058753083259186344
11.466000000000001,0.05882263411475865
11.468,0.05889205856789275
11.47,0.05896135568816185
11.472,0.05903052455481798
11.474,0.05909956425630145
11.476,0.05916847388980485
11.478,0.05923725256089591
11.48,0.05930589938316879
11.482000000000001,0.059374416965490916
11.484,0.05944280434986018
11.486,0.059511060594592095
11.488,0.059579184773027226
11.49,0.05964717597238826
11.492,0.059715033292771134
11.494,0.05978275584624874
11.496,0.05985034275606755
11.498000000000001,0.059917793155953795
11.5,0.05998510618948139
11.502,0.06005228390296819
11.504,0.06011932538273609
11.506,0.06018622973114813
11.508000000000001,0.0602529960652989
11.51,0.060319623515874256
11.512,0.06038611122613725
11.514000000000001,0.06045245835102157
11.516,0.06051866405634034
11.518,0.060584727518076205
11.52,0.06065064792175951
11.522,0.06071642527245814
11.524000000000001,0.06078205873339288
11.526,0.06084754747861882
11.528,0.06091289069231328
11.53,0.06097808756813323
11.532,0.061043137308650304
11.534,0.061108039124850376
11.536,0.06117279223570029
11.538,0.06123739586774423
11.540000000000001,0.06130184925476132
11.542,0.0613661538559843
11.544,0.061430308856405734
11.546,0.06149431345347065
11.548,0.06155816685614585
11.55,0.061621868284089144
11.552,0.06168541696692469
11.554,0.061748812143595434
11.556000000000001,0.061812053061786935
11.558,0.06187513897742384
11.56,0.06193806915421848
11.562,0.06200084699415622
11.564,0.062063471682837414
11.566,0.06212594242303398
11.568,0.062188258433183076
11.57,0.062250418946039256
11.572000000000001,0.0623124232074963
11.574,0.06237427047553378
11.576,0.062435960019285884
11.578,0.06249749111822172
11.58,0.06255886306141173
11.582,0.06262007559892915
11.584,0.06268112800804773
11.586,0.06274201957571396
11.588000000000001,0.0628027495978806
11.59,0.06286331737891437
11.592,0.06292372223107853
11.594,0.06298396347406834
11.596,0.0630440404346044
11.598,0.06310395244606948
11.6,0.06316369884819054
11.602,0.06322328385091266
11.604000000000001,0.06328270670272751
11.606,0.06334196666983041
11.608,0.06340106303448764
11.61,0.06345999509360709
11.612,0.06351876215745084
11.614,0.06357736354852303
11.616,0.0636357986005536
11.618,0.06369406665762886
11.620000000000001,0.06375216707339931
11.622,0.06381010022439121
11.624,0.06386786544554005
11.626,0.0639254620825199
11.628,0.0639828894909018
11.63,0.06404014703541008
11.632,0.06409723408926293
11.634,0.06415415003358588
11.636000000000001,0.06421089425690449
11.638,0.06426746615468015
11.64,0.06432386512890728
11.642,0.06438009427215544
11.644,0.0644361529173578
11.646,0.0644920404123207
11.648,0.06454775611837332
11.65,0.06460329940918558
11.652000000000001,0.06465866966970546
11.654,0.0647138662952419
11.656,0.0647688886906273
11.658,0.06482373626949484
11.66,0.06487840845363113
11.662,0.0649329069177508
11.664,0.06498723104322898
11.666,0.06504138022392897
11.668000000000001,0.06509535386512197
11.67,0.0651491513825112
11.672,0.06520277220138773
11.674,0.06525621575587184
11.676,0.06530948148824678
11.678,0.06536256884837119
11.68,0.06541547729314875
11.682,0.06546820858288904
11.684000000000001,0.06552076204852422
11.686,0.06557313703565135
11.688,0.06562533290316477
11.69,0.06567734902204661
11.692,0.06572918477431772
11.694,0.06578083955210545
11.696,0.06583231275683848
11.698,0.06588360379853167
11.700000000000001,0.06593471209515903
11.702,0.0659856426629841
11.704,0.06603639481637066
11.706,0.06608696789024546
11.708,0.06613736123808084
11.71,0.06618757423010918
11.712,0.06623760625175074
11.714,0.06628745670222216
11.716000000000001,0.06633712499330846
11.718,0.06638661054828532
11.72,0.06643591280095312
11.722,0.06648502057066283
11.724,0.06653393352855347
11.726,0.06658265132777214
11.728,0.06663117360595389
11.73,0.0666794999874438
11.732000000000001,0.06672763008524546
11.734,0.06677556350275993
11.736,0.06682329983530952
11.738,0.06687083867149707
11.74,0.0669181795944
11.742,0.0669653436234908
11.744,0.06701232993974304
11.746,0.06705913777270583
11.748000000000001,0.06710576639520277
11.75,0.0671522151186291
11.752,0.06719848328878897
11.754,0.0672445702822036
11.756,0.06729047550284384
11.758000000000001,0.06733619837923238
11.76,0.06738173836188097
11.762,0.06742709986737139
11.764000000000001,0.06747228228506585
11.766,0.0675172850324251
11.768,0.06756210755200245
11.77,0.06760674930877994
11.772,0.06765120978781697
11.774000000000001,0.06769548849216284
11.776,0.06773958494102633
11.778,0.06778349866813776
11.78,0.06782722922031084
11.782,0.06787077891201329
11.784,0.06791414726794756
11.786,0.06795733382883148
11.788,0.06800033814976925
11.790000000000001,0.0680431597988182
11.792,0.06808579835571035
11.794,0.0681282534107309
11.796,0.06817052456371922
11.798,0.06821261142319021
11.8,0.06825451360555923
11.802,0.06829623335300625
11.804,0.06833777024320023
11.806000000000001,0.06837912386631936
11.808,0.06842029382380416
11.81,0.06846127972727825
11.812,0.06850208119757975
11.814,0.06854269786391859
11.816,0.06858312936311822
11.818,0.06862337533895554
11.82,0.06866343544157005
11.822000000000001,0.06870331278860337
11.824,0.06874300697126856
11.826,0.06878251759430651
11.828,0.06882184427463897
11.83,0.06886098664014953
11.832,0.06889994432862837
11.834,0.06893871698682635
11.836,0.06897730426962467
11.838000000000001,0.0690157058393033
11.84,0.0690539213648882
11.842,0.06909195398019852
11.844,0.06912980329807095
11.846,0.06916746894502143
11.848,0.06920495055983975
11.85,0.06924224779237387
11.852,0.06927936030244217
11.854000000000001,0.06931628775886398
11.856,0.06935302983861777
11.858,0.06938958622608887
11.86,0.06942595661240084
11.862,0.06946214466157868
11.864,0.06949814999798573
11.866,0.06953397226089267
11.868,0.06956961110292545
11.870000000000001,0.06960506618869736
11.872,0.06964033719360088
11.874,0.06967542380273187
11.876,0.06971032570994959
11.878,0.06974504261703587
11.88,0.06977957423295625
11.882,0.06981392430276911
11.884,0.0698480924691651
11.886000000000001,0.06988207839011865
11.888,0.06991588173727359
11.89,0.06994950219452967
11.892,0.06998293945677678
11.894,0.07001619322879457
11.896,0.07004926322425797
11.898,0.07008214916487754
11.9,0.07011485077963511
11.902000000000001,0.07014737219165473
11.904,0.07017971305650103
11.906,0.07021187304592441
11.908,0.07024385184612134
11.91,0.07027564915622225
11.912,0.070307264686922
11.914,0.07033869815930058
11.916,0.07036994930376073
11.918000000000001,0.07040101785909517
11.92,0.07043190357166212
11.922,0.07046261072351989
11.924,0.07049313898580778
11.926,0.07052348804632846
11.928,0.07055365760775928
11.93,0.070583647386052
11.932,0.07061345710902633
11.934000000000001,0.07064308651512993
11.936,0.07067253535233142
11.938,0.07070180337715445
11.94,0.07073089035381872
11.942,0.07075981306676782
11.944,0.07078857097505487
11.946,0.07081716358427412
11.948,0.0708455904412319
11.950000000000001,0.07087385112923208
11.952,0.07090194526389726
11.954,0.07092987248947585
11.956,0.07095763247557227
11.958,0.07098522491425785
11.96,0.07101264951751185
11.962,0.07103989582084996
11.964,0.07106696381291466
11.966000000000001,0.07109385346979008
11.968,0.07112056475655046
11.97,0.07114709762862914
11.972,0.07117345203303177
11.974,0.07119962790940895
11.976,0.07122562519100589
11.978,0.07125144380550003
11.98,0.07127708367574265
11.982000000000001,0.07130254888232995
11.984,0.07132783914789978
11.986,0.07135295420739948
11.988,0.07137789380676915
11.99,0.07140265770178778
11.992,0.07142724565707723
11.994,0.07145165744522522
11.996,0.07147589284602332
11.998000000000001,0.07149995164580639
12.0,0.07152383363687942
12.002,0.0715475446999668
12.004,0.07157108461111783
12.006,0.07159445316149796
12.008000000000001,0.07161765015575508
12.01,0.07164067541055433
12.012,0.07166352875328741
12.014000000000001,0.07168621002092643
12.016,0.07170871905899334
12.018,0.07173105572066452
12.02,0.07175321986596017
12.022,0.07177521787244043
12.024000000000001,0.07179704948302251
12.026,0.07181871446151203
12.028,0.0718402125902233
12.030000000000001,0.07186154366787617
12.032,0.07188270750774176
12.034,0.07190370393599044
12.036,0.07192453279023608
12.038,0.07194519391824863
12.040000000000001,0.07196568717681356
12.042,0.07198601811979663
12.044,0.07200618650804952
12.046,0.07202619212263958
12.048,0.07204603476253904
12.05,0.07206571424254105
12.052,0.07208523039145456
12.054,0.07210458305048917
12.056000000000001,0.07212377207183265
12.058,0.07214279731739415
12.06,0.0721616586576915
12.062,0.07218036262915717
12.064,0.07219890898520046
12.066,0.07221729750154182
12.068,0.07223552797361549
12.07,0.07225360021428617
12.072000000000001,0.07227151405181839
12.074,0.0722892693280899
12.076,0.0723068658970085
12.078,0.07232430362311887
12.08,0.07234158238036748
12.082,0.07235870851165108
12.084,0.07237568177930137
12.086,0.07239250196796779
12.088000000000001,0.07240916888202004
12.09,0.07242568234323915
12.092,0.07244204218878292
12.094,0.0724582482693886
12.096,0.07247430044778425
12.098,0.07249019859728298
12.1,0.07250594260055165
12.102,0.07252153894708138
12.104000000000001,0.07253698740499595
12.106,0.07255228776502112
12.108,0.07256743983783623
12.11,0.0725824434517256
12.112,0.07259729845052362
12.114,0.072612004691776
12.116,0.07262656204513057
12.118,0.0726409703909136
12.120000000000001,0.07265522961887266
12.122,0.0726693464719893
12.124,0.07268332072050018
