task_id,method,status,full_task_success,original_independent_gates_passed,clearance_30mm_met,alias_of_method,actual_steps,I_support,I_route_key_legacy,I_full,L_full,L_support,d_support,base_translation_peak_m,base_rotation_peak_rad,torque_saturation_count,quality_scope,prefix_horizon_s
c1_mother_00_minus,G0,TASK_COMPLETED,True,True,False,,13500,0.0986426297182408,0.11004309615870182,0.09307244040589828,1.1783835441664263,0.3901831715806144,0.02647234044849049,0.0076366798983368775,0.05640234296413911,0,complete27s,
c1_mother_00_minus,OC,TASK_COMPLETED,True,True,True,,13500,0.09885594962820769,0.11039848994636611,0.09309936662634664,1.1750685828589666,0.3868710383467932,0.031261478926653374,0.007635469061516115,0.05639156983562991,0,complete27s,
c1_mother_00_minus,OI,TASK_COMPLETED,True,True,False,G0,13500,0.0986426297182408,0.11004309615870182,0.09307244040589828,1.1783835441664263,0.3901831715806144,0.02647234044849049,0.0076366798983368775,0.05640234296413911,0,complete27s,
c1_mother_00_minus,Z0,TASK_COMPLETED,True,True,False,,13500,0.10007743357794484,0.1124263585203032,0.09352489291697366,1.1752764441181178,0.38707896942105524,0.025970943191269844,0.007634789305238015,0.056384518106974514,0,complete27s,
c1_mother_00_plus,G0,TASK_COMPLETED,True,True,False,,13500,0.10080399640651752,0.11361443011806555,0.09338126459088386,1.1783754870660235,0.3901748784239067,0.026431152474013286,0.0076359277549281806,0.05638886381638164,0,complete27s,
c1_mother_00_plus,OC,TASK_COMPLETED,True,True,True,,13500,0.10052657855885931,0.1131564307545383,0.09288781832924002,1.1882110962354446,0.40000463197981706,0.03346263570324469,0.007633452357470592,0.056370688109358524,0,complete27s,
c1_mother_00_plus,OI,TASK_COMPLETED,True,True,False,Z0,13500,0.09743410513673958,0.10800918015315367,0.09220179463564197,1.175241493176818,0.387043764351342,0.025935341765663728,0.007633318413313785,0.05637126647510013,0,complete27s,
c1_mother_00_plus,Z0,TASK_COMPLETED,True,True,False,,13500,0.09743410513673958,0.10800918015315367,0.09220179463564197,1.175241493176818,0.387043764351342,0.025935341765663728,0.007633318413313785,0.05637126647510013,0,complete27s,
c1_mother_01_minus,G0,EXECUTION_REFUSED,False,False,False,,5400,,,,,,,,,,NO_COMPLETE_QUALITY,10.8
c1_mother_01_minus,OC,NO_PLAN,False,False,,,0,,,,,,,,,,NO_COMPLETE_QUALITY,
c1_mother_01_minus,OI,TASK_COMPLETED,True,True,False,,13500,0.11363408960929994,0.14096717690284735,0.0995307719127502,1.2041407364899892,0.41137800572683514,0.02561085747099673,0.00772024954017353,0.05844352225178152,0,complete27s,
c1_mother_01_minus,Z0,EXECUTION_REFUSED,False,False,False,,5540,,,,,,,,,,NO_COMPLETE_QUALITY,11.08
c1_mother_01_plus,G0,TASK_COMPLETED,True,True,True,,13500,0.10211947482900591,0.12207714431352974,0.10283880443341564,1.1514848482148692,0.37653040220825396,0.04171919024106518,0.007771596072280037,0.058889587297512945,0,complete27s,
c1_mother_01_plus,OC,TASK_COMPLETED,True,True,True,,13500,0.10076894802388843,0.11984581943801759,0.10260073865550531,1.1461664965962752,0.37121480895867454,0.041518663023820145,0.007772425489961089,0.05889733375977654,0,complete27s,
c1_mother_01_plus,OI,TASK_COMPLETED,True,True,False,Z0,13500,0.09979079870141531,0.11822241433113755,0.1023213442358649,1.1441983296120988,0.36924666698686814,0.0297186364151861,0.007772413338705825,0.05889676872801675,0,complete27s,
c1_mother_01_plus,Z0,TASK_COMPLETED,True,True,False,,13500,0.09979079870141531,0.11822241433113755,0.1023213442358649,1.1441983296120988,0.36924666698686814,0.0297186364151861,0.007772413338705825,0.05889676872801675,0,complete27s,
