task_id,method,budget,prefix_protocol_completed,slots_observed,first_complete,first_B30,first_near_R12_A,first_near_R12_B
c3_test0_plus,R,4,True,4,"{""slot"": 1, ""sort_encoding"": 1, ""status"": ""HIT""}","{""slot"": 4, ""sort_encoding"": 4, ""status"": ""HIT""}","{""slot"": 1, ""sort_encoding"": 1, ""status"": ""HIT""}","{""slot"": 4, ""sort_encoding"": 4, ""status"": ""HIT""}"
c3_test0_plus,R,8,True,8,"{""slot"": 1, ""sort_encoding"": 1, ""status"": ""HIT""}","{""slot"": 4, ""sort_encoding"": 4, ""status"": ""HIT""}","{""slot"": 1, ""sort_encoding"": 1, ""status"": ""HIT""}","{""slot"": 4, ""sort_encoding"": 4, ""status"": ""HIT""}"
c3_test0_plus,R,12,True,12,"{""slot"": 1, ""sort_encoding"": 1, ""status"": ""HIT""}","{""slot"": 4, ""sort_encoding"": 4, ""status"": ""HIT""}","{""slot"": 1, ""sort_encoding"": 1, ""status"": ""HIT""}","{""slot"": 4, ""sort_encoding"": 4, ""status"": ""HIT""}"
c3_test0_plus,N,4,True,4,"{""slot"": 1, ""sort_encoding"": 1, ""status"": ""HIT""}","{""encoding_is_observed_hit"": false, ""right_censored_budget"": 4, ""slot"": null, ""slots_observed"": 4, ""sort_encoding"": 5, ""status"": ""RIGHT_CENSORED""}","{""slot"": 1, ""sort_encoding"": 1, ""status"": ""HIT""}","{""encoding_is_observed_hit"": false, ""right_censored_budget"": 4, ""slot"": null, ""slots_observed"": 4, ""sort_encoding"": 5, ""status"": ""RIGHT_CENSORED""}"
c3_test0_plus,N,8,True,8,"{""slot"": 1, ""sort_encoding"": 1, ""status"": ""HIT""}","{""encoding_is_observed_hit"": false, ""right_censored_budget"": 8, ""slot"": null, ""slots_observed"": 8, ""sort_encoding"": 9, ""status"": ""RIGHT_CENSORED""}","{""slot"": 1, ""sort_encoding"": 1, ""status"": ""HIT""}","{""encoding_is_observed_hit"": false, ""right_censored_budget"": 8, ""slot"": null, ""slots_observed"": 8, ""sort_encoding"": 9, ""status"": ""RIGHT_CENSORED""}"
c3_test0_plus,S,4,True,4,"{""slot"": 1, ""sort_encoding"": 1, ""status"": ""HIT""}","{""encoding_is_observed_hit"": false, ""right_censored_budget"": 4, ""slot"": null, ""slots_observed"": 4, ""sort_encoding"": 5, ""status"": ""RIGHT_CENSORED""}","{""slot"": 1, ""sort_encoding"": 1, ""status"": ""HIT""}","{""encoding_is_observed_hit"": false, ""right_censored_budget"": 4, ""slot"": null, ""slots_observed"": 4, ""sort_encoding"": 5, ""status"": ""RIGHT_CENSORED""}"
c3_test0_plus,S,8,True,8,"{""slot"": 1, ""sort_encoding"": 1, ""status"": ""HIT""}","{""encoding_is_observed_hit"": false, ""right_censored_budget"": 8, ""slot"": null, ""slots_observed"": 8, ""sort_encoding"": 9, ""status"": ""RIGHT_CENSORED""}","{""slot"": 1, ""sort_encoding"": 1, ""status"": ""HIT""}","{""encoding_is_observed_hit"": false, ""right_censored_budget"": 8, ""slot"": null, ""slots_observed"": 8, ""sort_encoding"": 9, ""status"": ""RIGHT_CENSORED""}"
c3_test0_plus,D,4,True,4,"{""slot"": 1, ""sort_encoding"": 1, ""status"": ""HIT""}","{""encoding_is_observed_hit"": false, ""right_censored_budget"": 4, ""slot"": null, ""slots_observed"": 4, ""sort_encoding"": 5, ""status"": ""RIGHT_CENSORED""}","{""slot"": 1, ""sort_encoding"": 1, ""status"": ""HIT""}","{""encoding_is_observed_hit"": false, ""right_censored_budget"": 4, ""slot"": null, ""slots_observed"": 4, ""sort_encoding"": 5, ""status"": ""RIGHT_CENSORED""}"
c3_test0_plus,D,8,True,8,"{""slot"": 1, ""sort_encoding"": 1, ""status"": ""HIT""}","{""encoding_is_observed_hit"": false, ""right_censored_budget"": 8, ""slot"": null, ""slots_observed"": 8, ""sort_encoding"": 9, ""status"": ""RIGHT_CENSORED""}","{""slot"": 1, ""sort_encoding"": 1, ""status"": ""HIT""}","{""encoding_is_observed_hit"": false, ""right_censored_budget"": 8, ""slot"": null, ""slots_observed"": 8, ""sort_encoding"": 9, ""status"": ""RIGHT_CENSORED""}"
c3_test0_minus,R,4,True,4,"{""slot"": 1, ""sort_encoding"": 1, ""status"": ""HIT""}","{""slot"": 4, ""sort_encoding"": 4, ""status"": ""HIT""}","{""encoding_is_observed_hit"": false, ""right_censored_budget"": 4, ""slot"": null, ""slots_observed"": 4, ""sort_encoding"": 5, ""status"": ""RIGHT_CENSORED""}","{""encoding_is_observed_hit"": false, ""right_censored_budget"": 4, ""slot"": null, ""slots_observed"": 4, ""sort_encoding"": 5, ""status"": ""RIGHT_CENSORED""}"
c3_test0_minus,R,8,True,8,"{""slot"": 1, ""sort_encoding"": 1, ""status"": ""HIT""}","{""slot"": 4, ""sort_encoding"": 4, ""status"": ""HIT""}","{""slot"": 5, ""sort_encoding"": 5, ""status"": ""HIT""}","{""encoding_is_observed_hit"": false, ""right_censored_budget"": 8, ""slot"": null, ""slots_observed"": 8, ""sort_encoding"": 9, ""status"": ""RIGHT_CENSORED""}"
c3_test0_minus,R,12,True,12,"{""slot"": 1, ""sort_encoding"": 1, ""status"": ""HIT""}","{""slot"": 4, ""sort_encoding"": 4, ""status"": ""HIT""}","{""slot"": 5, ""sort_encoding"": 5, ""status"": ""HIT""}","{""slot"": 9, ""sort_encoding"": 9, ""status"": ""HIT""}"
c3_test0_minus,N,4,True,4,"{""slot"": 1, ""sort_encoding"": 1, ""status"": ""HIT""}","{""encoding_is_observed_hit"": false, ""right_censored_budget"": 4, ""slot"": null, ""slots_observed"": 4, ""sort_encoding"": 5, ""status"": ""RIGHT_CENSORED""}","{""encoding_is_observed_hit"": false, ""right_censored_budget"": 4, ""slot"": null, ""slots_observed"": 4, ""sort_encoding"": 5, ""status"": ""RIGHT_CENSORED""}","{""encoding_is_observed_hit"": false, ""right_censored_budget"": 4, ""slot"": null, ""slots_observed"": 4, ""sort_encoding"": 5, ""status"": ""RIGHT_CENSORED""}"
c3_test0_minus,N,8,True,8,"{""slot"": 1, ""sort_encoding"": 1, ""status"": ""HIT""}","{""slot"": 8, ""sort_encoding"": 8, ""status"": ""HIT""}","{""encoding_is_observed_hit"": false, ""right_censored_budget"": 8, ""slot"": null, ""slots_observed"": 8, ""sort_encoding"": 9, ""status"": ""RIGHT_CENSORED""}","{""encoding_is_observed_hit"": false, ""right_censored_budget"": 8, ""slot"": null, ""slots_observed"": 8, ""sort_encoding"": 9, ""status"": ""RIGHT_CENSORED""}"
c3_test0_minus,S,4,True,4,"{""slot"": 1, ""sort_encoding"": 1, ""status"": ""HIT""}","{""encoding_is_observed_hit"": false, ""right_censored_budget"": 4, ""slot"": null, ""slots_observed"": 4, ""sort_encoding"": 5, ""status"": ""RIGHT_CENSORED""}","{""encoding_is_observed_hit"": false, ""right_censored_budget"": 4, ""slot"": null, ""slots_observed"": 4, ""sort_encoding"": 5, ""status"": ""RIGHT_CENSORED""}","{""encoding_is_observed_hit"": false, ""right_censored_budget"": 4, ""slot"": null, ""slots_observed"": 4, ""sort_encoding"": 5, ""status"": ""RIGHT_CENSORED""}"
c3_test0_minus,S,8,True,8,"{""slot"": 1, ""sort_encoding"": 1, ""status"": ""HIT""}","{""slot"": 8, ""sort_encoding"": 8, ""status"": ""HIT""}","{""encoding_is_observed_hit"": false, ""right_censored_budget"": 8, ""slot"": null, ""slots_observed"": 8, ""sort_encoding"": 9, ""status"": ""RIGHT_CENSORED""}","{""encoding_is_observed_hit"": false, ""right_censored_budget"": 8, ""slot"": null, ""slots_observed"": 8, ""sort_encoding"": 9, ""status"": ""RIGHT_CENSORED""}"
c3_test0_minus,D,4,True,4,"{""slot"": 1, ""sort_encoding"": 1, ""status"": ""HIT""}","{""slot"": 2, ""sort_encoding"": 2, ""status"": ""HIT""}","{""encoding_is_observed_hit"": false, ""right_censored_budget"": 4, ""slot"": null, ""slots_observed"": 4, ""sort_encoding"": 5, ""status"": ""RIGHT_CENSORED""}","{""slot"": 2, ""sort_encoding"": 2, ""status"": ""HIT""}"
c3_test0_minus,D,8,True,8,"{""slot"": 1, ""sort_encoding"": 1, ""status"": ""HIT""}","{""slot"": 2, ""sort_encoding"": 2, ""status"": ""HIT""}","{""encoding_is_observed_hit"": false, ""right_censored_budget"": 8, ""slot"": null, ""slots_observed"": 8, ""sort_encoding"": 9, ""status"": ""RIGHT_CENSORED""}","{""slot"": 2, ""sort_encoding"": 2, ""status"": ""HIT""}"
c3_test1_plus,R,4,True,4,"{""slot"": 1, ""sort_encoding"": 1, ""status"": ""HIT""}","{""slot"": 4, ""sort_encoding"": 4, ""status"": ""HIT""}","{""slot"": 1, ""sort_encoding"": 1, ""status"": ""HIT""}","{""slot"": 4, ""sort_encoding"": 4, ""status"": ""HIT""}"
c3_test1_plus,R,8,True,8,"{""slot"": 1, ""sort_encoding"": 1, ""status"": ""HIT""}","{""slot"": 4, ""sort_encoding"": 4, ""status"": ""HIT""}","{""slot"": 1, ""sort_encoding"": 1, ""status"": ""HIT""}","{""slot"": 4, ""sort_encoding"": 4, ""status"": ""HIT""}"
c3_test1_plus,R,12,True,12,"{""slot"": 1, ""sort_encoding"": 1, ""status"": ""HIT""}","{""slot"": 4, ""sort_encoding"": 4, ""status"": ""HIT""}","{""slot"": 1, ""sort_encoding"": 1, ""status"": ""HIT""}","{""slot"": 4, ""sort_encoding"": 4, ""status"": ""HIT""}"
c3_test1_plus,N,4,True,4,"{""slot"": 1, ""sort_encoding"": 1, ""status"": ""HIT""}","{""slot"": 4, ""sort_encoding"": 4, ""status"": ""HIT""}","{""slot"": 1, ""sort_encoding"": 1, ""status"": ""HIT""}","{""slot"": 4, ""sort_encoding"": 4, ""status"": ""HIT""}"
c3_test1_plus,N,8,True,8,"{""slot"": 1, ""sort_encoding"": 1, ""status"": ""HIT""}","{""slot"": 4, ""sort_encoding"": 4, ""status"": ""HIT""}","{""slot"": 1, ""sort_encoding"": 1, ""status"": ""HIT""}","{""slot"": 4, ""sort_encoding"": 4, ""status"": ""HIT""}"
c3_test1_plus,S,4,True,4,"{""slot"": 1, ""sort_encoding"": 1, ""status"": ""HIT""}","{""encoding_is_observed_hit"": false, ""right_censored_budget"": 4, ""slot"": null, ""slots_observed"": 4, ""sort_encoding"": 5, ""status"": ""RIGHT_CENSORED""}","{""slot"": 1, ""sort_encoding"": 1, ""status"": ""HIT""}","{""encoding_is_observed_hit"": false, ""right_censored_budget"": 4, ""slot"": null, ""slots_observed"": 4, ""sort_encoding"": 5, ""status"": ""RIGHT_CENSORED""}"
c3_test1_plus,S,8,True,8,"{""slot"": 1, ""sort_encoding"": 1, ""status"": ""HIT""}","{""encoding_is_observed_hit"": false, ""right_censored_budget"": 8, ""slot"": null, ""slots_observed"": 8, ""sort_encoding"": 9, ""status"": ""RIGHT_CENSORED""}","{""slot"": 1, ""sort_encoding"": 1, ""status"": ""HIT""}","{""encoding_is_observed_hit"": false, ""right_censored_budget"": 8, ""slot"": null, ""slots_observed"": 8, ""sort_encoding"": 9, ""status"": ""RIGHT_CENSORED""}"
c3_test1_plus,D,4,True,4,"{""slot"": 1, ""sort_encoding"": 1, ""status"": ""HIT""}","{""encoding_is_observed_hit"": false, ""right_censored_budget"": 4, ""slot"": null, ""slots_observed"": 4, ""sort_encoding"": 5, ""status"": ""RIGHT_CENSORED""}","{""slot"": 1, ""sort_encoding"": 1, ""status"": ""HIT""}","{""encoding_is_observed_hit"": false, ""right_censored_budget"": 4, ""slot"": null, ""slots_observed"": 4, ""sort_encoding"": 5, ""status"": ""RIGHT_CENSORED""}"
c3_test1_plus,D,8,True,8,"{""slot"": 1, ""sort_encoding"": 1, ""status"": ""HIT""}","{""encoding_is_observed_hit"": false, ""right_censored_budget"": 8, ""slot"": null, ""slots_observed"": 8, ""sort_encoding"": 9, ""status"": ""RIGHT_CENSORED""}","{""slot"": 1, ""sort_encoding"": 1, ""status"": ""HIT""}","{""encoding_is_observed_hit"": false, ""right_censored_budget"": 8, ""slot"": null, ""slots_observed"": 8, ""sort_encoding"": 9, ""status"": ""RIGHT_CENSORED""}"
c3_test1_minus,R,4,True,4,"{""slot"": 1, ""sort_encoding"": 1, ""status"": ""HIT""}","{""slot"": 4, ""sort_encoding"": 4, ""status"": ""HIT""}","{""encoding_is_observed_hit"": false, ""right_censored_budget"": 4, ""slot"": null, ""slots_observed"": 4, ""sort_encoding"": 5, ""status"": ""RIGHT_CENSORED""}","{""encoding_is_observed_hit"": false, ""right_censored_budget"": 4, ""slot"": null, ""slots_observed"": 4, ""sort_encoding"": 5, ""status"": ""RIGHT_CENSORED""}"
c3_test1_minus,R,8,True,8,"{""slot"": 1, ""sort_encoding"": 1, ""status"": ""HIT""}","{""slot"": 4, ""sort_encoding"": 4, ""status"": ""HIT""}","{""slot"": 5, ""sort_encoding"": 5, ""status"": ""HIT""}","{""encoding_is_observed_hit"": false, ""right_censored_budget"": 8, ""slot"": null, ""slots_observed"": 8, ""sort_encoding"": 9, ""status"": ""RIGHT_CENSORED""}"
c3_test1_minus,R,12,True,12,"{""slot"": 1, ""sort_encoding"": 1, ""status"": ""HIT""}","{""slot"": 4, ""sort_encoding"": 4, ""status"": ""HIT""}","{""slot"": 5, ""sort_encoding"": 5, ""status"": ""HIT""}","{""slot"": 9, ""sort_encoding"": 9, ""status"": ""HIT""}"
c3_test1_minus,N,4,True,4,"{""slot"": 1, ""sort_encoding"": 1, ""status"": ""HIT""}","{""slot"": 4, ""sort_encoding"": 4, ""status"": ""HIT""}","{""encoding_is_observed_hit"": false, ""right_censored_budget"": 4, ""slot"": null, ""slots_observed"": 4, ""sort_encoding"": 5, ""status"": ""RIGHT_CENSORED""}","{""encoding_is_observed_hit"": false, ""right_censored_budget"": 4, ""slot"": null, ""slots_observed"": 4, ""sort_encoding"": 5, ""status"": ""RIGHT_CENSORED""}"
c3_test1_minus,N,8,True,8,"{""slot"": 1, ""sort_encoding"": 1, ""status"": ""HIT""}","{""slot"": 4, ""sort_encoding"": 4, ""status"": ""HIT""}","{""slot"": 5, ""sort_encoding"": 5, ""status"": ""HIT""}","{""encoding_is_observed_hit"": false, ""right_censored_budget"": 8, ""slot"": null, ""slots_observed"": 8, ""sort_encoding"": 9, ""status"": ""RIGHT_CENSORED""}"
c3_test1_minus,S,4,True,4,"{""slot"": 1, ""sort_encoding"": 1, ""status"": ""HIT""}","{""slot"": 2, ""sort_encoding"": 2, ""status"": ""HIT""}","{""encoding_is_observed_hit"": false, ""right_censored_budget"": 4, ""slot"": null, ""slots_observed"": 4, ""sort_encoding"": 5, ""status"": ""RIGHT_CENSORED""}","{""slot"": 2, ""sort_encoding"": 2, ""status"": ""HIT""}"
c3_test1_minus,S,8,True,8,"{""slot"": 1, ""sort_encoding"": 1, ""status"": ""HIT""}","{""slot"": 2, ""sort_encoding"": 2, ""status"": ""HIT""}","{""slot"": 5, ""sort_encoding"": 5, ""status"": ""HIT""}","{""slot"": 2, ""sort_encoding"": 2, ""status"": ""HIT""}"
c3_test1_minus,D,4,True,4,"{""slot"": 1, ""sort_encoding"": 1, ""status"": ""HIT""}","{""encoding_is_observed_hit"": false, ""right_censored_budget"": 4, ""slot"": null, ""slots_observed"": 4, ""sort_encoding"": 5, ""status"": ""RIGHT_CENSORED""}","{""encoding_is_observed_hit"": false, ""right_censored_budget"": 4, ""slot"": null, ""slots_observed"": 4, ""sort_encoding"": 5, ""status"": ""RIGHT_CENSORED""}","{""encoding_is_observed_hit"": false, ""right_censored_budget"": 4, ""slot"": null, ""slots_observed"": 4, ""sort_encoding"": 5, ""status"": ""RIGHT_CENSORED""}"
c3_test1_minus,D,8,True,8,"{""slot"": 1, ""sort_encoding"": 1, ""status"": ""HIT""}","{""encoding_is_observed_hit"": false, ""right_censored_budget"": 8, ""slot"": null, ""slots_observed"": 8, ""sort_encoding"": 9, ""status"": ""RIGHT_CENSORED""}","{""encoding_is_observed_hit"": false, ""right_censored_budget"": 8, ""slot"": null, ""slots_observed"": 8, ""sort_encoding"": 9, ""status"": ""RIGHT_CENSORED""}","{""encoding_is_observed_hit"": false, ""right_censored_budget"": 8, ""slot"": null, ""slots_observed"": 8, ""sort_encoding"": 9, ""status"": ""RIGHT_CENSORED""}"
