task_id,endpoint,preference,status,full_27s_five_gates,quality_scope,actual_steps,B30,near_R12,unique_run,alias_of_slot,plan_sha256,selected_candidate_id,source_attribution,selected_origin_source,selected_lineage,end_to_end_cold_planning_s,outer_process_wall_s,optimizer_elapsed_s,planning_time_scope,consumed_candidate_slots,raw_rejected,prediction_physics_steps,private_preview_physics_steps,native_geometry_query_calls,independent_saved_torque_replay_steps,qp_solve_calls,actual_I_support,predicted_I_support,actual_minus_prediction_I_support,actual_L_full,predicted_L_full,actual_minus_prediction_L_full,actual_d_support,predicted_d_support,actual_minus_prediction_d_support,actual_base_translation_peak_m,predicted_base_translation_peak_m,actual_minus_prediction_base_translation_peak_m,actual_base_rotation_peak_rad,predicted_base_rotation_peak_rad,actual_minus_prediction_base_rotation_peak_rad,task_requirements_passed,execution_contract_passed,independent_interval_passed,native_geometry_passed,reference_binding_passed
c3_test0_plus,R8,A,FULL_TASK_AND_FIVE_GATES_PASSED,True,full_27s,13500,,True,True,,ba0db29badfbc79dd8de7a393345830e5aa67ec990fd3da23cb52a4c94faa8f1,C01,rule_seed_or_descendant,geometry,"[{""initial_position"": 1, ""source"": ""geometry""}]",,,649.5178368999623,measured_optimizer_prefix_only; cold_request_total_not_measured,8,0,108000,108000,132693498,0,10800,0.09528023209798411,0.09528023209798411,0.0,1.1055282705096743,1.1055282705096743,0.0,0.026317643642427446,0.026317643642427446,0.0,0.007229573588946722,0.007229573588946722,0.0,0.054887729303273444,0.054887729303273444,0.0,True,True,True,True,True
c3_test0_minus,R8,A,FULL_TASK_AND_FIVE_GATES_PASSED,True,full_27s,13500,,False,True,,97f5517a7cf5c47a9f6c4edf223c59d59a6b00943d9553b220addbcce558984f,C01,rule_seed_or_descendant,geometry,"[{""initial_position"": 1, ""source"": ""geometry""}]",,,646.4157688999549,measured_optimizer_prefix_only; cold_request_total_not_measured,8,0,108000,108000,132706648,0,10800,0.0937487385657454,0.0937487385657454,0.0,1.1055279098285702,1.1055279098285702,0.0,0.026322616678083187,0.026322616678083187,0.0,0.007229743302375266,0.007229743302375266,0.0,0.05489169707080842,0.05489169707080842,0.0,True,True,True,True,True
c3_test1_plus,R8,A,FULL_TASK_AND_FIVE_GATES_PASSED,True,full_27s,13500,,True,True,,acb1d9773a1278c8d76155cb038ef5639797eea981a1cbc0d7249bb79b2fd115,C00,rule_seed_or_descendant,zero,"[{""initial_position"": 0, ""source"": ""zero""}]",,,643.2174182999879,measured_optimizer_prefix_only; cold_request_total_not_measured,8,0,108000,108000,132770467,0,10800,0.1007243662557474,0.1007243662557474,0.0,1.2128784162612969,1.2128784162612969,0.0,0.025962543535982298,0.025962543535982298,0.0,0.00813931001108952,0.00813931001108952,0.0,0.06005057514375052,0.06005057514375052,0.0,True,True,True,True,True
c3_test1_minus,R8,A,FULL_TASK_AND_FIVE_GATES_PASSED,True,full_27s,13500,,True,True,,6c6699fbc1133199c2838cc1895096eee0fc9b1ea0c72b93bc5287481524a362,C04,rule_seed_or_descendant,geometry,"[{""initial_position"": 1, ""source"": ""geometry""}, {""coordinate"": 0, ""parent_candidate_id"": ""C01"", ""sign"": 1, ""source"": ""adaptive_poll""}]",,,649.093465199694,measured_optimizer_prefix_only; cold_request_total_not_measured,8,0,108000,108000,132780790,0,10800,0.09977753283550914,0.09977753283550914,0.0,1.211402823546735,1.211402823546735,0.0,0.026442905831896416,0.026442905831896416,0.0,0.00813404218063719,0.00813404218063719,0.0,0.06001502428968712,0.06001502428968712,0.0,True,True,True,True,True
c3_test0_plus,R8,B,FULL_TASK_AND_FIVE_GATES_PASSED,True,full_27s,13500,True,True,True,,b852fa2d96b465f382a542801c1a16a80edd9f6f5e733968ab39d4bb5e9dc367,C03,rule_seed_or_descendant,geometry,"[{""initial_position"": 3, ""source"": ""geometry""}]",,,649.5178368999623,measured_optimizer_prefix_only; cold_request_total_not_measured,8,0,108000,108000,132693498,0,10800,0.09596582897125035,0.09596582897125035,0.0,1.121644040084632,1.121644040084632,0.0,0.034215736591218904,0.034215736591218904,0.0,0.007229109021242247,0.007229109021242247,0.0,0.05488173554386879,0.05488173554386879,0.0,True,True,True,True,True
c3_test0_minus,R8,B,FULL_TASK_AND_FIVE_GATES_PASSED,True,full_27s,13500,True,False,True,,9301b7b28f11a7b4c3608f6f8cca9155c634278c527dee4d0838c577bdad3029,C03,rule_seed_or_descendant,geometry,"[{""initial_position"": 3, ""source"": ""geometry""}]",,,646.4157688999549,measured_optimizer_prefix_only; cold_request_total_not_measured,8,0,108000,108000,132706648,0,10800,0.09291348536039368,0.09291348536039368,0.0,1.1216493634566267,1.1216493634566267,0.0,0.03421878361645749,0.03421878361645749,0.0,0.007229812067780815,0.007229812067780815,0.0,0.05489578838411742,0.05489578838411742,0.0,True,True,True,True,True
c3_test1_plus,R8,B,FULL_TASK_AND_FIVE_GATES_PASSED,True,full_27s,13500,True,True,True,,4c88183e74c4ea73eefdb02ca4400ec4ab30c8ab7d24c1a0efee564f3bd5c101,C03,rule_seed_or_descendant,geometry,"[{""initial_position"": 3, ""source"": ""geometry""}]",,,643.2174182999879,measured_optimizer_prefix_only; cold_request_total_not_measured,8,0,108000,108000,132770467,0,10800,0.10247579362347438,0.10247579362347438,0.0,1.2261650104748543,1.2261650104748543,0.0,0.03427804467098998,0.03427804467098998,0.0,0.008134726253787911,0.008134726253787911,0.0,0.06001611696469178,0.06001611696469178,0.0,True,True,True,True,True
c3_test1_minus,R8,B,FULL_TASK_AND_FIVE_GATES_PASSED,True,full_27s,13500,True,False,True,,2929797fde23a5c6aa0f6175146016a9387cd574ae3b31af645e70c3044ddedb,C03,rule_seed_or_descendant,geometry,"[{""initial_position"": 3, ""source"": ""geometry""}]",,,649.093465199694,measured_optimizer_prefix_only; cold_request_total_not_measured,8,0,108000,108000,132780790,0,10800,0.10008680534983855,0.10008680534983855,0.0,1.2261739095700488,1.2261739095700488,0.0,0.03419858818266582,0.03419858818266582,0.0,0.008145964966258742,0.008145964966258742,0.0,0.06011287044401374,0.06011287044401374,0.0,True,True,True,True,True
c3_test0_plus,R12,A,FULL_TASK_AND_FIVE_GATES_PASSED,True,full_27s,13500,,True,True,,52dd48294e0e89555b5000f5cf46934b040f8814df1689fa91610e9bc5b92616,C08,rule_seed_or_descendant,geometry,"[{""initial_position"": 1, ""source"": ""geometry""}, {""coordinate"": 2, ""parent_candidate_id"": ""C01"", ""sign"": 1, ""source"": ""adaptive_poll""}]",977.7203541998751,978.1598196998239,976.8754066000693,measured_cold_request_total,12,0,162000,162000,199040266,0,16200,0.09531212354745809,0.09531212354745809,0.0,1.1053553477627878,1.1053553477627878,0.0,0.025911828404114608,0.025911828404114608,0.0,0.007229469427944682,0.007229469427944682,0.0,0.05488714617010272,0.05488714617010272,0.0,True,True,True,True,True
c3_test0_minus,R12,A,FULL_TASK_AND_FIVE_GATES_PASSED,True,full_27s,13500,,True,True,,636f0a26c94b7903122fe584bcb111c05c754af98362114466e3375a5246d36b,C10,rule_seed_or_descendant,geometry,"[{""initial_position"": 1, ""source"": ""geometry""}, {""coordinate"": 3, ""parent_candidate_id"": ""C01"", ""sign"": -1, ""source"": ""adaptive_poll""}]",970.1112549998797,970.56558100041,969.267758499831,measured_cold_request_total,12,0,162000,162000,199059983,0,16200,0.0927234165163777,0.0927234165163777,0.0,1.1059028982541004,1.1059028982541004,0.0,0.02620105159693889,0.02620105159693889,0.0,0.007229676300487828,0.007229676300487828,0.0,0.05489012631293248,0.05489012631293248,0.0,True,True,True,True,True
c3_test1_plus,R12,A,FULL_TASK_AND_FIVE_GATES_PASSED,True,full_27s,13500,,True,False,E:\v64c3\v6_4\output\search_aware_warmstart_20261008_01\frozen_test\actual\c3_test1_plus\R8_A\slot.json,acb1d9773a1278c8d76155cb038ef5639797eea981a1cbc0d7249bb79b2fd115,C00,rule_seed_or_descendant,zero,"[{""initial_position"": 0, ""source"": ""zero""}]",970.8144478001632,971.2544509000145,969.9430337003432,measured_cold_request_total,12,0,162000,162000,199155297,0,16200,0.1007243662557474,0.1007243662557474,0.0,1.2128784162612969,1.2128784162612969,0.0,0.025962543535982298,0.025962543535982298,0.0,0.00813931001108952,0.00813931001108952,0.0,0.06005057514375052,0.06005057514375052,0.0,True,True,True,True,True
c3_test1_minus,R12,A,FULL_TASK_AND_FIVE_GATES_PASSED,True,full_27s,13500,,True,True,,445adcb0c5cd04d34b5fd9a45e9f273bea43217777ee57a6dcd5424a643bc0d5,C10,rule_seed_or_descendant,geometry,"[{""initial_position"": 1, ""source"": ""geometry""}, {""coordinate"": 0, ""parent_candidate_id"": ""C01"", ""sign"": 1, ""source"": ""adaptive_poll""}, {""coordinate"": 3, ""parent_candidate_id"": ""C04"", ""sign"": -1, ""source"": ""adaptive_poll""}]",975.5156630999409,975.9717700001784,974.6688663000241,measured_cold_request_total,12,0,162000,162000,199171457,0,16200,0.09932927441182675,0.09932927441182675,0.0,1.2117359860328005,1.2117359860328005,0.0,0.026337378872603318,0.026337378872603318,0.0,0.008133564185217513,0.008133564185217513,0.0,0.06001045388109851,0.06001045388109851,0.0,True,True,True,True,True
c3_test0_plus,R12,B,FULL_TASK_AND_FIVE_GATES_PASSED,True,full_27s,13500,True,True,True,,dd886062bcc5e001f89373c3843a9280af58a990a7e42dc5ab346be820169566,C11,rule_seed_or_descendant,geometry,"[{""initial_position"": 3, ""source"": ""geometry""}, {""coordinate"": 2, ""parent_candidate_id"": ""C03"", ""sign"": -1, ""source"": ""adaptive_poll""}, {""coordinate"": 3, ""parent_candidate_id"": ""C09"", ""sign"": -1, ""source"": ""adaptive_poll""}]",977.7203541998751,978.1598196998239,976.8754066000693,measured_cold_request_total,12,0,162000,162000,199040266,0,16200,0.09518047870573325,0.09518047870573325,0.0,1.12163881546256,1.12163881546256,0.0,0.033421551710881924,0.033421551710881924,0.0,0.007229423186124507,0.007229423186124507,0.0,0.05488383787537583,0.05488383787537583,0.0,True,True,True,True,True
c3_test0_minus,R12,B,FULL_TASK_AND_FIVE_GATES_PASSED,True,full_27s,13500,True,True,True,,968d84bafc1ecfcd63ba9daf863543f958c1aeb9615f0800a49fa5c0f57c45b2,C08,rule_seed_or_descendant,geometry,"[{""initial_position"": 1, ""source"": ""geometry""}, {""coordinate"": 2, ""parent_candidate_id"": ""C01"", ""sign"": 1, ""source"": ""adaptive_poll""}]",970.1112549998797,970.56558100041,969.267758499831,measured_cold_request_total,12,0,162000,162000,199059983,0,16200,0.093392295818729,0.093392295818729,0.0,1.1076116288553912,1.1076116288553912,0.0,0.0312832895256421,0.0312832895256421,0.0,0.007229740536967744,0.007229740536967744,0.0,0.05489215137332785,0.05489215137332785,0.0,True,True,True,True,True
c3_test1_plus,R12,B,FULL_TASK_AND_FIVE_GATES_PASSED,True,full_27s,13500,True,True,True,,23ce29d71d49080668ed5ddb91d3f4e267003428c215ab957e316a6642e152ba,C11,rule_seed_or_descendant,geometry,"[{""initial_position"": 3, ""source"": ""geometry""}, {""coordinate"": 3, ""parent_candidate_id"": ""C03"", ""sign"": -1, ""source"": ""adaptive_poll""}]",970.8144478001632,971.2544509000145,969.9430337003432,measured_cold_request_total,12,0,162000,162000,199155297,0,16200,0.10191947080384191,0.10191947080384191,0.0,1.226157147335453,1.226157147335453,0.0,0.03347100919273637,0.03347100919273637,0.0,0.008142496713094733,0.008142496713094733,0.0,0.060072738765151956,0.060072738765151956,0.0,True,True,True,True,True
c3_test1_minus,R12,B,FULL_TASK_AND_FIVE_GATES_PASSED,True,full_27s,13500,True,True,True,,2eaa23f740a5645fc8e268ef0b42ff07ac15fbe1dd555db14ebf66d670165c92,C08,rule_seed_or_descendant,geometry,"[{""initial_position"": 1, ""source"": ""geometry""}, {""coordinate"": 0, ""parent_candidate_id"": ""C01"", ""sign"": 1, ""source"": ""adaptive_poll""}, {""coordinate"": 2, ""parent_candidate_id"": ""C04"", ""sign"": 1, ""source"": ""adaptive_poll""}]",975.5156630999409,975.9717700001784,974.6688663000241,measured_cold_request_total,12,0,162000,162000,199171457,0,16200,0.09950335537985121,0.09950335537985121,0.0,1.213248924225245,1.213248924225245,0.0,0.03126036231964426,0.03126036231964426,0.0,0.008133908676803386,0.008133908676803386,0.0,0.06001458638257173,0.06001458638257173,0.0,True,True,True,True,True
c3_test0_plus,N8,A,FULL_TASK_AND_FIVE_GATES_PASSED,True,full_27s,13500,,True,True,,184afd0e4521b232ea5bbefa178a32cb27d2354f1bbee3dd934a5b7e6b03e4ce,C06,learning_seed_descendant,retrieval,"[{""initial_position"": 1, ""source"": ""retrieval""}, {""coordinate"": 1, ""parent_candidate_id"": ""C01"", ""sign"": 1, ""source"": ""adaptive_poll""}]",656.3407813999802,656.8457897999324,655.3815824999474,measured_cold_request_total,8,0,108000,108000,132693748,0,10800,0.09528023209800476,0.09528023209800476,0.0,1.1055282705096792,1.1055282705096792,0.0,0.02631764364242773,0.02631764364242773,0.0,0.007229573588946326,0.007229573588946326,0.0,0.054887729303257256,0.054887729303257256,0.0,True,True,True,True,True
c3_test0_minus,N8,A,FULL_TASK_AND_FIVE_GATES_PASSED,True,full_27s,13500,,False,True,,9271456db8d7f4abbea08b36e005a8e9a09beaea6690c2896795f33025afe871,C02,rule_seed_or_descendant,geometry,"[{""initial_position"": 2, ""source"": ""geometry""}]",656.6944121997803,657.1830080002546,655.7326373001561,measured_cold_request_total,8,0,108000,108000,132706881,0,10800,0.09356595283489205,0.09356595283489205,0.0,1.1110646980043954,1.1110646980043954,0.0,0.026377160474102393,0.026377160474102393,0.0,0.007229863580849807,0.007229863580849807,0.0,0.05489358078773468,0.05489358078773468,0.0,True,True,True,True,True
c3_test1_plus,N8,A,FULL_TASK_AND_FIVE_GATES_PASSED,True,full_27s,13500,,True,False,E:\v64c3\v6_4\output\search_aware_warmstart_20261008_01\frozen_test\actual\c3_test1_plus\R8_A\slot.json,acb1d9773a1278c8d76155cb038ef5639797eea981a1cbc0d7249bb79b2fd115,C00,rule_seed_or_descendant,zero,"[{""initial_position"": 0, ""source"": ""zero""}]",648.6658193003386,649.1610524002463,647.695555599872,measured_cold_request_total,8,0,108000,108000,132770121,0,10800,0.1007243662557474,0.1007243662557474,0.0,1.2128784162612969,1.2128784162612969,0.0,0.025962543535982298,0.025962543535982298,0.0,0.00813931001108952,0.00813931001108952,0.0,0.06005057514375052,0.06005057514375052,0.0,True,True,True,True,True
c3_test1_minus,N8,A,FULL_TASK_AND_FIVE_GATES_PASSED,True,full_27s,13500,,True,True,,768a277efda2836e14bc3ee227c797421b6026d84dd510c9b5b7c5455e39345c,C04,learning_seed_descendant,retrieval,"[{""initial_position"": 1, ""source"": ""retrieval""}, {""coordinate"": 0, ""parent_candidate_id"": ""C01"", ""sign"": 1, ""source"": ""adaptive_poll""}]",655.8332783994265,656.3231382998638,654.8718846999109,measured_cold_request_total,8,0,108000,108000,132781629,0,10800,0.0997775328354835,0.0997775328354835,0.0,1.2114028235467353,1.2114028235467353,0.0,0.026442905831896138,0.026442905831896138,0.0,0.00813404218063747,0.00813404218063747,0.0,0.06001502428969452,0.06001502428969452,0.0,True,True,True,True,True
c3_test0_plus,N8,B,NO_PLAN,False,NOT_MEASURED,0,,False,False,,,,no_plan,,,656.3407813999802,656.8457897999324,655.3815824999474,measured_cold_request_total,8,0,108000,108000,132693748,0,10800,,,,,,,,,,,,,,,,,,,,
c3_test0_minus,N8,B,FULL_TASK_AND_FIVE_GATES_PASSED,True,full_27s,13500,True,False,True,,a2c90cb244f44a9947ecdd8073c47bc2737d8363700f44c21071793f20b0ddf2,C07,rule_seed_or_descendant,geometry,"[{""initial_position"": 2, ""source"": ""geometry""}, {""coordinate"": 1, ""parent_candidate_id"": ""C02"", ""sign"": 1, ""source"": ""adaptive_poll""}, {""coordinate"": 2, ""parent_candidate_id"": ""C06"", ""sign"": 1, ""source"": ""adaptive_poll""}]",656.6944121997803,657.1830080002546,655.7326373001561,measured_cold_request_total,8,0,108000,108000,132706881,0,10800,0.09318621297899932,0.09318621297899932,0.0,1.1190033406414384,1.1190033406414384,0.0,0.031230355760238346,0.031230355760238346,0.0,0.00722986804376089,0.00722986804376089,0.0,0.05489594473224293,0.05489594473224293,0.0,True,True,True,True,True
c3_test1_plus,N8,B,FULL_TASK_AND_FIVE_GATES_PASSED,True,full_27s,13500,True,True,True,,56a6f5d4389501fe9a4ad348372576a49e20cb398a4ccc3ce7ffc5e74121f061,C03,direct_learning_seed,retrieval,"[{""initial_position"": 3, ""source"": ""retrieval""}]",648.6658193003386,649.1610524002463,647.695555599872,measured_cold_request_total,8,0,108000,108000,132770121,0,10800,0.10247579362351082,0.10247579362351082,0.0,1.2261650104748543,1.2261650104748543,0.0,0.0342780446709894,0.0342780446709894,0.0,0.008134726253788555,0.008134726253788555,0.0,0.06001611696469918,0.06001611696469918,0.0,True,True,True,True,True
c3_test1_minus,N8,B,FULL_TASK_AND_FIVE_GATES_PASSED,True,full_27s,13500,True,False,True,,9d6d161e3eb372d709cd0fdc1b7aa7c835653c5f7c0e452a7c987e2441da32e8,C03,direct_learning_seed,retrieval,"[{""initial_position"": 3, ""source"": ""retrieval""}]",655.8332783994265,656.3231382998638,654.8718846999109,measured_cold_request_total,8,0,108000,108000,132781629,0,10800,0.10017320490112476,0.10017320490112476,0.0,1.2221076803858502,1.2221076803858502,0.0,0.031209543950959887,0.031209543950959887,0.0,0.008137093918718653,0.008137093918718653,0.0,0.06004549477836134,0.06004549477836134,0.0,True,True,True,True,True
c3_test0_plus,S8,A,FULL_TASK_AND_FIVE_GATES_PASSED,True,full_27s,13500,,True,True,,b9d36421e2ab77e1d45cd242b367d37f61ae410cf61b3e02f7cb00c7588c7b2c,C00,rule_seed_or_descendant,zero,"[{""initial_position"": 0, ""source"": ""zero""}]",489.06634919997305,489.68835960002616,487.37279150029644,measured_cold_request_total,8,2,81000,81000,99520463,0,8100,0.09529054374605629,0.09529054374605629,0.0,1.1072201367166823,1.1072201367166823,0.0,0.02587803480345434,0.02587803480345434,0.0,0.00722931365617751,0.00722931365617751,0.0,0.05488604181704886,0.05488604181704886,0.0,True,True,True,True,True
c3_test0_minus,S8,A,FULL_TASK_AND_FIVE_GATES_PASSED,True,full_27s,13500,,False,False,E:\v64c3\v6_4\output\search_aware_warmstart_20261008_01\frozen_test\actual\c3_test0_minus\N8_A\slot.json,9271456db8d7f4abbea08b36e005a8e9a09beaea6690c2896795f33025afe871,C02,rule_seed_or_descendant,geometry,"[{""initial_position"": 2, ""source"": ""geometry""}]",494.82845450006425,495.4293760000728,493.12854890013114,measured_cold_request_total,8,2,81000,81000,99529883,0,8100,0.09356595283489205,0.09356595283489205,0.0,1.1110646980043954,1.1110646980043954,0.0,0.026377160474102393,0.026377160474102393,0.0,0.007229863580849807,0.007229863580849807,0.0,0.05489358078773468,0.05489358078773468,0.0,True,True,True,True,True
c3_test1_plus,S8,A,FULL_TASK_AND_FIVE_GATES_PASSED,True,full_27s,13500,,True,True,,e18105b16bd4d37edb279625e57515b0a456574db1fcf15634bce3f5327118f9,C01,direct_learning_seed,regression,"[{""initial_position"": 1, ""source"": ""regression""}]",562.8261315003037,563.4165008002892,561.1527737998404,measured_cold_request_total,8,1,94500,94500,116173888,0,9450,0.1008171272779607,0.1008171272779607,0.0,1.2116222285908747,1.2116222285908747,0.0,0.02590377810830937,0.02590377810830937,0.0,0.00813713360964182,0.00813713360964182,0.0,0.06003444809525501,0.06003444809525501,0.0,True,True,True,True,True
c3_test1_minus,S8,A,FULL_TASK_AND_FIVE_GATES_PASSED,True,full_27s,13500,,True,True,,dc8016979ce03c2b60c22b12dbfd1291db1d521a2d3362497ab450be3bff7b33,C04,learning_seed_descendant,regression,"[{""initial_position"": 1, ""source"": ""regression""}, {""coordinate"": 0, ""parent_candidate_id"": ""C01"", ""sign"": 1, ""source"": ""adaptive_poll""}]",656.8046644004062,657.4637221000157,655.0516440998763,measured_cold_request_total,8,0,108000,108000,132782072,0,10800,0.09953215807780887,0.09953215807780887,0.0,1.2128377017669836,1.2128377017669836,0.0,0.03027257401680359,0.03027257401680359,0.0,0.008133965480806726,0.008133965480806726,0.0,0.060014964847891414,0.060014964847891414,0.0,True,True,True,True,True
c3_test0_plus,S8,B,NO_PLAN,False,NOT_MEASURED,0,,False,False,,,,no_plan,,,489.06634919997305,489.68835960002616,487.37279150029644,measured_cold_request_total,8,2,81000,81000,99520463,0,8100,,,,,,,,,,,,,,,,,,,,
c3_test0_minus,S8,B,FULL_TASK_AND_FIVE_GATES_PASSED,True,full_27s,13500,True,False,False,E:\v64c3\v6_4\output\search_aware_warmstart_20261008_01\frozen_test\actual\c3_test0_minus\N8_B\slot.json,a2c90cb244f44a9947ecdd8073c47bc2737d8363700f44c21071793f20b0ddf2,C07,rule_seed_or_descendant,geometry,"[{""initial_position"": 2, ""source"": ""geometry""}, {""coordinate"": 1, ""parent_candidate_id"": ""C02"", ""sign"": 1, ""source"": ""adaptive_poll""}, {""coordinate"": 2, ""parent_candidate_id"": ""C06"", ""sign"": 1, ""source"": ""adaptive_poll""}]",494.82845450006425,495.4293760000728,493.12854890013114,measured_cold_request_total,8,2,81000,81000,99529883,0,8100,0.09318621297899932,0.09318621297899932,0.0,1.1190033406414384,1.1190033406414384,0.0,0.031230355760238346,0.031230355760238346,0.0,0.00722986804376089,0.00722986804376089,0.0,0.05489594473224293,0.05489594473224293,0.0,True,True,True,True,True
c3_test1_plus,S8,B,NO_PLAN,False,NOT_MEASURED,0,,False,False,,,,no_plan,,,562.8261315003037,563.4165008002892,561.1527737998404,measured_cold_request_total,8,1,94500,94500,116173888,0,9450,,,,,,,,,,,,,,,,,,,,
c3_test1_minus,S8,B,FULL_TASK_AND_FIVE_GATES_PASSED,True,full_27s,13500,True,True,True,,ae903b7e95120634303d023daa85bbd408acb0d7cdc7c567c30db9f1c2b61e38,C01,direct_learning_seed,regression,"[{""initial_position"": 1, ""source"": ""regression""}]",656.8046644004062,657.4637221000157,655.0516440998763,measured_cold_request_total,8,0,108000,108000,132782072,0,10800,0.10083478050525278,0.10083478050525278,0.0,1.2124597565356068,1.2124597565356068,0.0,0.030273399876974146,0.030273399876974146,0.0,0.008132734157678668,0.008132734157678668,0.0,0.06000637131048978,0.06000637131048978,0.0,True,True,True,True,True
c3_test0_plus,D8,A,FULL_TASK_AND_FIVE_GATES_PASSED,True,full_27s,13500,,True,False,E:\v64c3\v6_4\output\search_aware_warmstart_20261008_01\frozen_test\actual\c3_test0_plus\S8_A\slot.json,b9d36421e2ab77e1d45cd242b367d37f61ae410cf61b3e02f7cb00c7588c7b2c,C00,rule_seed_or_descendant,zero,"[{""initial_position"": 0, ""source"": ""zero""}]",654.9431503000669,655.5661610998213,653.2207308998331,measured_cold_request_total,8,0,108000,108000,132694269,0,10800,0.09529054374605629,0.09529054374605629,0.0,1.1072201367166823,1.1072201367166823,0.0,0.02587803480345434,0.02587803480345434,0.0,0.00722931365617751,0.00722931365617751,0.0,0.05488604181704886,0.05488604181704886,0.0,True,True,True,True,True
c3_test0_minus,D8,A,FULL_TASK_AND_FIVE_GATES_PASSED,True,full_27s,13500,,False,False,E:\v64c3\v6_4\output\search_aware_warmstart_20261008_01\frozen_test\actual\c3_test0_minus\N8_A\slot.json,9271456db8d7f4abbea08b36e005a8e9a09beaea6690c2896795f33025afe871,C02,rule_seed_or_descendant,geometry,"[{""initial_position"": 2, ""source"": ""geometry""}]",648.6115658995695,649.2185364002362,646.9048084998503,measured_cold_request_total,8,0,108000,108000,132707266,0,10800,0.09356595283489205,0.09356595283489205,0.0,1.1110646980043954,1.1110646980043954,0.0,0.026377160474102393,0.026377160474102393,0.0,0.007229863580849807,0.007229863580849807,0.0,0.05489358078773468,0.05489358078773468,0.0,True,True,True,True,True
c3_test1_plus,D8,A,FULL_TASK_AND_FIVE_GATES_PASSED,True,full_27s,13500,,True,True,,e56ac5469cdc4bcdd221ce48cf6645a3243e2a25f1fdd022106fd202a38c7fdc,C01,direct_learning_seed,diffusion,"[{""initial_position"": 1, ""source"": ""diffusion""}]",643.11722979974,643.7240428999066,641.4098470997997,measured_cold_request_total,8,0,108000,108000,132769341,0,10800,0.0994892529277718,0.0994892529277718,0.0,1.2142766142850356,1.2142766142850356,0.0,0.025894587488166317,0.025894587488166317,0.0,0.008139421788841668,0.008139421788841668,0.0,0.060049964373997296,0.060049964373997296,0.0,True,True,True,True,True
c3_test1_minus,D8,A,FULL_TASK_AND_FIVE_GATES_PASSED,True,full_27s,13500,,False,True,,9fa95dfc25d65a1b363b91079d7cb1fb8190552591236587fa03a8c72de693fe,C04,rule_seed_or_descendant,geometry,"[{""initial_position"": 2, ""source"": ""geometry""}, {""coordinate"": 0, ""parent_candidate_id"": ""C02"", ""sign"": 1, ""source"": ""adaptive_poll""}]",576.3536565001123,576.9731022999622,574.6615395001136,measured_cold_request_total,8,1,94500,94500,116182452,0,9450,0.09911608707196451,0.09911608707196451,0.0,1.217610002269078,1.217610002269078,0.0,0.02651200868658947,0.02651200868658947,0.0,0.008139996459831295,0.008139996459831295,0.0,0.060057687196222946,0.060057687196222946,0.0,True,True,True,True,True
c3_test0_plus,D8,B,NO_PLAN,False,NOT_MEASURED,0,,False,False,,,,no_plan,,,654.9431503000669,655.5661610998213,653.2207308998331,measured_cold_request_total,8,0,108000,108000,132694269,0,10800,,,,,,,,,,,,,,,,,,,,
c3_test0_minus,D8,B,FULL_TASK_AND_FIVE_GATES_PASSED,True,full_27s,13500,True,True,True,,3eab50419412f38b5189be28443bd569e824cd634c134aec37027f590383bdcd,C01,direct_learning_seed,diffusion,"[{""initial_position"": 1, ""source"": ""diffusion""}]",648.6115658995695,649.2185364002362,646.9048084998503,measured_cold_request_total,8,0,108000,108000,132707266,0,10800,0.10027202498050479,0.10027202498050479,0.0,1.1111969467343148,1.1111969467343148,0.0,0.0326110577305572,0.0326110577305572,0.0,0.007228162491782385,0.007228162491782385,0.0,0.054879872214616994,0.054879872214616994,0.0,True,True,True,True,True
c3_test1_plus,D8,B,NO_PLAN,False,NOT_MEASURED,0,,False,False,,,,no_plan,,,643.11722979974,643.7240428999066,641.4098470997997,measured_cold_request_total,8,0,108000,108000,132769341,0,10800,,,,,,,,,,,,,,,,,,,,
c3_test1_minus,D8,B,NO_PLAN,False,NOT_MEASURED,0,,False,False,,,,no_plan,,,576.3536565001123,576.9731022999622,574.6615395001136,measured_cold_request_total,8,1,94500,94500,116182452,0,9450,,,,,,,,,,,,,,,,,,,,
