task_id,method,budget,prefix_complete,slots_observed,predicted_full_A,predicted_B30,near_R12_A,near_R12_B,R12_A_reference_available,R12_B_reference_available,actual_execution_for_this_prefix
c3_test0_plus,R,4,True,4,True,True,True,True,True,True,False
c3_test0_plus,R,8,True,8,True,True,True,True,True,True,True
c3_test0_plus,R,12,True,12,True,True,True,True,True,True,True
c3_test0_plus,N,4,True,4,True,False,True,False,True,True,False
c3_test0_plus,N,8,True,8,True,False,True,False,True,True,True
c3_test0_plus,S,4,True,4,True,False,True,False,True,True,False
c3_test0_plus,S,8,True,8,True,False,True,False,True,True,True
c3_test0_plus,D,4,True,4,True,False,True,False,True,True,False
c3_test0_plus,D,8,True,8,True,False,True,False,True,True,True
c3_test0_minus,R,4,True,4,True,True,False,False,True,True,False
c3_test0_minus,R,8,True,8,True,True,True,False,True,True,True
c3_test0_minus,R,12,True,12,True,True,True,True,True,True,True
c3_test0_minus,N,4,True,4,True,False,False,False,True,True,False
c3_test0_minus,N,8,True,8,True,True,False,False,True,True,True
c3_test0_minus,S,4,True,4,True,False,False,False,True,True,False
c3_test0_minus,S,8,True,8,True,True,False,False,True,True,True
c3_test0_minus,D,4,True,4,True,True,False,True,True,True,False
c3_test0_minus,D,8,True,8,True,True,False,True,True,True,True
c3_test1_plus,R,4,True,4,True,True,True,True,True,True,False
c3_test1_plus,R,8,True,8,True,True,True,True,True,True,True
c3_test1_plus,R,12,True,12,True,True,True,True,True,True,True
c3_test1_plus,N,4,True,4,True,True,True,True,True,True,False
c3_test1_plus,N,8,True,8,True,True,True,True,True,True,True
c3_test1_plus,S,4,True,4,True,False,True,False,True,True,False
c3_test1_plus,S,8,True,8,True,False,True,False,True,True,True
c3_test1_plus,D,4,True,4,True,False,True,False,True,True,False
c3_test1_plus,D,8,True,8,True,False,True,False,True,True,True
c3_test1_minus,R,4,True,4,True,True,False,False,True,True,False
c3_test1_minus,R,8,True,8,True,True,True,False,True,True,True
c3_test1_minus,R,12,True,12,True,True,True,True,True,True,True
c3_test1_minus,N,4,True,4,True,True,False,False,True,True,False
c3_test1_minus,N,8,True,8,True,True,True,False,True,True,True
c3_test1_minus,S,4,True,4,True,True,False,True,True,True,False
c3_test1_minus,S,8,True,8,True,True,True,True,True,True,True
c3_test1_minus,D,4,True,4,True,False,False,False,True,True,False
c3_test1_minus,D,8,True,8,True,False,False,False,True,True,True
