stage,task_id,stream,budget_limit,protocol_completed,stream_path,parameter_constructions,consumed_candidate_slots,prediction_rollouts_started,raw_rejected,nominal_status_counts,nominal_failed_rollouts,nominal_positive_step_incomplete_rollouts,legal_exact_cache_hits,end_to_end_cold_planning_s,optimizer_elapsed_s,outer_process_wall_s,outer_process_exit_code,initializer_setup_s,DDIM_samples_generated,regression_forward_units,prediction_physics_steps,private_preview_physics_steps,native_geometry_query_calls,independent_saved_torque_replay_steps,qp_solve_calls
test,c3_test0_plus,R,12,True,E:\v64c3\v6_4\output\search_aware_warmstart_20261008_01\test_search\c3_test0_plus\R,12,12,12,0,"{""PREDICTION_ADMISSIBLE"": 12}",0,0,0,977.7203541998751,976.8754066000693,978.1598196998239,0,,0,0,162000,162000,199040266,0,16200
test,c3_test0_plus,N,8,True,E:\v64c3\v6_4\output\search_aware_warmstart_20261008_01\test_search\c3_test0_plus\N,8,8,8,0,"{""PREDICTION_ADMISSIBLE"": 8}",0,0,0,656.3407813999802,655.3815824999474,656.8457897999324,0,0.15677380003035069,0,0,108000,108000,132693748,0,10800
test,c3_test0_plus,S,8,True,E:\v64c3\v6_4\output\search_aware_warmstart_20261008_01\test_search\c3_test0_plus\S,8,8,6,2,"{""INITIALIZER_RAW_REJECTED"": 2, ""PREDICTION_ADMISSIBLE"": 6}",0,0,0,489.06634919997305,487.37279150029644,489.68835960002616,0,0.9080920000560582,0,2,81000,81000,99520463,0,8100
test,c3_test0_plus,D,8,True,E:\v64c3\v6_4\output\search_aware_warmstart_20261008_01\test_search\c3_test0_plus\D,8,8,8,0,"{""PREDICTION_ADMISSIBLE"": 8}",0,0,0,654.9431503000669,653.2207308998331,655.5661610998213,0,0.9055011002346873,2,0,108000,108000,132694269,0,10800
test,c3_test0_minus,R,12,True,E:\v64c3\v6_4\output\search_aware_warmstart_20261008_01\test_search\c3_test0_minus\R,13,12,12,0,"{""PREDICTION_ADMISSIBLE"": 12}",0,0,1,970.1112549998797,969.267758499831,970.56558100041,0,,0,0,162000,162000,199059983,0,16200
test,c3_test0_minus,N,8,True,E:\v64c3\v6_4\output\search_aware_warmstart_20261008_01\test_search\c3_test0_minus\N,9,8,8,0,"{""PREDICTION_ADMISSIBLE"": 8}",0,0,1,656.6944121997803,655.7326373001561,657.1830080002546,0,0.15593819972127676,0,0,108000,108000,132706881,0,10800
test,c3_test0_minus,S,8,True,E:\v64c3\v6_4\output\search_aware_warmstart_20261008_01\test_search\c3_test0_minus\S,9,8,6,2,"{""INITIALIZER_RAW_REJECTED"": 2, ""PREDICTION_ADMISSIBLE"": 6}",0,0,1,494.82845450006425,493.12854890013114,495.4293760000728,0,0.9010927001945674,0,2,81000,81000,99529883,0,8100
test,c3_test0_minus,D,8,True,E:\v64c3\v6_4\output\search_aware_warmstart_20261008_01\test_search\c3_test0_minus\D,8,8,8,0,"{""PREDICTION_ADMISSIBLE"": 8}",0,0,0,648.6115658995695,646.9048084998503,649.2185364002362,0,0.8919416996650398,2,0,108000,108000,132707266,0,10800
test,c3_test1_plus,R,12,True,E:\v64c3\v6_4\output\search_aware_warmstart_20261008_01\test_search\c3_test1_plus\R,12,12,12,0,"{""PREDICTION_ADMISSIBLE"": 12}",0,0,0,970.8144478001632,969.9430337003432,971.2544509000145,0,,0,0,162000,162000,199155297,0,16200
test,c3_test1_plus,N,8,True,E:\v64c3\v6_4\output\search_aware_warmstart_20261008_01\test_search\c3_test1_plus\N,9,8,8,0,"{""PREDICTION_ADMISSIBLE"": 8}",0,0,1,648.6658193003386,647.695555599872,649.1610524002463,0,0.15656490018591285,0,0,108000,108000,132770121,0,10800
test,c3_test1_plus,S,8,True,E:\v64c3\v6_4\output\search_aware_warmstart_20261008_01\test_search\c3_test1_plus\S,8,8,7,1,"{""INITIALIZER_RAW_REJECTED"": 1, ""PREDICTION_ADMISSIBLE"": 7}",0,0,0,562.8261315003037,561.1527737998404,563.4165008002892,0,0.8807314001023769,0,2,94500,94500,116173888,0,9450
test,c3_test1_plus,D,8,True,E:\v64c3\v6_4\output\search_aware_warmstart_20261008_01\test_search\c3_test1_plus\D,8,8,8,0,"{""PREDICTION_ADMISSIBLE"": 8}",0,0,0,643.11722979974,641.4098470997997,643.7240428999066,0,0.8993727997876704,2,0,108000,108000,132769341,0,10800
test,c3_test1_minus,R,12,True,E:\v64c3\v6_4\output\search_aware_warmstart_20261008_01\test_search\c3_test1_minus\R,13,12,12,0,"{""PREDICTION_ADMISSIBLE"": 12}",0,0,1,975.5156630999409,974.6688663000241,975.9717700001784,0,,0,0,162000,162000,199171457,0,16200
test,c3_test1_minus,N,8,True,E:\v64c3\v6_4\output\search_aware_warmstart_20261008_01\test_search\c3_test1_minus\N,8,8,8,0,"{""PREDICTION_ADMISSIBLE"": 8}",0,0,0,655.8332783994265,654.8718846999109,656.3231382998638,0,0.15616399981081486,0,0,108000,108000,132781629,0,10800
test,c3_test1_minus,S,8,True,E:\v64c3\v6_4\output\search_aware_warmstart_20261008_01\test_search\c3_test1_minus\S,8,8,8,0,"{""PREDICTION_ADMISSIBLE"": 8}",0,0,0,656.8046644004062,655.0516440998763,657.4637221000157,0,0.922023500315845,0,2,108000,108000,132782072,0,10800
test,c3_test1_minus,D,8,True,E:\v64c3\v6_4\output\search_aware_warmstart_20261008_01\test_search\c3_test1_minus\D,8,8,7,1,"{""INITIALIZER_RAW_REJECTED"": 1, ""PREDICTION_ADMISSIBLE"": 7}",0,0,0,576.3536565001123,574.6615395001136,576.9731022999622,0,0.9003618997521698,2,0,94500,94500,116182452,0,9450
teacher,c1_mother_00_plus,T_local,8,True,E:\v64c3\v6_4\output\search_aware_warmstart_20261008_01\teacher_search\c1_mother_00_plus\T_local,9,8,8,0,"{""PREDICTION_ADMISSIBLE"": 8}",0,0,1,643.8832423998974,643.1068998998962,,,,0,0,108000,108000,132907023,0,10800
teacher,c1_mother_00_plus,T_transfer,8,True,E:\v64c3\v6_4\output\search_aware_warmstart_20261008_01\teacher_search\c1_mother_00_plus\T_transfer,8,8,8,0,"{""PREDICTION_ADMISSIBLE"": 8}",0,0,0,642.5100692999549,641.9155064998195,,,,0,0,108000,108000,132907082,0,10800
teacher,c1_mother_00_minus,T_local,8,True,E:\v64c3\v6_4\output\search_aware_warmstart_20261008_01\teacher_search\c1_mother_00_minus\T_local,8,8,8,0,"{""PREDICTION_ADMISSIBLE"": 8}",0,0,0,649.3224013997242,648.7240535002202,,,,0,0,108000,108000,132916052,0,10800
teacher,c1_mother_00_minus,T_transfer,8,True,E:\v64c3\v6_4\output\search_aware_warmstart_20261008_01\teacher_search\c1_mother_00_minus\T_transfer,9,8,8,0,"{""PREDICTION_ADMISSIBLE"": 8}",0,0,1,646.9450920997187,646.3342888997868,,,,0,0,108000,108000,132914212,0,10800
teacher,c1_mother_01_plus,T_local,8,True,E:\v64c3\v6_4\output\search_aware_warmstart_20261008_01\teacher_search\c1_mother_01_plus\T_local,10,8,8,0,"{""PREDICTION_ADMISSIBLE"": 8}",0,0,2,654.2467956002802,653.6333544999361,,,,0,0,108000,108000,132874262,0,10800
teacher,c1_mother_01_plus,T_transfer,8,True,E:\v64c3\v6_4\output\search_aware_warmstart_20261008_01\teacher_search\c1_mother_01_plus\T_transfer,9,8,8,0,"{""PREDICTION_ADMISSIBLE"": 8}",0,0,1,649.3596650999971,648.7575802998617,,,,0,0,108000,108000,132874340,0,10800
teacher,c1_mother_01_minus,T_local,8,True,E:\v64c3\v6_4\output\search_aware_warmstart_20261008_01\teacher_search\c1_mother_01_minus\T_local,9,8,8,0,"{""EXECUTION_REFUSED"": 4, ""PREDICTION_ADMISSIBLE"": 4}",4,4,1,449.79961809981614,449.21925590001047,,,,0,0,75820,75860,68112181,0,7586
teacher,c1_mother_01_minus,T_transfer,8,True,E:\v64c3\v6_4\output\search_aware_warmstart_20261008_01\teacher_search\c1_mother_01_minus\T_transfer,9,8,8,0,"{""EXECUTION_REFUSED"": 3, ""PREDICTION_ADMISSIBLE"": 4, ""PREDICTION_TASK_UNMET"": 1}",4,3,1,495.457004299853,494.86777810007334,,,,0,0,83920,83950,84318471,0,8395
teacher,c2_new_train_plus,T_local,8,True,E:\v64c3\v6_4\output\search_aware_warmstart_20261008_01\teacher_search\c2_new_train_plus\T_local,10,8,8,0,"{""PREDICTION_ADMISSIBLE"": 8}",0,0,2,643.5781266996637,642.9757906999439,,,,0,0,108000,108000,132742393,0,10800
teacher,c2_new_train_plus,T_transfer,8,True,E:\v64c3\v6_4\output\search_aware_warmstart_20261008_01\teacher_search\c2_new_train_plus\T_transfer,8,8,8,0,"{""PREDICTION_ADMISSIBLE"": 8}",0,0,0,640.0175832998939,639.3940503997728,,,,0,0,108000,108000,132742499,0,10800
teacher,c2_new_train_minus,T_local,8,True,E:\v64c3\v6_4\output\search_aware_warmstart_20261008_01\teacher_search\c2_new_train_minus\T_local,8,8,8,0,"{""EXECUTION_REFUSED"": 3, ""PREDICTION_ADMISSIBLE"": 5}",3,3,0,486.5382114998065,485.9526156000793,,,,0,0,82970,83000,84132869,0,8300
teacher,c2_new_train_minus,T_transfer,8,True,E:\v64c3\v6_4\output\search_aware_warmstart_20261008_01\teacher_search\c2_new_train_minus\T_transfer,8,8,8,0,"{""EXECUTION_REFUSED"": 2, ""PREDICTION_ADMISSIBLE"": 5, ""PREDICTION_TASK_UNMET"": 1}",3,2,0,541.8632002999075,541.270528299734,,,,0,0,91340,91360,100350524,0,9136
val,c3_val_plus,R,12,True,E:\v64c3\v6_4\output\search_aware_warmstart_20261008_01\closed_loop_val\search\c3_val_plus\R,12,12,12,0,"{""PREDICTION_ADMISSIBLE"": 12}",0,0,0,967.1657310998999,966.3325244998559,967.579786399845,0,,0,0,162000,162000,198833006,0,16200
val,c3_val_plus,D250,8,True,E:\v64c3\v6_4\output\search_aware_warmstart_20261008_01\closed_loop_val\search\c3_val_plus\D250,8,8,8,0,"{""PREDICTION_ADMISSIBLE"": 8}",0,0,0,659.7471006000414,658.0471449997276,660.3240294000134,0,0.8888218998908997,2,0,108000,108000,132555739,0,10800
val,c3_val_plus,D4000,8,True,E:\v64c3\v6_4\output\search_aware_warmstart_20261008_01\closed_loop_val\search\c3_val_plus\D4000,8,8,8,0,"{""PREDICTION_ADMISSIBLE"": 8}",0,0,0,654.1469477000646,652.4611714999191,654.7446662997827,0,0.8629287998192012,2,0,108000,108000,132555798,0,10800
val,c3_val_plus,S250,8,True,E:\v64c3\v6_4\output\search_aware_warmstart_20261008_01\closed_loop_val\search\c3_val_plus\S250,8,8,8,0,"{""PREDICTION_ADMISSIBLE"": 8}",0,0,0,656.843193099834,655.1696323002689,657.4158783000894,0,0.8646128997206688,0,2,108000,108000,132555616,0,10800
val,c3_val_plus,S4000,8,True,E:\v64c3\v6_4\output\search_aware_warmstart_20261008_01\closed_loop_val\search\c3_val_plus\S4000,8,8,8,0,"{""PREDICTION_ADMISSIBLE"": 8}",0,0,0,657.3623140994459,655.676525699906,657.951900199987,0,0.8569565997458994,0,2,108000,108000,132555589,0,10800
val,c3_val_minus,R,12,True,E:\v64c3\v6_4\output\search_aware_warmstart_20261008_01\closed_loop_val\search\c3_val_minus\R,12,12,12,0,"{""EXECUTION_REFUSED"": 10, ""PREDICTION_ADMISSIBLE"": 1, ""PREDICTION_TASK_UNMET"": 1}",11,10,0,451.75496499985456,450.95646269991994,452.19064179994166,0,,0,0,82610,82710,37232231,0,8271
val,c3_val_minus,D250,8,True,E:\v64c3\v6_4\output\search_aware_warmstart_20261008_01\closed_loop_val\search\c3_val_minus\D250,9,8,8,0,"{""EXECUTION_REFUSED"": 3, ""PREDICTION_ADMISSIBLE"": 5}",3,3,1,509.2023219000548,507.5157940001227,509.7865363000892,0,0.8898783000186086,2,0,83820,83850,84075816,0,8385
val,c3_val_minus,D4000,8,True,E:\v64c3\v6_4\output\search_aware_warmstart_20261008_01\closed_loop_val\search\c3_val_minus\D4000,8,8,8,0,"{""EXECUTION_REFUSED"": 3, ""PREDICTION_ADMISSIBLE"": 5}",3,3,0,499.32295109983534,497.68124209996313,499.9044978003949,0,0.8661338998936117,2,0,84140,84170,84091863,0,8417
val,c3_val_minus,S250,8,True,E:\v64c3\v6_4\output\search_aware_warmstart_20261008_01\closed_loop_val\search\c3_val_minus\S250,8,8,8,0,"{""EXECUTION_REFUSED"": 6, ""PREDICTION_TASK_UNMET"": 2}",8,6,0,341.52549610007554,339.87780290003866,342.1071271998808,0,0.8751580999232829,0,2,61440,61500,35673400,0,6150
val,c3_val_minus,S4000,8,True,E:\v64c3\v6_4\output\search_aware_warmstart_20261008_01\closed_loop_val\search\c3_val_minus\S4000,8,8,8,0,"{""EXECUTION_REFUSED"": 2, ""PREDICTION_ADMISSIBLE"": 6}",2,2,0,549.6967128999531,548.0599270001985,550.2812598003075,0,0.854967899620533,0,2,91910,91930,100235020,0,9193
