time_s,base_translation_m,base_rotation_deg,robot_target_minimum_m,robot_target_censored
0.0,0.0,0.0,0.38597417994660893,False
0.020000000000000004,1.534569504064735e-05,0.007603774049742258,0.38507336342837106,False
0.04000000000000002,5.709046104551319e-05,0.028249350826899437,0.38263172361003256,False
0.06000000000000004,0.0001229522967399806,0.060515114689616505,0.37881112083393537,False
0.08000000000000006,0.0002020269989424415,0.09856593752766564,0.374211287955068,False
0.10000000000000007,0.0002810403559563563,0.13610039838089621,0.36948818039900083,False
0.12000000000000009,0.00035602148998126415,0.17145765790579148,0.3647984888677805,False
0.1400000000000001,0.0004289958566335661,0.20564115035651934,0.36011784098097527,False
0.16000000000000011,0.0005036795228929198,0.24068237967947212,0.35543848041458487,False
0.18000000000000013,0.000581729760255467,0.2775459273157815,0.3507590937883887,False
0.20000000000000015,0.0006623277222761837,0.31578103889608383,0.3460809017450676,False
0.22000000000000017,0.0007444321554164117,0.35479208619950536,0.34140359193491404,False
0.24000000000000019,0.0008269372755342333,0.3939560407514364,0.3367256296745914,False
0.2600000000000002,0.0009087384177989466,0.43266718202052634,0.3320450863309062,False
0.2800000000000002,0.0009891740198482162,0.47057328331727166,0.3273601294408012,False
0.3000000000000002,0.001068154724126418,0.5076323509340361,0.3226706936882603,False
0.32000000000000023,0.0011459413154144289,0.5439841846169208,0.3179762235908247,False
0.34000000000000025,0.0012229621348377258,0.5798503686210124,0.313275318449403,False
0.36000000000000026,0.001299659699035329,0.6154634010892756,0.308567800679901,False
0.3800000000000003,0.0013764919545734854,0.6510712529886387,0.30385364055475045,False
0.4000000000000003,0.0014538693735178176,0.6868760808581781,0.2991342673610288,False
0.4200000000000003,0.0015320245318421195,0.7229839655069459,0.2944113448586583,False
0.44000000000000034,0.001611044772743062,0.7594388867970104,0.28968592897064893,False
0.46000000000000035,0.0016909120265533614,0.7962285291029154,0.28495940861650354,False
0.48000000000000037,0.0017709583040119148,0.8330463722270448,0.28026304084103054,False
0.5000000000000003,0.0018436965363979032,0.8665771824664377,0.2759693121777062,False
0.5200000000000004,0.0019051904728077701,0.8950934785294112,0.27226498680587613,False
0.5400000000000004,0.001957644916922068,0.9195873089827326,0.269023504551111,False
0.5600000000000004,0.002002527939606223,0.9407233334426347,0.2661558582748326,False
0.5800000000000004,0.002040944601718924,0.9590175723318215,0.26359285396196613,False
0.6000000000000004,0.0020738693238388064,0.9749170475736356,0.2612771635972551,False
0.6200000000000004,0.0021021285320172445,0.9887748690622142,0.25916107507336117,False
0.6400000000000005,0.002126465404068623,1.0009062251202037,0.25720115057968346,False
0.6600000000000005,0.0021476291340354957,1.01163513823519,0.25535620587007035,False
0.6800000000000005,0.0021663475317505315,1.0212784811008015,0.25358864820287913,False
0.7000000000000005,0.0021833895506960426,1.0301902552244426,0.2518617849544057,False
0.7200000000000005,0.002199451974206793,1.0386850042850542,0.25014258641402387,False
0.7400000000000005,0.0022151278742259623,1.0470147774046208,0.24840234458283153,False
0.7600000000000006,0.0022309918293821978,1.05542283944405,0.24661415259638503,False
0.7800000000000006,0.002247600977356209,1.0641437081850673,0.24475283826905375,False
0.8000000000000006,0.0022654491903509703,1.073373857016493,0.242795773691223,False
0.8200000000000006,0.0022843444121908108,1.0829974332012497,0.24076296564805244,False
0.8400000000000006,0.0023029489094559576,1.092420547632555,0.23874887086575983,False
0.8600000000000007,0.002320617961673148,1.1013459401663186,0.2367963531361826,False
0.8800000000000007,0.0023386124818080447,1.1103271389346598,0.23482795757371264,False
0.9000000000000007,0.002358450120483811,1.1200546087827163,0.2327585298739531,False
0.9200000000000007,0.0023790050585743338,1.130060171517101,0.2306661167363971,False
0.9400000000000007,0.0024000557447713153,1.1402512709153272,0.22856696267407312,False
0.9600000000000007,0.002423735577300513,1.1515371298535237,0.22633338829609617,False
0.9800000000000008,0.002451178510048665,1.1643972843734667,0.22390468069002364,False
1.0000000000000007,0.0024826434616594876,1.1789398401958662,0.22127608930451023,False
1.0200000000000007,0.002518451713161764,1.1952996739709831,0.2184399031256854,False
1.0400000000000007,0.002558912372824516,1.21360610046901,0.21538984708908038,False
1.0600000000000007,0.002604297974801236,1.2339718455471953,0.21212238126162294,False
1.0800000000000007,0.0026548281120301396,1.2564853138592553,0.2086375699479727,False
1.1000000000000008,0.0027106521927319515,1.281202512306346,0.20493996852773735,False
1.1200000000000008,0.0027664871390063114,1.3055331041468794,0.20128788981067536,False
1.1400000000000008,0.0028213867899189015,1.3288194954375168,0.19764753373089722,False
1.1600000000000008,0.002878021293389093,1.3522080196880166,0.19384515584590153,False
1.1800000000000008,0.002936805928068105,1.375882857171222,0.189888038677922,False
1.2000000000000008,0.002998029389518182,1.3999503159076938,0.18578381889489973,False
1.2200000000000009,0.0030622453841196774,1.4247725268693578,0.18154661391170013,False
1.2400000000000009,0.0031306680436988437,1.4512426624018686,0.17719240282337073,False
1.260000000000001,0.0032044778148245102,1.4803060383135667,0.1727412023162321,False
1.280000000000001,0.003281834297140138,1.5113946432576746,0.16825384657358772,False
1.300000000000001,0.0033606560479357847,1.5436312520341016,0.16377519214816014,False
1.320000000000001,0.0034408645810132202,1.576974628943729,0.15930817250033452,False
1.340000000000001,0.003522548289024463,1.6114518863797815,0.15485292452642974,False
1.360000000000001,0.003605252789526415,1.6467078999301905,0.15041064136808913,False
1.380000000000001,0.0036886600744604203,1.682503798500552,0.14598282512260813,False
1.400000000000001,0.0037728537952582248,1.7189078394892159,0.14157146281871752,False
1.420000000000001,0.003857737898746253,1.7558336953018687,0.13717836471437764,False
1.440000000000001,0.003943025706615691,1.7930531635844937,0.13280482417845177,False
1.460000000000001,0.004028312758723383,1.8302619184175688,0.12845217779686952,False
1.480000000000001,0.004113358366237489,1.8672882620150064,0.12412215403901461,False
1.500000000000001,0.004197899109481145,1.9039388050001054,0.11981943603830726,False
1.5200000000000011,0.004281461736073407,1.9398806787278098,0.11554866900354764,False
1.5400000000000011,0.004363397264848863,1.9746834658450876,0.11131220586086928,False
1.5600000000000012,0.004443379967223817,2.0081512760881943,0.10711264612900165,False
1.5800000000000012,0.004521418961862242,2.040318120377018,0.10295361577707458,False
1.6000000000000012,0.004597469019123673,2.0711786286141933,0.09883878308522932,False
1.6200000000000012,0.004671319762886392,2.1006350198108756,0.09477175884441551,False
1.6400000000000012,0.004744476254202492,2.1295700036303757,0.0907339795479158,False
1.6600000000000013,0.004820683210150355,2.1597374430425424,0.08665160211600376,False
1.6800000000000013,0.004900894796503278,2.1913294148349705,0.08250281882059651,False
1.7000000000000013,0.004983581812224211,2.2234158224464995,0.07832552404866483,False
1.7200000000000013,0.005067616437636513,2.2553446245301774,0.07415537896511075,False
1.7400000000000013,0.005152239222782513,2.2867399103929484,0.07002917994401639,False
1.7600000000000013,0.005236927231714345,2.3174233596244815,0.06597710552643914,False
1.7800000000000014,0.005321676630882028,2.3476141471307064,0.06203060426972085,False
1.8000000000000014,0.005405754234316656,2.377016493504758,0.058240739504239386,False
1.8200000000000014,0.005488560945082921,2.405351482918558,0.05459987702550922,False
1.8400000000000014,0.005570825947108505,2.4330959865130737,0.05102339610864463,False
1.8600000000000014,0.005653155173238887,2.460677012860551,0.04746157351735218,False
1.8800000000000014,0.005730525487867786,2.486336132643971,0.04411668141121962,False
1.9000000000000015,0.0057997462725713385,2.509025197077421,0.04112490351257964,False
1.9200000000000015,0.005861956718483597,2.5292373115385165,0.038441314456138805,False
1.9400000000000015,0.005918159389487221,2.547433018356321,0.03602745390800718,False
1.9600000000000015,0.005969269051228324,2.5640977550425785,0.03385561857952748,False
1.9800000000000015,0.006015871406244526,2.579494101584203,0.03190405110050733,False
2.0000000000000013,0.0060583591085835815,2.5937584284848443,0.030152092670812952,False
2.019999999999999,0.006097098923413805,2.607028150931932,0.028579950556176435,False
2.039999999999997,0.006132439124149169,2.6194377791693677,0.027169415328081377,False
2.0599999999999947,0.006164507321829527,2.630890426787048,0.025904385045991525,False
2.0799999999999925,0.00619341342248324,2.641266693245915,0.02477058294099078,False
2.0999999999999903,0.006219426321784842,2.6506276084040556,0.023754622489997025,False
2.119999999999988,0.006242846131125251,2.659087681809178,0.02284436031221129,False
2.139999999999986,0.0062639440464303505,2.6667495439385367,0.022028794192548187,False
2.1599999999999837,0.006282942213192503,2.6736820197749873,0.021297983156357284,False
2.1799999999999815,0.006300037568170485,2.679943091810401,0.020643099036535443,False
2.1999999999999793,0.006315415589629636,2.6855927450986568,0.020056239933023797,False
2.219999999999977,0.006329251322819577,2.6906931348288277,0.019530385235907926,False
2.239999999999975,0.006341705208804026,2.6953031724649743,0.019059239976997527,False
2.2599999999999727,0.006352919539235629,2.6994737265039923,0.01863711224345217,False
2.2799999999999705,0.0063630221712010805,2.703250454409937,0.018258902169385024,False
2.2999999999999683,0.0063721283300726735,2.706674677869531,0.017920044469394703,False
2.319999999999966,0.006380341629834185,2.709783594751986,0.017616445112547563,False
2.339999999999964,0.006387755070621517,2.712610532792891,0.01734442992322778,False
2.3599999999999617,0.006394452109113604,2.715185340923745,0.0171007099695541,False
2.3799999999999595,0.006400507745306718,2.717534889088947,0.016882342129353304,False
2.3999999999999573,0.006405989100438634,2.7196829597422982,0.01668666403384819,False
2.419999999999955,0.006410956455874805,2.7216510988144296,0.01651132656298227,False
2.439999999999953,0.006415464063654651,2.723458850520081,0.01635423164154933,False
2.4599999999999507,0.006419560526418823,2.725123639231892,0.016213482726162923,False
2.4799999999999485,0.006423289394126611,2.7266610261883018,0.016087378456142457,False
2.4999999999999463,0.0064266896871237565,2.7280848527617545,0.015974388092991194,False
2.519999999999944,0.006429796369899236,2.7294075680055854,0.015873149654005398,False
2.539999999999942,0.0064326408146058375,2.7306403754328086,0.015782446077478397,False
2.5599999999999397,0.006435251141331895,2.7317932147275634,0.01570117479963516,False
2.5799999999999375,0.006437650350464499,2.7328715163728656,0.01562829939336311,False
2.5999999999999353,0.00643986392671073,2.733888014475934,0.01556302031742392,False
2.619999999999933,0.006441911303867558,2.7348483758297593,0.015504521911869481,False
2.639999999999931,0.006443807004349506,2.7357533114872497,0.015452058708740841,False
2.6599999999999286,0.006445573846891855,2.736619417312672,0.015405108263443365,False
2.6799999999999264,0.006447225170559994,2.7374494920210033,0.015363038441441941,False
2.6999999999999242,0.006448768761837936,2.7382397568082535,0.015325296653395227,False
2.719999999999922,0.006450216523792201,2.73899462180346,0.015291473894961863,False
2.73999999999992,0.006451579374569365,2.7397181092455196,0.015261174610333056,False
2.7599999999999176,0.006452866778320468,2.740413665278886,0.015234028385184376,False
2.7799999999999154,0.006454087154361263,2.74108428003001,0.015209703892436728,False
2.7999999999999132,0.006455248202116035,2.7417327194209347,0.015187914484368825,False
2.819999999999911,0.006456356673262834,2.7423613994383134,0.015168392015567356,False
2.839999999999909,0.00645743550229448,2.743004735293494,0.015150935551399772,False
2.8599999999999066,0.006458486738685318,2.743656974217764,0.015135328975423454,False
2.8799999999999044,0.00645950140152908,2.7442936807698213,0.01512132018379705,False
2.899999999999902,0.006460483215536533,2.7449166260444344,0.015108731819525547,False
2.9199999999999,0.006461436164730794,2.745527618936962,0.015097439724163655,False
2.939999999999898,0.006462364120953967,2.746128022133587,0.015087320862111269,False
2.9599999999998956,0.00646327028762126,2.746718956674085,0.015078254848392127,False
2.9799999999998934,0.00646415745837707,2.7473013836865734,0.015070132199673526,False
2.999999999999891,0.006465028124177238,2.7478761482449885,0.0150628546068105,False
3.019999999999889,0.00646588451578003,2.748443999807444,0.015056334028178344,False
3.039999999999887,0.006466728630785162,2.749005604287596,0.01505049163147545,False
3.0599999999998846,0.006467562256753723,2.7495615529922195,0.015045256812676619,False
3.0799999999998824,0.0064683870359628585,2.750112397609071,0.015040570243893523,False
3.09999999999988,0.006469204352009331,2.7506586124839463,0.015036370511382662,False
3.119999999999878,0.006470015492057425,2.7512006087682424,0.015032608087231598,False
3.139999999999876,0.006470821622925859,2.7517387709931533,0.015029239721606635,False
3.1599999999998736,0.006471623773673989,2.7522734562459825,0.015026224849830565,False
3.1799999999998714,0.006472432121010062,2.7528328294882978,0.015023542235984023,False
3.199999999999869,0.006473245049328542,2.7534094964838003,0.015021136380019671,False
3.219999999999867,0.0064740555915021375,2.7539812241123247,0.015018962256829794,False
3.2399999999998648,0.006474865037734712,2.7545492607583864,0.01501701098277298,False
3.2599999999998626,0.006475674056438636,2.7551141833076866,0.015015264597143444,False
3.2799999999998604,0.006476482985154783,2.7556762629890494,0.015013699546130075,False
3.299999999999858,0.006477292164866553,2.7562356379309825,0.015012297500476075,False
3.319999999999856,0.006478101967637149,2.756792413312257,0.01501104290568574,False
3.3399999999998538,0.006478912733507301,2.7573466861168283,0.01500991863074495,False
3.3599999999998515,0.006479724790131486,2.7578985308796673,0.015008913941594941,False
3.3799999999998493,0.006480538400592469,2.758448027370476,0.015008015903278396,False
3.399999999999847,0.0064813537838896715,2.7589952433605114,0.0150072110130341,False
3.419999999999845,0.006482171151574087,2.759540226795463,0.015006489400985961,False
3.4399999999998427,0.006482990693288565,2.7600830184938987,0.015005842422234048,False
3.4599999999998405,0.0064838125727496344,2.7606236532420705,0.015005262333734538,False
3.4799999999998383,0.006484636930243876,2.7611621604981855,0.015004742186843265,False
3.499999999999836,0.00648546389876696,2.7616985664383176,0.015004278081451515,False
3.519999999999834,0.0064862935696776425,2.7622329055526254,0.01500386377534774,False
3.5399999999998317,0.006487124055559876,2.762773908399661,0.015003547382339673,False
3.5599999999998295,0.006487958098550928,2.7633201608631874,0.015003270260358702,False
3.5799999999998273,0.006488797201679566,2.7638647722066803,0.015002989523563394,False
3.599999999999825,0.006489640445172087,2.7644074989750913,0.015002731369008312,False
3.619999999999823,0.006490487082073638,2.764948154394374,0.015002485187119236,False
3.6399999999998207,0.0064913366081975135,2.7654866099626267,0.015002257491193669,False
3.6599999999998185,0.006492189142040371,2.7660228490931695,0.015002055926561862,False
3.6799999999998163,0.0064930446850658165,2.766556897160488,0.015001876704296964,False
3.699999999999814,0.00649390321202294,2.7670887708192073,0.015001715845809564,False
3.719999999999812,0.006494764708303951,2.7676184773377925,0.015001571294025042,False
3.7399999999998097,0.0064956291598268785,2.7681460252349823,0.015001441352837956,False
3.7599999999998075,0.006496496548568386,2.7686714249795727,0.015001324516874422,False
3.7799999999998053,0.006497366852552096,2.7691946889854795,0.015001219436123522,False
3.799999999999803,0.006498240044688405,2.769715839614029,0.01500112331861489,False
3.819999999999801,0.006499116108166949,2.770234889623388,0.015001035548047284,False
3.8399999999997987,0.006499995021449943,2.7707518493436387,0.015000956564520695,False
3.8599999999997965,0.00650087674788448,2.771266738748172,0.015000885530899899,False
3.8799999999997943,0.006501761245384157,2.771779580000669,0.015000821615812107,False
3.899999999999792,0.0065026484698658855,2.7722903972539035,0.015000764082368136,False
3.91999999999979,0.00650353837514909,2.7727992167285342,0.015000712279175401,False
3.9399999999997877,0.006504430911558644,2.7733060768815734,0.015000663966297073,False
3.9599999999997855,0.006505326041012573,2.773811005791203,0.015000619114815504,False
3.9799999999997833,0.006506223721104655,2.774314028003142,0.015000578754964862,False
3.999999999999781,0.006507123894581107,2.7748151787708566,0.01500054252073634,False
4.019999999999779,0.006508026499206006,2.7753144961490843,0.015000509988762553,False
4.039999999999777,0.006508931471316865,2.7758120206737864,0.015000480785507269,False
4.059999999999775,0.006509838745651407,2.7763077953922153,0.015000454585517239,False
4.079999999999773,0.0065107482545008356,2.7768018772564242,0.015000429445522623,False
4.0999999999997705,0.006511659941814759,2.7772943127897873,0.015000405597532242,False
4.119999999999768,0.0065125737469189,2.7777851442161183,0.015000384319738028,False
4.139999999999766,0.006513489594383323,2.7782744248903604,0.015000365473390708,False
4.159999999999764,0.006514407403394502,2.7787622238712175,0.015000347096199847,False
4.179999999999762,0.006515327105866573,2.779248599108371,0.015000329485199809,False
4.1999999999997595,0.006516248629682765,2.7797336034136,0.015000314054024357,False
4.219999999999757,0.006517171887855165,2.7802173012947096,0.015000300738720983,False
4.239999999999755,0.006518096788136481,2.7806997737039243,0.015000287636925607,False
4.259999999999753,0.006519023250885045,2.7811810905559646,0.015000275078868416,False
4.279999999999751,0.006519951192298113,2.7816613161576056,0.015000264525523457,False
4.2999999999997485,0.006520880514109076,2.7821405399629193,0.015000254255305845,False
4.319999999999746,0.006521811126139813,2.7826188409404558,0.015000244613666933,False
4.339999999999744,0.00652274293418099,2.7830963060041753,0.015000235327048903,False
4.359999999999742,0.006523675843789511,2.783573019422193,0.015000226923404495,False
4.37999999999974,0.006524609753617572,2.784049073857278,0.015000219225410467,False
4.3999999999997375,0.006525544560755413,2.7845245595484234,0.015000212786713572,False
4.419999999999735,0.0065264801562680145,2.7849995742296283,0.01500020760623139,False
4.439999999999733,0.0065274164318597444,2.78547422806382,0.015000202640060209,False
4.459999999999731,0.006528353284821718,2.785948625239587,0.01500019832742546,False
4.479999999999729,0.006529290618134149,2.786422885753626,0.015000193838378246,False
4.499999999999726,0.006530228342348219,2.7868971304003685,0.015000189142480658,False
4.519999999999724,0.006531166283854342,2.7873714207815006,0.015000191270681834,False
4.539999999999722,0.006532104443068332,2.787845821989562,0.015000200820052326,False
4.55999999999972,0.006533040750949939,2.7883195589208727,0.0150002122481167,False
4.579999999999718,0.006533974991923515,2.7887925269659632,0.015000223680723996,False
4.599999999999715,0.0065349080532793955,2.789265002335583,0.015000234219686949,False
4.619999999999713,0.006535839611540209,2.7897368011273334,0.015000243803212613,False
4.639999999999711,0.00653676938563922,2.790207765987224,0.015000252570118217,False
4.659999999999709,0.006537697109813061,2.7906777514805543,0.015000260563979552,False
4.679999999999707,0.006538622536740524,2.7911466220660937,0.01500026794745236,False
4.699999999999704,0.006539545426988805,2.791614249141074,0.015000274752118254,False
4.719999999999702,0.006540465554386798,2.792080510943958,0.01500028112594287,False
4.7399999999997,0.006541382698681208,2.7925452913196334,0.015000287064909575,False
4.759999999999698,0.006542296641130272,2.79300847704767,0.015000292434984998,False
4.779999999999696,0.0065432071742750715,2.7934699592088093,0.015000297271798222,False
4.799999999999693,0.006544114100266208,2.7939296337699204,0.01500030161604796,False
4.819999999999691,0.006545017242218097,2.794387404020114,0.015000305859403693,False
4.839999999999689,0.006545916426029257,2.7948431790966084,0.015000309945153587,False
4.859999999999687,0.0065468114779974424,2.795296870242622,0.015000313598631769,False
4.879999999999685,0.006547702249169529,2.7957483936952086,0.015000317303754005,False
4.899999999999682,0.0065485885925061224,2.7961976720258406,0.01500032097542659,False
4.91999999999968,0.00654947036053617,2.79664462994207,0.015000324236473305,False
4.939999999999678,0.006550347418388538,2.7970891942127443,0.015000327091352628,False
4.959999999999676,0.006551219640690173,2.79753129562171,0.015000329569099583,False
4.979999999999674,0.006552086910454939,2.797970868985394,0.015000331694399002,False
4.999999999999671,0.00655294911903808,2.7984078531016223,0.015000333487433362,False
5.019999999999669,0.006553806166170145,2.7988421907063454,0.015000334965649747,False
5.039999999999667,0.006554657989063935,2.799273830901882,0.01500033761051797,False
5.059999999999665,0.0065555045288734366,2.7997027341847476,0.01500034208858756,False
5.079999999999663,0.0065563457210330404,2.8001288665651747,0.01500034805761974,False
5.09999999999966,0.006557181513098612,2.8005521944995913,0.015000355810339658,False
5.119999999999658,0.006558011866056675,2.8009726888710014,0.015000365632428046,False
5.139999999999656,0.006558836721518828,2.801390329339494,0.015000375925223644,False
5.159999999999654,0.00655965605321214,2.8018050898069546,0.015000387189621357,False
5.1799999999996515,0.0065604698302633695,2.8022169508339765,0.015000398993458914,False
5.199999999999649,0.006561278012515911,2.8026258994958333,0.015000409567604558,False
5.219999999999647,0.006562080702263423,2.803031920817929,0.015000422266632469,False
5.239999999999645,0.006562877871529873,2.803435000472181,0.015000437636342893,False
5.259999999999643,0.0065636694230220335,2.803835133911305,0.015000452612199563,False
5.2799999999996405,0.006564455359289986,2.8042323222709293,0.015000465746458342,False
5.299999999999638,0.006565235705718645,2.804626564345203,0.015000476649783661,False
5.319999999999636,0.00656601049382212,2.8050178589700914,0.01500048536844327,False
5.339999999999634,0.006566779758178378,2.805406206839212,0.015000492079933035,False
5.359999999999632,0.006567543536504419,2.805791611301232,0.015000496977261978,False
5.3799999999996295,0.006568301870257575,2.8061740786188945,0.015000500234485974,False
5.399999999999627,0.006569055203593766,2.806553724407434,0.015000497449113288,False
5.419999999999625,0.006569803065125612,2.8069304158826243,0.015000497193904127,False
5.439999999999623,0.006570545675505226,2.8073042283338547,0.01500049524579198,False
5.459999999999621,0.006571283328580184,2.807675240257898,0.0150004896190234,False
5.4799999999996185,0.00657201576537223,2.8080433825192377,0.015000485861190063,False
5.499999999999616,0.006572743047811655,2.8084086921370415,0.015000482021672576,False
5.519999999999614,0.006573465271509033,2.808771207091967,0.015000476954394586,False
5.539999999999612,0.006574182537067923,2.809130962086528,0.015000470263547136,False
5.55999999999961,0.00657489494645118,2.809487990992882,0.015000461924759559,False
5.5799999999996075,0.006575602602591258,2.8098423284882035,0.015000452064685832,False
5.599999999999605,0.006576307641787616,2.8101944102575245,0.015000465010129579,False
5.619999999999603,0.006577013632452656,2.8105451964439285,0.015000503111515571,False
5.639999999999601,0.006577721087248016,2.8108950219596913,0.015000536845607568,False
5.659999999999599,0.006578429045710419,2.811243685125556,0.015000557947642107,False
5.6799999999995965,0.00657913714335857,2.8115910210658632,0.015000575610905802,False
5.699999999999594,0.006579844946637698,2.8119369211051257,0.015000589496971101,False
5.719999999999592,0.0065805521068984995,2.8122813208770743,0.015000596686330745,False
5.73999999999959,0.006581258452167484,2.8126241016563007,0.015000609514150727,False
5.759999999999588,0.00658196366939184,2.8129652497217665,0.015000618999538494,False
5.7799999999995855,0.006582667561055691,2.8133047720703397,0.015000617379400671,False
5.799999999999583,0.006583369984878295,2.813642596985632,0.015000613772499538,False
5.819999999999581,0.0065840686014031384,2.813977837434798,0.01500073532051703,False
5.839999999999579,0.006584766371522006,2.814311648602148,0.015000817365968316,False
5.859999999999577,0.006585462581667317,2.814643927728294,0.015000868985212064,False
5.8799999999995745,0.006586157728278748,2.814974747250736,0.015000894485695238,False
5.899999999999572,0.006586851424970052,2.8153040768319144,0.01500089749659986,False
5.91999999999957,0.00658754179868771,2.815631162033559,0.015000998717145282,False
5.939999999999568,0.006588231774739345,2.8159570454401135,0.015001048155628426,False
5.959999999999566,0.006588922166457148,2.81628240215898,0.015000965321887145,False
5.979999999999563,0.006589609941818303,2.8166060112711664,0.015000921037693977,False
5.999999999999561,0.006590296026351685,2.8169278696874183,0.015000899735386937,False
6.019999999999559,0.006590982229264325,2.8172490164664223,0.015000791651383873,False
6.039999999999557,0.006591666491470739,2.8175687849157,0.01500069049589328,False
6.059999999999555,0.006592348458487686,2.8178868236012464,0.015000645435775778,False
6.079999999999552,0.006593029896143495,2.81820389637797,0.01500057751738019,False
6.09999999999955,0.0065937111068591495,2.8185201985645265,0.015000457347110287,False
6.119999999999548,0.006594390810646686,2.8188351142730994,0.015000350730946363,False
6.139999999999546,0.006595069002638842,2.819148631901398,0.015000276056332022,False
6.159999999999544,0.0065957463462481825,2.8194610939460656,0.01500021060406247,False
6.179999999999541,0.006596422957434501,2.8197725821776047,0.015000151729404056,False
6.199999999999539,0.006597098942853801,2.820083165113047,0.015000098351934749,False
6.219999999999537,0.0065977744258371804,2.820392914184959,0.015000049682538576,False
6.239999999999535,0.006598449538618354,2.8207019023894047,0.015000005110149827,False
6.259999999999533,0.006599124417142388,2.8210102032169933,0.014999964159504657,False
6.27999999999953,0.006599799198567381,2.821317890317402,0.014999926455838457,False
6.299999999999528,0.0066004740199919485,2.8216250373976672,0.014999891697357335,False
6.319999999999526,0.006601149017723474,2.8219317181680514,0.014999859635531737,False
6.339999999999524,0.006601824326821821,2.8222380062941275,0.01499983006149119,False
6.359999999999522,0.006602500080804424,2.822543975332347,0.014999802796701107,False
6.379999999999519,0.006603176411452338,2.822849698679575,0.014999777686494957,False
6.399999999999517,0.00660385344868012,2.8231552495159207,0.014999754595523966,False
6.419999999999515,0.006604531320445753,2.8234607007558585,0.014999733404477893,False
6.439999999999513,0.006605210152685429,2.8237661249967676,0.014999714007635105,False
6.459999999999511,0.006605890069263677,2.8240715944788524,0.014999696310973384,False
6.479999999999508,0.006606571191933082,2.8243771810378417,0.014999680230655493,False
6.499999999999506,0.006607253640300142,2.824682956070086,0.014999665691766185,False
6.519999999999504,0.0066079375158640905,2.8249890451016375,0.014999646303468641,False
6.539999999999502,0.006608623001399378,2.825295484352966,0.01499962719910607,False
6.5599999999995,0.006609310174721876,2.8256023395866494,0.014999608702456207,False
6.579999999999497,0.00660999919023202,2.825909667795449,0.014999592657997987,False
6.599999999999495,0.006610690098010768,2.8262175375555914,0.014999578642304442,False
6.619999999999493,0.006611383055736313,2.826526015247176,0.014999567193013399,False
6.639999999999491,0.006612078100820653,2.826835166771213,0.014999557961729896,False
6.6599999999994886,0.0066127753069429905,2.827145093234259,0.014999546906474152,False
6.679999999999486,0.006613474872633327,2.827455863058727,0.014999535029357719,False
6.699999999999484,0.0066141769020790905,2.8277675273310434,0.014999524211614903,False
6.719999999999482,0.00661488148252255,2.828080141032455,0.014999515556804531,False
6.73999999999948,0.00661558869720809,2.8283937630099,0.014999509545578028,False
6.7599999999994775,0.006616298628162297,2.8287084541804797,0.01499950628880986,False
6.779999999999475,0.006617011356798526,2.8290242761684694,0.01499950570385703,False
6.799999999999473,0.006617726963912096,2.829341290456987,0.014999507620249616,False
6.819999999999471,0.006618445413751134,2.829659505644381,0.014999515192765331,False
6.839999999999469,0.006619166814122523,2.8299789956381805,0.014999527565030405,False
6.8599999999994665,0.006619891195358353,2.8302998035697744,0.014999544678551087,False
6.879999999999464,0.006620619126571248,2.830622086208593,0.01499956231967129,False
6.899999999999462,0.006621350136946228,2.8309457720925213,0.0149995879361719,False
6.91999999999946,0.006622084049203015,2.831270912153004,0.014999618410594663,False
6.939999999999458,0.006622821846568696,2.8315977831698222,0.014999640534908857,False
6.9599999999994555,0.006623563407477037,2.8319263359782525,0.014999661569568211,False
6.979999999999453,0.0066243083221813066,2.8322565068427346,0.014999686695153544,False
6.999999999999451,0.006625056653571273,2.83258837114491,0.014999712514592409,False
7.019999999999449,0.006625808497558977,2.832921995491706,0.01499973739227295,False
7.039999999999447,0.006626563937287219,2.8332574333088862,0.014999760955521033,False
7.0599999999994445,0.006627322953828963,2.833594693905366,0.014999785018747628,False
7.079999999999442,0.006628085643681183,2.8339338368835314,0.014999809120935593,False
7.09999999999944,0.006628852148482912,2.8342749401294993,0.014999831911401973,False
7.119999999999438,0.006629622520975324,2.8346180437310022,0.014999853650763013,False
7.139999999999436,0.0066303968758513795,2.8349631856903836,0.01499987463673275,False
7.1599999999994335,0.006631175192261372,2.835310379989477,0.014999895835077704,False
7.179999999999431,0.006631957416514051,2.8356596504148297,0.014999917167577705,False
7.199999999999429,0.006632743589622883,2.836011040213622,0.014999937784421496,False
7.219999999999427,0.006633533756263177,2.8363645875785717,0.014999957419905565,False
7.239999999999425,0.006634327954338154,2.8367203259175318,0.014999976124559958,False
7.2599999999994225,0.00663512621727808,2.8370782864252586,0.014999994013562258,False
7.27999999999942,0.006635928575929109,2.837438499245337,0.015000011161127591,False
7.299999999999418,0.006636735056277941,2.8378009921460783,0.015000027688486552,False
7.319999999999416,0.006637545681150748,2.838165791403853,0.015000043695384487,False
7.339999999999414,0.006638360471175813,2.8385329222830675,0.015000059218916173,False
7.3599999999994115,0.006639179467176255,2.83890241683945,0.015000072613255363,False
7.379999999999409,0.006640002651701648,2.8392742808825617,0.015000084314678213,False
7.399999999999407,0.006640829998778603,2.8396485170162795,0.015000095729516024,False
7.419999999999405,0.006641661520206763,2.840025144167232,0.015000106906874786,False
7.439999999999403,0.006642497225365291,2.840404179866742,0.015000117853688023,False
7.4599999999994,0.006643337120260848,2.8407856395310107,0.015000128587088326,False
7.479999999999398,0.006644181207474803,2.8411695363962033,0.015000139142515792,False
7.499999999999396,0.006645029487563454,2.841555882221716,0.015000149519847869,False
7.519999999999394,0.006645881958396016,2.841944687000189,0.015000159695935761,False
7.539999999999392,0.006646738614430089,2.8423359584636096,0.015000169665802072,False
7.559999999999389,0.00664759944651492,2.842729701925282,0.01500017945307766,False
7.579999999999387,0.0066484644430065834,2.843125920817344,0.015000189074869497,False
7.599999999999385,0.006649333590649783,2.843524617130434,0.015000198509575569,False
7.619999999999383,0.006650206915477345,2.8439258052784253,0.015000205961823424,False
7.639999999999381,0.006651084357728371,2.844329463379606,0.015000211996753512,False
7.659999999999378,0.0066519658376252185,2.8447355629414646,0.015000218154422472,False
7.679999999999376,0.006652851332815394,2.84514409869205,0.015000224378645451,False
7.699999999999374,0.006653740819849869,2.8455550638226175,0.015000230594320506,False
7.719999999999372,0.0066546342701534434,2.84596844827,0.015000236769086251,False
7.73999999999937,0.006655531650753958,2.846384239132413,0.015000242886295053,False
7.759999999999367,0.006656432925427766,2.846802421079302,0.015000248931067238,False
7.779999999999365,0.006657338054193659,2.847222976075184,0.015000254907773285,False
7.799999999999363,0.006658246993320202,2.847645883527706,0.015000260817690262,False
7.819999999999361,0.006659159695747213,2.8480711204668303,0.015000266644676677,False
7.839999999999359,0.006660076118054008,2.8484986642667667,0.01500027135587115,False
7.859999999999356,0.006660996178824664,2.848928471270103,0.015000274376188148,False
7.879999999999354,0.006661919774336363,2.8493604861572353,0.015000276811370901,False
7.899999999999352,0.006662846828691294,2.8497946676864507,0.015000279397077054,False
7.91999999999935,0.006663777279132286,2.850230980897929,0.015000282109002068,False
7.939999999999348,0.006664711058247749,2.850669387855338,0.015000284898309409,False
7.959999999999345,0.006665648093830863,2.8511098472648544,0.015000287730105819,False
7.979999999999343,0.0066665883091647825,2.851552314615077,0.015000290577866572,False
7.999999999999341,0.0066675316231294265,2.85199674223299,0.015000293418735886,False
8.019999999999348,0.006668477950207288,2.852443079276526,0.015000296231996653,False
8.039999999999354,0.006669427200405698,2.8528912716826933,0.01500029899851559,False
8.059999999999361,0.006670379279132646,2.853341262101469,0.015000301701166842,False
8.079999999999368,0.0066713340871358395,2.8537929898507195,0.015000304323911254,False
8.099999999999374,0.006672291520426029,2.8542463908635254,0.015000306851165364,False
8.119999999999381,0.006673251470145013,2.854701397615139,0.015000309268387408,False
8.139999999999388,0.00667421382245212,2.8551579390500286,0.015000311562134414,False
8.159999999999394,0.00667517845841856,2.8556159405217705,0.015000313719973374,False
8.179999999999401,0.006676145253920373,2.8560753237192222,0.015000315730380976,False
8.199999999999408,0.006677114089088557,2.856536011613192,0.015000318123625818,False
8.219999999999414,0.006678084853560657,2.8569979315544853,0.015000321293882405,False
8.239999999999421,0.006679057433718937,2.8574610093003066,0.01500032455194045,False
8.259999999999428,0.006680031693528211,2.857925157564205,0.015000327319347502,False
8.279999999999434,0.006681007480128941,2.85839027811525,0.015000329560262494,False
8.299999999999441,0.0066819846350576586,2.858856268380002,0.015000331292819047,False
8.319999999999448,0.006682962994224409,2.859323021833909,0.015000332538081617,False
8.339999999999455,0.00668394238755648,2.8597904278687034,0.015000333313115715,False
8.359999999999461,0.0066849226481285684,2.8602583774404406,0.015000334064825729,False
8.379999999999468,0.006685903621628922,2.860726767397541,0.015000334941484698,False
8.399999999999475,0.00668688514977195,2.8611954906249344,0.015000335264977717,False
8.419999999999481,0.006687867066623061,2.861664437853102,0.015000335161039312,False
8.439999999999488,0.006688849187795891,2.8621335033923856,0.015000337117282225,False
8.459999999999495,0.006689831544812113,2.8626026601682337,0.015000333596184435,False
8.479999999999501,0.006690813530721397,2.863071578188599,0.015000326865998665,False
8.499999999999508,0.006691794135037096,2.8635397741529234,0.015000324184427913,False
8.519999999999515,0.006692772615585648,2.8640069077914116,0.0150003241483778,False
8.539999999999521,0.006693748336568919,2.864472686532508,0.015000325152119735,False
8.559999999999528,0.0066947206920894555,2.8649368281822025,0.015000326649398292,False
8.579999999999535,0.006695689053316367,2.8653990409159604,0.015000328547314638,False
8.599999999999541,0.0066966528498856445,2.8658590551966627,0.01500033063952415,False
8.619999999999548,0.006697611530178747,2.8663166105618267,0.015000332658795208,False
8.639999999999555,0.006698564573915598,2.866771459300989,0.015000334560891334,False
8.659999999999561,0.0066995115049255415,2.867223373471417,0.015000336417981578,False
8.679999999999568,0.006700451854831528,2.867672132018443,0.015000338255596123,False
8.699999999999575,0.006701385174887342,2.868117523590571,0.015000340051844079,False
8.719999999999581,0.0067023110365216935,2.8685593462758603,0.015000341776347953,False
8.739999999999588,0.006703229030591591,2.868997407233886,0.015000343401881496,False
8.759999999999595,0.006704138766738303,2.8694315224286795,0.015000344905740242,False
8.779999999999601,0.006705039872910964,2.8698615164402064,0.0150003462689222,False
8.799999999999608,0.006705931994990919,2.870287222309598,0.015000347475321828,False
8.819999999999615,0.006706816343718232,2.870708625091786,0.015000336034832735,False
8.839999999999621,0.006707696578184141,2.8711255855897617,0.015000310109044976,False
8.859999999999628,0.00670857696933196,2.8715378490625683,0.015000282352409496,False
8.879999999999635,0.00670946094207127,2.8719452864389727,0.01500025574368385,False
8.899999999999642,0.006710350981285217,2.872347788178859,0.015000229771931191,False
8.919999999999648,0.006711248847021661,2.872745253130382,0.015000203212865484,False
8.939999999999655,0.0067121556869379284,2.8731375857561563,0.015000174952269404,False
8.959999999999662,0.00671307204364085,2.8735246349206434,0.015000148863037159,False
8.979999999999668,0.006713998015903335,2.8739063271048986,0.015000121913738031,False
8.999999999999675,0.006714933260842894,2.874282580949483,0.015000093108671581,False
9.019999999999682,0.006715877000755343,2.874653272870267,0.015000065606286252,False
9.039999999999688,0.006716828153845232,2.875018347853336,0.015000036713149121,False
9.059999999999695,0.006717785342841076,2.8753777605548683,0.015000004354735402,False
9.079999999999702,0.006718746906448426,2.8757314450674505,0.01499996933023899,False
9.099999999999708,0.006719710896554892,2.8760792837951015,0.014999937140337464,False
9.119999999999715,0.006720675233155522,2.8764212625506556,0.014999903870971892,False
9.139999999999722,0.006721637669496027,2.876757348627458,0.01499986899107589,False
9.159999999999728,0.006722595832245882,2.877087500374412,0.014999834004461865,False
9.179999999999735,0.006723547414703414,2.877411792623636,0.014999792354522078,False
9.199999999999742,0.006724489841226264,2.877730080580648,0.014999759409576386,False
9.219999999999748,0.006725419971093055,2.8780419523936644,0.014999765317430231,False
9.239999999999755,0.006726334985329443,2.8783473094700103,0.014999807679421268,False
9.259999999999762,0.006727232423432451,2.8786462632564156,0.014999866239960894,False
9.279999999999768,0.006728109792213339,2.8789387946529716,0.014999935785745653,False
9.299999999999775,0.006728964666128631,2.8792249289589007,0.015000004025547398,False
9.319999999999782,0.00672979476715084,2.879504651350295,0.015000063786239023,False
9.339999999999788,0.006730598000539882,2.879777847097865,0.015000123933663873,False
9.359999999999795,0.006731372493545556,2.8800445031030053,0.01500018166963449,False
9.379999999999802,0.00673211661043556,2.8803045948774484,0.015000237155636281,False
9.399999999999809,0.006732829012815542,2.880558136412973,0.015000287495588719,False
9.419999999999815,0.006733508685892926,2.880805130514684,0.015000333236540264,False
9.439999999999822,0.00673415497266622,2.8810455708444516,0.01500037918455791,False
9.459999999999829,0.006734767633880628,2.8812795183634807,0.015000424284666532,False
9.479999999999835,0.006735346866820325,2.881507056236615,0.015000467015139513,False
9.499999999999842,0.006735917045116167,2.881740380202528,0.015000532446835432,False
9.519999999999849,0.0067365172788394715,2.88199911372878,0.015000649254500195,False
9.539999999999855,0.006737156790832717,2.8822870044828375,0.015000837193872922,False
9.559999999999862,0.006737842056956133,2.8826021972450078,0.015001105963839008,False
9.579999999999869,0.0067385882441234005,2.8829476594953336,0.015001468173315317,False
9.599999999999875,0.006739402058643988,2.8833253821728864,0.015001931731767495,False
9.619999999999882,0.006740286720931169,2.8837356194079695,0.015002488764304975,False
9.639999999999889,0.006741248483222215,2.88417892599934,0.015003146166986413,False
9.659999999999895,0.006742293569728085,2.884656136573396,0.015003888055945807,False
9.679999999999902,0.006743423384965686,2.885167446218396,0.015004693691498221,False
9.699999999999909,0.006744636798429149,2.8857125863326463,0.015005566105558346,False
9.719999999999915,0.006745945460675481,2.8862947018451623,0.015006491342488019,False
9.739999999999922,0.00674735686096771,2.8869159277535172,0.015007479673432631,False
9.759999999999929,0.00674886933007714,2.887576101560553,0.01500854664148549,False
9.779999999999935,0.00675048596066768,2.888274349556496,0.01500966125661467,False
9.799999999999942,0.006752216858101652,2.8890081225014086,0.015010811618261411,False
9.819999999999949,0.00675401436408101,2.8897621681162136,0.015011966351224487,False
9.839999999999955,0.006755826440382356,2.8905229980345863,0.015012990594892976,False
9.859999999999962,0.006757646046240135,2.891288042879296,0.015013871737713454,False
9.879999999999969,0.006759474368297487,2.892056991088529,0.015014662278249128,False
9.899999999999975,0.006761310689872171,2.892829816098236,0.01501534427957492,False
9.919999999999982,0.006763153922920387,2.893606215521189,0.015015928432710341,False
9.939999999999989,0.006765003214612016,2.8943858755852307,0.01501642928901418,False
9.959999999999996,0.0067668579057493525,2.8951685963261475,0.015016849667347313,False
9.980000000000002,0.006768717572720952,2.895954150729594,0.01501720555435355,False
10.000000000000009,0.006770581886394966,2.8967423944417794,0.01501750337831601,False
10.020000000000016,0.006772450882007737,2.897533494108289,0.015017720831813929,False
10.040000000000022,0.006774324111773251,2.8983269628200197,0.015017902577448504,False
10.060000000000029,0.006776201356819028,2.899122607129486,0.015018064658320215,False
10.080000000000036,0.006778082838865825,2.899920657351038,0.015018182550080151,False
10.100000000000042,0.006779968959869601,2.9007213830428733,0.015018237533933082,False
10.120000000000049,0.0067818594956496215,2.9015244499403154,0.015018264584578504,False
10.140000000000056,0.006783754248467119,2.9023296067464153,0.015018285059059803,False
10.160000000000062,0.006785653488614325,2.903137017132065,0.015018286033330521,False
10.180000000000069,0.006787557428142625,2.903946739046873,0.015018267889212952,False
10.200000000000076,0.006789466416673716,2.9047589133115044,0.015018220017395188,False
10.220000000000082,0.006791380554165313,2.9055734833344156,0.015018155514874332,False
10.240000000000089,0.0067932998848128255,2.906390347059486,0.015018089137218492,False
10.260000000000096,0.006795224783086634,2.9072096621826042,0.015018010855505073,False
10.280000000000102,0.006797155608371617,2.9080315680426865,0.015017915162539376,False
10.300000000000109,0.006799092552975444,2.908856053192421,0.015017809932615634,False
10.320000000000116,0.006801035873491199,2.909683145198006,0.015017699410602112,False
10.340000000000122,0.0068029859061671406,2.9105129366970766,0.015017582153944286,False
10.360000000000129,0.006804943096612287,2.911345568705759,0.015017441789472777,False
10.380000000000136,0.006806907737285248,2.9121811014819863,0.015017285558893,False
10.400000000000142,0.0068088800534808315,2.9130195608900804,0.015017128231799359,False
10.42000000000015,0.006810860410243166,2.913861037351427,0.01501696964549822,False
10.440000000000156,0.006812848885726425,2.914705373665728,0.015016799507255242,False
10.460000000000163,0.006814845493897519,2.915552323040738,0.015016620406876886,False
10.48000000000017,0.006816850455798074,2.916401820420878,0.015016439545581888,False
10.500000000000176,0.006818864094571121,2.9172538755192545,0.015016258088570706,False
10.520000000000183,0.006820886751026086,2.918108510313186,0.015016077656383619,False
10.54000000000019,0.006822917435818472,2.918964554446311,0.01501589625911099,False
10.560000000000196,0.006824947436860971,2.919813835720224,0.015015819296984418,False
10.580000000000203,0.006826971975627887,2.920651590138293,0.015015791636133398,False
10.60000000000021,0.006828991867299482,2.921478431999698,0.01501574823467004,False
10.620000000000216,0.006831006820324564,2.9222940491768465,0.015015721524727351,False
10.640000000000223,0.0068330166482336255,2.9230983054823283,0.015015715239317327,False
10.66000000000023,0.006835021000497475,2.923891038674938,0.01501573847860502,False
10.680000000000236,0.0068370194039753555,2.924671878541088,0.015015795868007293,False
10.700000000000243,0.006839011622559048,2.9254408031556567,0.015015886030021441,False
10.72000000000025,0.006840997463973349,2.926197940017504,0.015016005303295332,False
10.740000000000256,0.00684297674812711,2.92694343445046,0.015016141640935376,False
10.760000000000263,0.0068449494462409525,2.9276775325050264,0.01501628438279437,False
10.78000000000027,0.00684692733534197,2.928410664991072,0.015016259992398058,False
10.800000000000276,0.006848916302893902,2.9291478628742897,0.015016140217553292,False
